Id del contrato de software;Nombre;instanceId;Estado;Fabricante;Centro Actividad / Centro de Costos;Suministrador Responsable;Empresa Propietaria;Fecha de Creación;Fecha de Caducidad;Fecha Modificada;Nombre del producto;Nombre Proveedor;Orden de Compra;Clave__c;Suma Número de Licencias Adquiridas;Filial;Información Adicional / Descripción
002-2017;002-2017-1;ASGADR4FJYMVQAPKRHZXP9UDGM2E00;Historical;Desconocido;Unallocated;CONTROLES EMPRESARIALES LTDA;AGUAS NACIONALES EPM S.A. E.S.P.;2018/12/20 02:18:20 PM;2018/04/18 03:46:00 PM;2026/02/16 05:15:17 AM;Microsoft Office 365 ProPlus;CONTROLES EMPRESARIALES LTDA;72219;;13;EMPRESAS PUBLICAS DE MEDELLIN E.S.P;.
003-2012-AM;003-2012-AM-1;ASGADR4FJYMVQAPKBWDMP9ERR5VFBU;Historical;Desconocido;10416400;TECNO EXPLORER LTDA;AGUAS DE MALAMBO S.A. E.S.P.;2018/12/20 02:43:04 PM;2012/02/12 08:00:00 PM;2026/02/16 05:15:26 AM;Microsoft Office 365 ProPlus;TECNO EXPLORER LTDA;;;25;AGUAS DE MALAMBO S.A. E.S.P.;.
003-2012-AM;003-2012-AM-2;ASGADR4FJYMVQAPKBWDMP9ERR5VFCH;Historical;Desconocido;10416400;TECNOEXPLORER LTDA;AGUAS DE MALAMBO S.A. E.S.P.;2018/12/20 02:43:04 PM;2012/02/12 08:00:00 PM;2026/02/16 05:15:27 AM;Windows 7 Professional;TECNOEXPLORER LTDA;;;33;AGUAS DE MALAMBO S.A. E.S.P.;.
015-710-2017;015-710-2017-1;ASGADR4FJYMVQAPKBUY3P9EQMGVC18;Historical;Desconocido;Unallocated;CONTROLES EMPRESARIALES LTDA;AGUAS NACIONALES EPM S.A. E.S.P.;2018/12/20 02:18:24 PM;2018/12/31 03:49:00 PM;2026/02/16 05:15:21 AM;Microsoft Office 365 ProPlus;CONTROLES EMPRESARIALES LTDA;75542;;11;EMPRESAS PUBLICAS DE MEDELLIN E.S.P;.
0229319;0229319-001;ASGADR4FJYMVQAPKRHZ6P9UDGF2DHL;Executed;Adobe Inc.;01337022;Desconocido;EMPRESAS PUBLICAS DE MEDELLIN E.S.P;2018/12/20 01:39:51 PM;;2019/01/03 03:06:33 PM;IrAnalyser;Desconocido;;;1;EMPRESAS PUBLICAS DE MEDELLIN E.S.P;.
0229319;0229319-002;ASGADR4FJYMVQAPKRHZYP9UDGM2E0M;Executed;Microsoft;01337022;Desconocido;EMPRESAS PUBLICAS DE MEDELLIN E.S.P;2018/12/20 01:39:48 PM;;2019/01/03 03:06:38 PM;IrAnalyser;Desconocido;;;1;EMPRESAS PUBLICAS DE MEDELLIN E.S.P;.
038-2016-AM;038-2016-AM-1;ASGADR4FJYMVQAPKBWDMP9ERR5VFBZ;Historical;Desconocido;10416400;MULTISOFT LTDA.;AGUAS DE MALAMBO S.A. E.S.P.;2018/12/20 02:43:04 PM;2017/12/16 04:22:00 PM;2026/02/16 05:15:27 AM;McAfee Server Security ;MULTISOFT LTDA.;3734;;35;AGUAS DE MALAMBO S.A. E.S.P.;.
044-2016-AM;044-2016-AM-1;ASGADR4FJYMVQAPKBWDKP9ERR3VEWD;Historical;Desconocido;10416400;CONTROLES EMPRESARIALES LTDA;AGUAS DE MALAMBO S.A. E.S.P.;2018/12/20 02:43:08 PM;2018/12/16 12:00:00 AM;2026/02/16 05:15:26 AM;McAfee Server Security ;CONTROLES EMPRESARIALES LTDA;3734;;38;AGUAS DE MALAMBO S.A. E.S.P.;.
044-2016-AM;044-2016-AM-2;ASGADR4FJYMVQAPKBWDKP9ERR3VEVQ;Historical;Desconocido;10416400;CONTROLES EMPRESARIALES LTDA;AGUAS DE MALAMBO S.A. E.S.P.;2018/12/20 02:43:08 PM;2018/12/16 12:00:00 AM;2026/02/16 05:15:25 AM;Microsoft Office 365 E1;CONTROLES EMPRESARIALES LTDA;3734;;38;AGUAS DE MALAMBO S.A. E.S.P.;.
044-2016-AM;044-2016-AM-3;ASGADR4FJYMVQAPKBWDKP9ERR3VEVY;Historical;Desconocido;10416400;CONTROLES EMPRESARIALES LTDA;AGUAS DE MALAMBO S.A. E.S.P.;2018/12/20 02:43:08 PM;2018/12/16 12:00:00 AM;2026/02/16 05:15:26 AM;Microsoft Dynamics CRM Pro;CONTROLES EMPRESARIALES LTDA;3734;;2;AGUAS DE MALAMBO S.A. E.S.P.;.
062070;062070-001;ASGADR4FJYMVQAPKRHYTP9UDF72BLL;Executed;ISEE SYSTEMS;01989080;COMPAÑIA COMERCIAL GOBE LTDA.;EMPRESAS PUBLICAS DE MEDELLIN E.S.P;2018/12/20 01:39:41 PM;2030/12/31 12:00:00 AM;2025/12/22 01:44:42 PM;iThink 9.1;COMPAÑIA COMERCIAL GOBE LTDA.;1517927;;1;EMPRESAS PUBLICAS DE MEDELLIN E.S.P;.
090314392;090314392-001;ASGADR4FJYMVQAPKRHY6P9UDFF2AON;Executed;Adobe Inc.;01337280;ABB POWER T&D;EMPRESAS PUBLICAS DE MEDELLIN E.S.P;2018/12/20 01:39:26 PM;2030/05/02 08:00:00 AM;2026/01/05 04:29:33 PM;WinECP;ABB POWER T&D;;;49;EMPRESAS PUBLICAS DE MEDELLIN E.S.P;.
090316669;090316669-001;ASGADR4FJYMVQAPKRHY7P9UDFG2AS1;Historical;Desconocido;01337383;Desconocido;EMPRESAS PUBLICAS DE MEDELLIN E.S.P;2018/12/20 01:39:26 PM;;2026/02/16 05:15:02 AM;DIgSILENT PowerFactory;Desconocido;;;8;EMPRESAS PUBLICAS DE MEDELLIN E.S.P;.
090316669;090316669-002;ASGADR4FJYMVQAPKRHY6P9UDFE2ANN;Historical;Desconocido;01337010;Desconocido;EMPRESAS PUBLICAS DE MEDELLIN E.S.P;2018/12/20 01:39:26 PM;;2026/02/16 05:15:00 AM;DIgSILENT PowerFactory;Desconocido;;;2;EMPRESAS PUBLICAS DE MEDELLIN E.S.P;.
090418409;090418409-001;ASGADR4FJYMVQAPKRHYTP9UDF82BM7;Historical;Desconocido;01989015;Desconocido;EMPRESAS PUBLICAS DE MEDELLIN E.S.P;2018/12/20 01:39:31 PM;;2026/02/16 05:15:04 AM;Microsoft BizTalk Server 2013 R2 Enterprise Edition;Desconocido;1562320;;4;EMPRESAS PUBLICAS DE MEDELLIN E.S.P;.
090418409;090418409-002;ASGADR4FJYMVQAPKRHZYP9UDGM2E0O;Historical;Desconocido;01980685;Desconocido;EMPRESAS PUBLICAS DE MEDELLIN E.S.P;2018/12/20 01:39:51 PM;;2026/02/16 05:15:13 AM;Expression Studio Ultimate;Desconocido;;;1;EMPRESAS PUBLICAS DE MEDELLIN E.S.P;.
090418409;090418409-003;ASGADR4FJYMVQAPKRHY9P9UDFH2AWR;Historical;Desconocido;01989070;Desconocido;EMPRESAS PUBLICAS DE MEDELLIN E.S.P;2018/12/20 01:39:37 PM;;2026/02/16 05:15:06 AM;Expression Studio Ultimate;Desconocido;;;9;EMPRESAS PUBLICAS DE MEDELLIN E.S.P;.
090422373;090422373-001;ASGADR4FJYMVQAPKRHYXP9UDFL2BY8;Executed;ServiSoft S.A.;01989080;EBC Ingenieria y CIA Ltda.;EMPRESAS PUBLICAS DE MEDELLIN E.S.P;2018/12/20 01:39:39 PM;2030/01/01 08:00:00 AM;2026/01/05 03:17:45 PM;G Design Studio;EBC Ingenieria y CIA Ltda.;;;3;EMPRESAS PUBLICAS DE MEDELLIN E.S.P;.
090814773_;090814773-001;ASGADR4FJYMVQAPKRHYWP9UDFK2BSW;Historical;Computer Associates (CA);01989070;Computer Associates (CA);EMPRESAS PUBLICAS DE MEDELLIN E.S.P;2018/12/20 01:39:37 PM;2030/12/15 12:00:00 AM;2026/02/16 05:15:05 AM;Harvest;Computer Associates (CA);;;15;EMPRESAS PUBLICAS DE MEDELLIN E.S.P;.
090814773_;090814773-002;ASGADR4FJYMVQAPKRHYLP9UDF02BCU;Historical;Computer Associates (CA);01989070;Computer Associates (CA);EMPRESAS PUBLICAS DE MEDELLIN E.S.P;2018/12/20 01:39:39 PM;2030/12/15 12:00:00 AM;2026/02/16 05:15:05 AM;Harvest;Computer Associates (CA);;;8;EMPRESAS PUBLICAS DE MEDELLIN E.S.P;.
090814773_;090814773-003;ASGADR4FJYMVQAPKRHYPP9UDF32B17;Historical;Computer Associates (CA);01980294;Computer Associates (CA);EMPRESAS PUBLICAS DE MEDELLIN E.S.P;2018/12/20 01:39:28 PM;2030/12/15 12:00:00 AM;2026/02/16 05:15:04 AM;Harvest;Computer Associates (CA);;;1;EMPRESAS PUBLICAS DE MEDELLIN E.S.P;.
090814773_;090814773-004;ASGADR4FJYMVQAPKRHYVP9UDFK2BRL;Historical;Computer Associates (CA);01989070;Computer Associates (CA);EMPRESAS PUBLICAS DE MEDELLIN E.S.P;2018/12/20 01:39:37 PM;2030/12/15 12:00:00 AM;2026/02/16 05:15:04 AM;Harvest;Computer Associates (CA);;;1;EMPRESAS PUBLICAS DE MEDELLIN E.S.P;.
0C0445;0C0445-1;ASGADR4FJYMVQAPKRSPAP9UNVO4HAO;Historical;Desconocido;AD-104;Desconocido;FUNDACION EPM;2019/01/03 02:44:21 PM;2016/12/18 08:00:00 AM;2026/02/16 05:15:31 AM;Audisoft auditoria y control interno;Desconocido;0C0445;;2;EMPRESAS PUBLICAS DE MEDELLIN E.S.P;.
1000000.317.10;1000000.317.10-1;ASGADR4FJYMVQAPKBWDLP9ERR3VEXO;Historical;Desconocido;02986200;SOXA LTDA.;CHEC S.A. E.S.P.;2018/12/20 02:43:04 PM;2011/12/20 08:00:00 AM;2026/02/16 05:15:23 AM;XRT Universe;SOXA LTDA.;;;1;CHEC S.A. E.S.P.;.
100000.083.11;100000.083.11-1;ASGADR4FJYMVQAPKBWDMP9ERR4VFAM;Historical;Desconocido;02986400;CIEL INGENIERIA LTDA;CHEC S.A. E.S.P.;2018/12/20 02:43:04 PM;2011/07/23 08:00:00 AM;2026/02/16 05:15:25 AM;Digiturno iT;CIEL INGENIERIA LTDA;;;7;CHEC S.A. E.S.P.;.
100000.134.12;100000.134.12-1;ASGADR4FJYMVQAPKBWDKP9ERR3VEX1;Historical;Desconocido;02986400;UNE  REGIONAL NOROCCIDENTE;CHEC S.A. E.S.P.;2018/12/20 02:43:04 PM;2013/06/28 08:00:00 AM;2026/02/16 05:15:22 AM;CA- Service Desk Manager;UNE  REGIONAL NOROCCIDENTE;;;20;CHEC S.A. E.S.P.;.
100000.253.12;100000.253.12-1;ASGADR4FJYMVQAPKBWDMP9ERR5VFBG;Historical;Desconocido;02986400;CIEL INGENIERIA LTDA;CHEC S.A. E.S.P.;2018/12/20 02:43:04 PM;2012/11/30 08:00:00 AM;2026/02/16 05:15:25 AM;Digiturno iT;CIEL INGENIERIA LTDA;;;35;CHEC S.A. E.S.P.;.
10000330372;10000330372-001;ASGADR4FJYMVQAPKRHYYP9UDFM2CAE;Executed;ServiSoft S.A.;01989080;Hydromantis Environmental Software Solutions. Inc;EMPRESAS PUBLICAS DE MEDELLIN E.S.P;2018/12/20 01:39:39 PM;2030/09/01 12:00:00 AM;2026/01/06 09:24:37 AM;CapdetWorks;Hydromantis Environmental Software Solutions. Inc;;;1;EMPRESAS PUBLICAS DE MEDELLIN E.S.P;.
10000330372;10000330372-002;ASGADR4FJYMVQAPKRHYXP9UDFL2BXN;Executed;Trimble;01989080;PROCALCULO - PROSIS S.A.;EMPRESAS PUBLICAS DE MEDELLIN E.S.P;2018/12/20 01:39:39 PM;2030/08/31 12:00:00 AM;2025/05/12 12:19:01 PM;GPS-X 5.0;PROCALCULO - PROSIS S.A.;;;9;EMPRESAS PUBLICAS DE MEDELLIN E.S.P;.
10000330372;10000330372-003;ASGADR4FJYMVQAPKRHY3P9UDFC2A7Y;Executed;Trimble;01510230;PROCALCULO - PROSIS S.A.;EMPRESAS PUBLICAS DE MEDELLIN E.S.P;2018/12/20 01:39:26 PM;2030/08/31 12:00:00 AM;2025/05/12 12:19:01 PM;GPS-X 5.0;PROCALCULO - PROSIS S.A.;;;9;EMPRESAS PUBLICAS DE MEDELLIN E.S.P;.
120-2016;120-2016-1;ASGADR4FJYMVQAPKRHZ4P9UDGC2DDF;Historical;Desconocido;09416500;CONTROLES EMPRESARIALES LTDA.;AGUAS REGIONALES EPM S.A E.S.P.;2018/12/20 02:18:20 PM;2021/10/10 10:16:00 AM;2026/02/16 05:15:17 AM;Core CAL Bridge Office 365;CONTROLES EMPRESARIALES LTDA.;;;123;EMPRESAS PUBLICAS DE MEDELLIN E.S.P;.
120-2016;120-2016-2;ASGADR4FJYMVQAPKRHZXP9UDGM2EJQ;Historical;Desconocido;09416500;CONTROLES EMPRESARIALES LTDA.;AGUAS REGIONALES EPM S.A E.S.P.;2018/12/20 02:18:20 PM;2021/10/10 10:16:00 AM;2026/02/16 05:15:17 AM;Microsoft Office 365 ProPlus;CONTROLES EMPRESARIALES LTDA.;;;123;EMPRESAS PUBLICAS DE MEDELLIN E.S.P;.
1223300;1223300-001;ASGADR4FJYMVQAPKRHYSP9UDF62B9Q;Executed;Symantec;01989070;Abits Colombia;EMPRESAS PUBLICAS DE MEDELLIN E.S.P;2018/12/20 01:39:37 PM;2030/12/10 12:00:00 AM;2025/12/22 09:40:13 AM;Borland C++ 6.0;Abits Colombia;1138774;;2;EMPRESAS PUBLICAS DE MEDELLIN E.S.P;.
1437693;1437693-001;ASGADR4FJYMVQAPKRHZUP9UDG92EEZ;Executed;ServiSoft S.A.;01312030;Desconocido;EMPRESAS PUBLICAS DE MEDELLIN E.S.P;2018/12/20 01:39:51 PM;;2019/03/28 09:51:49 AM;TEST HARNESS;Desconocido;1222114;;1;EMPRESAS PUBLICAS DE MEDELLIN E.S.P;.
149880;149880-001;ASGADR4FJYMVQAPKRHYLP9UDFJ2BBG;Executed;Adobe Inc.;01411056;Colsein Ltda.;EMPRESAS PUBLICAS DE MEDELLIN E.S.P;2018/12/20 01:39:26 PM;2030/08/11 08:00:00 AM;2026/01/05 02:25:54 PM;Phoenix Contact;Colsein Ltda.;1366775;;11;EMPRESAS PUBLICAS DE MEDELLIN E.S.P;.
1598325;1598325-001;ASGADR4FJYMVQAPKRHYXP9UDFM2BZT;Historical;CERTICAMARA S.A.;01989080;CERTICAMARA S.A.;EMPRESAS PUBLICAS DE MEDELLIN E.S.P;2018/12/20 01:39:39 PM;2010/11/30 08:00:00 AM;2026/02/16 05:15:11 AM;Certificado Digital;CERTICAMARA S.A.;1274286;;2;EMPRESAS PUBLICAS DE MEDELLIN E.S.P;.
1598325;1598325-002;ASGADR4FJYMVQAPKRHY6P9UDFF2AOO;Historical;CERTICAMARA S.A.;01312070;CERTICAMARA S.A.;EMPRESAS PUBLICAS DE MEDELLIN E.S.P;2018/12/20 01:39:26 PM;2010/11/18 12:00:00 AM;2026/02/16 05:15:00 AM;Certificado Digital;CERTICAMARA S.A.;1272336;;3;EMPRESAS PUBLICAS DE MEDELLIN E.S.P;.
1598325;1598325-003;ASGADR4FJYMVQAPKRHY5P9UDFE2ALY;Historical;CERTICAMARA S.A.;01980123;CERTICAMARA S.A.;EMPRESAS PUBLICAS DE MEDELLIN E.S.P;2018/12/20 01:39:28 PM;2010/11/18 12:00:00 AM;2026/02/16 05:15:01 AM;Certificado Digital;CERTICAMARA S.A.;1272336;;3;EMPRESAS PUBLICAS DE MEDELLIN E.S.P;.
1598325;1598325-004;ASGADR4FJYMVQAPKRHY7P9UDFF2APY;Historical;CERTICAMARA S.A.;01337500;CERTICAMARA S.A.;EMPRESAS PUBLICAS DE MEDELLIN E.S.P;2018/12/20 01:39:26 PM;2010/11/30 12:00:00 AM;2026/02/16 05:15:00 AM;Certificado Digital;CERTICAMARA S.A.;1274286;;2;EMPRESAS PUBLICAS DE MEDELLIN E.S.P;.
2006-003_;2006-003-001_;ASGADR4FJYMVQAQPQATAQOR4RAQRF3;Historical;Oracle;Unallocated;ORACLE COLOMBIA LTDA.;EM VARIAS;2021/03/09 04:26:41 PM;2006/12/31 12:00:00 AM;2026/02/16 05:15:37 AM;Oracle Database Standard Edition;ORACLE COLOMBIA LTDA.;;;129;EM VARIAS;.
2006-003_;2006-003-002_;ASGA9TAFB7LH4AQPQAYZQOR4L0V06J;Historical;Oracle;Unallocated;ORACLE COLOMBIA LTDA.;EM VARIAS;2021/03/09 04:29:38 PM;2006/12/31 12:00:00 AM;2026/02/16 05:15:38 AM;Oracle Database Personal Edition;ORACLE COLOMBIA LTDA.;;;2;EM VARIAS;.
2006-003_;2006-003-003_;ASGA9TAFB7LH4AQPQBC4QOR4OOV6I5;Historical;Oracle;Unallocated;ORACLE COLOMBIA LTDA.;EM VARIAS;2021/03/09 04:31:45 PM;2006/12/31 12:00:00 AM;2026/02/16 05:15:38 AM;Oracle Internet Developer Suite;ORACLE COLOMBIA LTDA.;;;3;EM VARIAS;.
2006-103_;2006-103-001_;ASGA9TAFB7LH4AQPQCICQOR5U2XRAU;Historical;ESRI COLOMBIA S.A.S.;Unallocated;ESRI COLOMBIA S.A.S.;EM VARIAS;2021/03/09 04:56:35 PM;2006/12/31 12:00:00 AM;2026/02/16 05:15:38 AM;ArcGIS for Desktop Advance;ESRI COLOMBIA S.A.S.;;;1;EM VARIAS;.
2006-103_;2006-103-002_;ASGA9TAFB7LH4AQPQC7OQOR6DYYHYQ;Historical;ESRI COLOMBIA S.A.S.;Unallocated;ESRI COLOMBIA S.A.S.;EM VARIAS;2021/03/09 05:02:09 PM;2006/12/31 12:00:00 AM;2026/02/16 05:15:38 AM;ArcGIS for Desktop Estándar;ESRI COLOMBIA S.A.S.;;;3;EM VARIAS;.
2010-238;2010-238-1;ASGADR4FJYMVQAPKRHZ5P9UDGE2DG2;Historical;Desconocido;Unallocated;SQL SOFTWARE;EM VARIAS;2018/12/20 02:18:20 PM;2021/12/31 03:54:00 PM;2026/02/16 05:15:17 AM;Toad for Oracle 11.5;SQL SOFTWARE;;;3;EMPRESAS PUBLICAS DE MEDELLIN E.S.P;.
2010-238;2010-238-2;ASGADR4FJYMVQAPKRHZUP9UDG82EDM;Historical;Desconocido;Unallocated;SQL SOFTWARE;EM VARIAS;2018/12/20 02:18:22 PM;2021/12/31 04:00:00 PM;2026/02/16 05:15:18 AM;Toad for Oracle 10.6;SQL SOFTWARE;;;1;EMPRESAS PUBLICAS DE MEDELLIN E.S.P;.
2010-238;2010-238-3;ASGADR4FJYMVQAPKRHZWP9UDGL2EI5;Historical;Desconocido;Unallocated;SQL SOFTWARE;EM VARIAS;2018/12/20 02:18:24 PM;2021/12/31 04:05:00 PM;2026/02/16 05:15:20 AM;Toad Suit con Spotlight;SQL SOFTWARE;;;1;EMPRESAS PUBLICAS DE MEDELLIN E.S.P;.
2013-0384;2013-0384-1;ASGADR4FJYMVQAPKRSPDP9UNVS4HCW;Executed;Desconocido;AD-104;Desconocido;FUNDACION EPM;2019/01/03 02:44:23 PM;;2019/03/27 05:02:19 PM;Microsoft Office 365 ProPlus;Desconocido;;;62;EMPRESAS PUBLICAS DE MEDELLIN E.S.P;.
2013-0616;2013-0616-1;ASGADR4FJYMVQAPKRHZ4P9UDGC2DDO;Historical;Desconocido;Unallocated;Desconocido;FUNDACION EPM;2018/12/20 02:04:15 PM;2018/03/31 05:04:00 PM;2026/02/16 05:15:14 AM;Servicios de Centro de Servicios Compartidos para las UVA;Desconocido;;;1;EMPRESAS PUBLICAS DE MEDELLIN E.S.P;.
2013-1763;2013-1763-1;ASGADR4FJYMVQAPKRHZ8P9UDGH2D23;Executed;Desconocido;PY-105;Desconocido;FUNDACION EPM;2019/01/03 02:44:23 PM;;2019/03/27 05:03:38 PM;Adobe Acrobat XI Pro;Desconocido;;;2;EMPRESAS PUBLICAS DE MEDELLIN E.S.P;.
2013-1763;2013-1763-2;ASGADR4FJYMVQAPKRHZYP9UDGN2E1M;Executed;ADOBE SYSTEMS INCORPORATED;PY-105;Desconocido;FUNDACION EPM;2019/01/03 02:44:27 PM;;2019/03/27 05:03:38 PM;Macromedia Dreamweaver 8;Desconocido;;;1;EMPRESAS PUBLICAS DE MEDELLIN E.S.P;.
2013-1763;2013-1763-3;ASGADR4FJYMVQAPKRHZ4P9UDGD2DDX;Executed;Desconocido;PY-105;Desconocido;FUNDACION EPM;2019/01/03 02:44:21 PM;;2019/03/27 05:03:38 PM;Adobe Creative Suite 6 Master Collection;Desconocido;;;1;EMPRESAS PUBLICAS DE MEDELLIN E.S.P;.
2013-202_;2013-202-001_;ASGA9TAFB7LH4AQPQA2SQOR3ZDUIJV;Historical;Oracle;Unallocated;ORACLE COLOMBIA LTDA.;EM VARIAS;2021/03/09 04:17:15 PM;2015/07/17 12:00:00 AM;2026/02/16 05:15:38 AM;JD Edwards EnterpriseOne;ORACLE COLOMBIA LTDA.;;;140;EM VARIAS;.
2014000449;2014000449-001;ASGADR4FJYMVQAPKRHYUP9UDF92BPK;Executed;Microsoft;01989080;Intergrupo Services;EMPRESAS PUBLICAS DE MEDELLIN E.S.P;2018/12/20 01:39:41 PM;2030/09/09 12:00:00 AM;2026/01/06 07:30:01 AM;Microsoft Dynamics CRM Pro;Intergrupo Services;;;25;EMPRESAS PUBLICAS DE MEDELLIN E.S.P;.
2014-040_;2014-040-1_;ASGADR4FJYMVQAPKRHZQP9UDG52DWM;Historical;Desconocido;Unallocated;HEWLETT PACKARD COLOMBIA LTDA;EM VARIAS;2018/12/20 02:18:20 PM;2020/12/31 12:06:00 PM;2026/02/16 05:15:18 AM;Microsoft Lync Server Standard;HEWLETT PACKARD COLOMBIA LTDA;;;180;EMPRESAS PUBLICAS DE MEDELLIN E.S.P;.
2014-040_;2014-040-2_;ASGADR4FJYMVQAPKRHZEP9UDFS2C3E;Historical;Desconocido;Unallocated;HEWLETT PACKARD COLOMBIA LTDA;EM VARIAS;2018/12/20 02:18:20 PM;2020/12/31 12:15:00 PM;2026/02/16 05:15:16 AM;Microsoft Lync Server Enterprise;HEWLETT PACKARD COLOMBIA LTDA;;;180;EMPRESAS PUBLICAS DE MEDELLIN E.S.P;.
2014-040_;2014-040-4_;ASGADR4FJYMVQAPKRHZTP9UDG82ECM;Historical;Desconocido;Unallocated;HEWLETT PACKARD COLOMBIA LTDA;EM VARIAS;2018/12/20 02:18:20 PM;2020/12/31 11:20:00 AM;2026/02/16 05:15:19 AM;Microsoft Office Professional Plus 2013;HEWLETT PACKARD COLOMBIA LTDA;;;120;EMPRESAS PUBLICAS DE MEDELLIN E.S.P;.
2014-040_;2014-040-5_;ASGADR4FJYMVQAPKRHZ8P9UDGG2D1H;Historical;Desconocido;Unallocated;HEWLETT PACKARD COLOMBIA LTDA;EM VARIAS;2018/12/20 02:18:20 PM;2020/12/31 11:24:00 AM;2026/02/16 05:15:19 AM;Microsoft Office Profesional 97;HEWLETT PACKARD COLOMBIA LTDA;;;5;EMPRESAS PUBLICAS DE MEDELLIN E.S.P;.
2014-0793;2014-0793-1;ASGADR4FJYMVQAPKRSPHP9UNVW4HFA;Historical;Desconocido;AD-104;Desconocido;FUNDACION EPM;2019/01/03 02:44:21 PM;2017/03/26 08:00:00 AM;2026/02/16 05:15:31 AM;Adobe Creative Cloud;Desconocido;;;1;EMPRESAS PUBLICAS DE MEDELLIN E.S.P;.
2014-0793;2014-0793-2;ASGADR4FJYMVQAPKRHZAP9UDFO2CEO;Historical;Desconocido;PY-105;Desconocido;FUNDACION EPM;2019/01/03 02:44:16 PM;2017/03/26 08:00:00 AM;2026/02/16 05:15:30 AM;Adobe Premiere Pro CS6;Desconocido;;;1;EMPRESAS PUBLICAS DE MEDELLIN E.S.P;.
2014-0793;2014-0793-3;ASGADR4FJYMVQAPKRSPMP9UNW04HJ5;Historical;Desconocido;AD-104;Desconocido;FUNDACION EPM;2019/01/03 02:44:28 PM;2017/02/16 08:00:00 AM;2026/02/16 05:15:33 AM;Adobe Illustrator CC;Desconocido;;;1;EMPRESAS PUBLICAS DE MEDELLIN E.S.P;.
2014-0793;2014-0793-4;ASGADR4FJYMVQAPKRSP3P9UNWB4HIH;Historical;Desconocido;AD-104;Desconocido;FUNDACION EPM;2019/01/03 02:44:27 PM;2017/02/16 08:00:00 AM;2026/02/16 05:15:33 AM;Adobe Photoshop CC;Desconocido;;;1;EMPRESAS PUBLICAS DE MEDELLIN E.S.P;.
2014-0914;2014-0914-1;ASGADR4FJYMVQAPKRSPJP9UNVY4HHJ;Historical;Desconocido;AD-104;Desconocido;FUNDACION EPM;2019/01/03 02:44:28 PM;2016/12/31 08:00:00 AM;2026/02/16 05:15:32 AM;Novasoft Enterprise;Desconocido;;;35;EMPRESAS PUBLICAS DE MEDELLIN E.S.P;.
2014-114;2014-114-1;ASGADR4FJYMVQAPKRHZDP9UDFS2C1S;Historical;Desconocido;Unallocated;COMPUFACIL S.A.;EM VARIAS;2018/12/20 02:35:10 PM;2021/12/31 02:30:00 PM;2026/02/16 05:15:22 AM;Citrix XenApp;COMPUFACIL S.A.;;;110;EMPRESAS PUBLICAS DE MEDELLIN E.S.P;.
2014-1484;2014-1484-1;ASGADR4FJYMVQAPKRSP2P9UNWA4HHX;Historical;Desconocido;AD-104;Desconocido;FUNDACION EPM;2019/01/03 02:44:21 PM;2015/12/22 08:00:00 AM;2026/02/16 05:15:31 AM;Microsoft Office 365 ProPlus;Desconocido;;;38;EMPRESAS PUBLICAS DE MEDELLIN E.S.P;.
2014-1484;2014-1484-10;ASGADR4FJYMVQAPKRSPCP9UNVR4HBP;Historical;Desconocido;AD-104;Desconocido;FUNDACION EPM;2019/01/03 02:44:23 PM;2015/12/22 08:00:00 AM;2026/02/16 05:15:31 AM;Microsoft Office 365 ProPlus;Desconocido;;;1;EMPRESAS PUBLICAS DE MEDELLIN E.S.P;.
2014-1484;2014-1484-100;ASGADR4FJYMVQAPKRHZYP9UDGM2E07;Historical;Desconocido;Unallocated;Desconocido;FUNDACION EPM;2018/12/20 02:18:24 PM;2015/12/22 08:00:00 AM;2026/02/16 05:15:21 AM;Microsoft Office 365 ProPlus;Desconocido;;;1;EMPRESAS PUBLICAS DE MEDELLIN E.S.P;.
2014-1484;2014-1484-101;ASGADR4FJYMVQAPKRHZXP9UDGM2E0D;Historical;Desconocido;Unallocated;Desconocido;FUNDACION EPM;2018/12/20 02:04:16 PM;2015/12/22 08:00:00 AM;2026/02/16 05:15:15 AM;Microsoft Office 365 ProPlus;Desconocido;;;1;EMPRESAS PUBLICAS DE MEDELLIN E.S.P;.
2014-1484;2014-1484-102;ASGADR4FJYMVQAPKRHZSP9UDG72EAZ;Historical;Desconocido;Unallocated;Desconocido;FUNDACION EPM;2018/12/20 02:18:20 PM;2015/12/22 08:00:00 AM;2026/02/16 05:15:18 AM;Microsoft Office 365 ProPlus;Desconocido;;;1;EMPRESAS PUBLICAS DE MEDELLIN E.S.P;.
2014-1484;2014-1484-103;ASGADR4FJYMVQAPKRHZYP9UDGM2E02;Historical;Desconocido;Unallocated;Desconocido;FUNDACION EPM;2018/12/20 02:18:24 PM;2015/12/22 08:00:00 AM;2026/02/16 05:15:20 AM;Microsoft Office 365 ProPlus;Desconocido;;;1;EMPRESAS PUBLICAS DE MEDELLIN E.S.P;.
2014-1484;2014-1484-104;ASGADR4FJYMVQAPKRHZ6P9UDGE2DH7;Historical;Desconocido;Unallocated;Desconocido;FUNDACION EPM;2018/12/20 02:18:20 PM;2015/12/22 08:00:00 AM;2026/02/16 05:15:18 AM;Microsoft Office 365 ProPlus;Desconocido;;;1;EMPRESAS PUBLICAS DE MEDELLIN E.S.P;.
2014-1484;2014-1484-105;ASGADR4FJYMVQAPKRHZ8P9UDGH2D1W;Historical;Desconocido;Unallocated;Desconocido;FUNDACION EPM;2018/12/20 02:18:22 PM;2015/12/22 08:00:00 AM;2026/02/16 05:15:17 AM;Microsoft Office 365 ProPlus;Desconocido;;;1;EMPRESAS PUBLICAS DE MEDELLIN E.S.P;.
2014-1484;2014-1484-106;ASGADR4FJYMVQAPKRHZWP9UDGL2EHQ;Historical;Desconocido;Unallocated;Desconocido;FUNDACION EPM;2018/12/20 02:18:22 PM;2015/12/22 08:00:00 AM;2026/02/16 05:15:20 AM;Microsoft Office 365 ProPlus;Desconocido;;;1;EMPRESAS PUBLICAS DE MEDELLIN E.S.P;.
2014-1484;2014-1484-107;ASGADR4FJYMVQAPKRHZRP9UDG52DXI;Historical;Desconocido;Unallocated;Desconocido;FUNDACION EPM;2018/12/20 02:04:16 PM;2015/12/22 08:00:00 AM;2026/02/16 05:15:15 AM;Microsoft Office 365 ProPlus;Desconocido;;;1;EMPRESAS PUBLICAS DE MEDELLIN E.S.P;.
2014-1484;2014-1484-108;ASGADR4FJYMVQAPKRHZ2P9UDGB2DA0;Historical;Desconocido;Unallocated;Desconocido;FUNDACION EPM;2018/12/20 02:18:22 PM;2015/12/22 08:00:00 AM;2026/02/16 05:15:18 AM;Microsoft Office 365 ProPlus;Desconocido;;;1;EMPRESAS PUBLICAS DE MEDELLIN E.S.P;.
2014-1484;2014-1484-109;ASGADR4FJYMVQAPKRHZ4P9UDGD2DEC;Historical;Desconocido;Unallocated;Desconocido;FUNDACION EPM;2018/12/20 02:18:20 PM;2015/12/22 08:00:00 AM;2026/02/16 05:15:17 AM;Microsoft Office 365 ProPlus;Desconocido;;;1;EMPRESAS PUBLICAS DE MEDELLIN E.S.P;.
2014-1484;2014-1484-11;ASGADR4FJYMVQAPKRSPBP9UNVQ4HAX;Historical;Desconocido;AD-104;Desconocido;FUNDACION EPM;2019/01/03 02:44:23 PM;2015/12/22 08:00:00 AM;2026/02/16 05:15:31 AM;Microsoft Office 365 ProPlus;Desconocido;;;1;EMPRESAS PUBLICAS DE MEDELLIN E.S.P;.
2014-1484;2014-1484-110;ASGADR4FJYMVQAPKRHZVP9UDGK2EGE;Historical;Desconocido;Unallocated;Desconocido;FUNDACION EPM;2018/12/20 02:04:15 PM;2015/12/22 08:00:00 AM;2026/02/16 05:15:15 AM;Microsoft Office 365 ProPlus;Desconocido;;;1;EMPRESAS PUBLICAS DE MEDELLIN E.S.P;.
2014-1484;2014-1484-111;ASGADR4FJYMVQAPKRHZWP9UDGL2EHO;Historical;Desconocido;Unallocated;Desconocido;FUNDACION EPM;2018/12/20 02:04:15 PM;2015/12/22 08:00:00 AM;2026/02/16 05:15:15 AM;Microsoft Office 365 ProPlus;Desconocido;;;1;EMPRESAS PUBLICAS DE MEDELLIN E.S.P;.
2014-1484;2014-1484-112;ASGADR4FJYMVQAPKRHZVP9UDGK2EG6;Historical;Desconocido;Unallocated;Desconocido;FUNDACION EPM;2018/12/20 02:04:15 PM;2015/12/22 08:00:00 AM;2026/02/16 05:15:15 AM;Microsoft Office 365 ProPlus;Desconocido;;;1;EMPRESAS PUBLICAS DE MEDELLIN E.S.P;.
2014-1484;2014-1484-113;ASGADR4FJYMVQAPKRHZWP9UDGK2EHD;Historical;Desconocido;Unallocated;Desconocido;FUNDACION EPM;2018/12/20 02:18:20 PM;2015/12/22 08:00:00 AM;2026/02/16 05:15:16 AM;Microsoft Office 365 ProPlus;Desconocido;;;1;EMPRESAS PUBLICAS DE MEDELLIN E.S.P;.
2014-1484;2014-1484-114;ASGADR4FJYMVQAPKRHZ9P9UDGH2D2R;Historical;Desconocido;Unallocated;Desconocido;FUNDACION EPM;2018/12/20 02:18:20 PM;2015/12/22 08:00:00 AM;2026/02/16 05:15:17 AM;Microsoft Office 365 ProPlus;Desconocido;;;1;EMPRESAS PUBLICAS DE MEDELLIN E.S.P;.
2014-1484;2014-1484-115;ASGADR4FJYMVQAPKRHZYP9UDGN2E1J;Historical;Desconocido;Unallocated;Desconocido;FUNDACION EPM;2018/12/20 02:04:16 PM;2015/12/22 08:00:00 AM;2026/02/16 05:15:14 AM;Microsoft Office 365 ProPlus;Desconocido;;;1;EMPRESAS PUBLICAS DE MEDELLIN E.S.P;.
2014-1484;2014-1484-116;ASGADR4FJYMVQAPKRHZ4P9UDGD2DEK;Historical;Desconocido;Unallocated;Desconocido;FUNDACION EPM;2018/12/20 02:18:22 PM;2015/12/22 08:00:00 AM;2026/02/16 05:15:19 AM;Microsoft Office 365 ProPlus;Desconocido;;;1;EMPRESAS PUBLICAS DE MEDELLIN E.S.P;.
2014-1484;2014-1484-117;ASGADR4FJYMVQAPKRHZTP9UDG82EC9;Historical;Desconocido;Unallocated;Desconocido;FUNDACION EPM;2018/12/20 02:18:22 PM;2015/12/22 08:00:00 AM;2026/02/16 05:15:17 AM;Microsoft Office 365 ProPlus;Desconocido;;;1;EMPRESAS PUBLICAS DE MEDELLIN E.S.P;.
2014-1484;2014-1484-118;ASGADR4FJYMVQAPKRHZ5P9UDGE2DFS;Historical;Desconocido;Unallocated;Desconocido;FUNDACION EPM;2018/12/20 02:18:20 PM;2015/12/22 08:00:00 AM;2026/02/16 05:15:18 AM;Microsoft Office 365 ProPlus;Desconocido;;;1;EMPRESAS PUBLICAS DE MEDELLIN E.S.P;.
2014-1484;2014-1484-12;ASGADR4FJYMVQAPKRSOYP9UNVM4GYO;Historical;Desconocido;AD-104;Desconocido;FUNDACION EPM;2019/01/03 02:44:21 PM;2015/12/22 08:00:00 AM;2026/02/16 05:15:30 AM;Microsoft Office 365 ProPlus;Desconocido;;;1;EMPRESAS PUBLICAS DE MEDELLIN E.S.P;.
2014-1484;2014-1484-13;ASGADR4FJYMVQAPKRSPBP9UNVP4HAU;Historical;Desconocido;AD-104;Desconocido;FUNDACION EPM;2019/01/03 02:44:23 PM;2015/12/22 08:00:00 AM;2026/02/16 05:15:31 AM;Microsoft Office 365 ProPlus;Desconocido;;;1;EMPRESAS PUBLICAS DE MEDELLIN E.S.P;.
2014-1484;2014-1484-14;ASGADR4FJYMVQAPKRSPGP9UNVU4HDP;Historical;Desconocido;AD-104;Desconocido;FUNDACION EPM;2019/01/03 02:44:21 PM;2015/12/22 08:00:00 AM;2026/02/16 05:15:31 AM;Microsoft Office 365 ProPlus;Desconocido;;;1;EMPRESAS PUBLICAS DE MEDELLIN E.S.P;.
2014-1484;2014-1484-15;ASGADR4FJYMVQAPKRSPJP9UNVY4HH0;Historical;Desconocido;AD-104;Desconocido;FUNDACION EPM;2019/01/03 02:44:28 PM;2015/12/22 08:00:00 AM;2026/02/16 05:15:32 AM;Microsoft Office 365 ProPlus;Desconocido;;;1;EMPRESAS PUBLICAS DE MEDELLIN E.S.P;.
2014-1484;2014-1484-16;ASGADR4FJYMVQAPKRSOWP9UNVL4GW9;Historical;Desconocido;AD-104;Desconocido;FUNDACION EPM;2019/01/03 02:44:16 PM;2015/12/22 08:00:00 AM;2026/02/16 05:15:30 AM;Microsoft Office 365 ProPlus;Desconocido;;;1;EMPRESAS PUBLICAS DE MEDELLIN E.S.P;.
2014-1484;2014-1484-17;ASGADR4FJYMVQAPKRSPIP9UNVW4HF7;Historical;Desconocido;AD-104;Desconocido;FUNDACION EPM;2019/01/03 02:44:28 PM;2015/12/22 08:00:00 AM;2026/02/16 05:15:32 AM;Microsoft Office 365 ProPlus;Desconocido;;;1;EMPRESAS PUBLICAS DE MEDELLIN E.S.P;.
2014-1484;2014-1484-18;ASGADR4FJYMVQAPKRSOVP9UNV94GW7;Historical;Desconocido;AD-104;Desconocido;FUNDACION EPM;2019/01/03 02:44:16 PM;2015/12/22 08:00:00 AM;2026/02/16 05:15:30 AM;Microsoft Office 365 ProPlus;Desconocido;;;1;EMPRESAS PUBLICAS DE MEDELLIN E.S.P;.
2014-1484;2014-1484-19;ASGADR4FJYMVQAPKRSOZP9UNVO4GYS;Historical;Desconocido;AD-104;Desconocido;FUNDACION EPM;2019/01/03 02:44:21 PM;2015/12/22 08:00:00 AM;2026/02/16 05:15:31 AM;Microsoft Office 365 ProPlus;Desconocido;;;1;EMPRESAS PUBLICAS DE MEDELLIN E.S.P;.
2014-1484;2014-1484-2;ASGADR4FJYMVQAPKRSP0P9UNVY4HH4;Historical;Desconocido;AD-104;Desconocido;FUNDACION EPM;2019/01/03 02:44:28 PM;2015/12/22 08:00:00 AM;2026/02/16 05:15:32 AM;Microsoft Office 365 ProPlus;Desconocido;;;26;EMPRESAS PUBLICAS DE MEDELLIN E.S.P;.
2014-1484;2014-1484-20;ASGADR4FJYMVQAPKRSPCP9UNVR4HBO;Historical;Desconocido;AD-104;Desconocido;FUNDACION EPM;2019/01/03 02:44:21 PM;2015/12/22 08:00:00 AM;2026/02/16 05:15:31 AM;Microsoft Office 365 ProPlus;Desconocido;;;1;EMPRESAS PUBLICAS DE MEDELLIN E.S.P;.
2014-1484;2014-1484-21;ASGADR4FJYMVQAPKRSP7P9UNWG4HJH;Historical;Desconocido;AD-104;Desconocido;FUNDACION EPM;2019/01/03 02:44:28 PM;2015/12/22 08:00:00 AM;2026/02/16 05:15:32 AM;Microsoft Office 365 ProPlus;Desconocido;;;1;EMPRESAS PUBLICAS DE MEDELLIN E.S.P;.
2014-1484;2014-1484-22;ASGADR4FJYMVQAPKRSP3P9UNWC4HIJ;Historical;Desconocido;AD-104;Desconocido;FUNDACION EPM;2019/01/03 02:44:27 PM;2015/12/22 08:00:00 AM;2026/02/16 05:15:33 AM;Microsoft Office 365 ProPlus;Desconocido;;;1;EMPRESAS PUBLICAS DE MEDELLIN E.S.P;.
2014-1484;2014-1484-23;ASGADR4FJYMVQAPKRSP1P9UNWA4HHV;Historical;Desconocido;AD-104;Desconocido;FUNDACION EPM;2019/01/03 02:44:27 PM;2015/12/22 08:00:00 AM;2026/02/16 05:15:32 AM;Microsoft Office 365 ProPlus;Desconocido;;;1;EMPRESAS PUBLICAS DE MEDELLIN E.S.P;.
2014-1484;2014-1484-24;ASGADR4FJYMVQAPKRSPIP9UNVX4HGX;Historical;Desconocido;AD-104;Desconocido;FUNDACION EPM;2019/01/03 02:44:28 PM;2015/12/22 08:00:00 AM;2026/02/16 05:15:32 AM;Microsoft Office 365 ProPlus;Desconocido;;;1;EMPRESAS PUBLICAS DE MEDELLIN E.S.P;.
2014-1484;2014-1484-25;ASGADR4FJYMVQAPKRSPCP9UNVQ4HB6;Historical;Desconocido;AD-104;Desconocido;FUNDACION EPM;2019/01/03 02:44:21 PM;2015/12/22 08:00:00 AM;2026/02/16 05:15:31 AM;Microsoft Office 365 ProPlus;Desconocido;;;1;EMPRESAS PUBLICAS DE MEDELLIN E.S.P;.
2014-1484;2014-1484-26;ASGADR4FJYMVQAPKRSP4P9UNWC4HI0;Historical;Desconocido;AD-104;Desconocido;FUNDACION EPM;2019/01/03 02:44:21 PM;2015/12/22 08:00:00 AM;2026/02/16 05:15:32 AM;Microsoft Office 365 ProPlus;Desconocido;;;1;EMPRESAS PUBLICAS DE MEDELLIN E.S.P;.
2014-1484;2014-1484-27;ASGADR4FJYMVQAPKRSPGP9UNVU4HDN;Historical;Desconocido;AD-104;Desconocido;FUNDACION EPM;2019/01/03 02:44:21 PM;2015/12/22 08:00:00 AM;2026/02/16 05:15:31 AM;Microsoft Office 365 ProPlus;Desconocido;;;1;EMPRESAS PUBLICAS DE MEDELLIN E.S.P;.
2014-1484;2014-1484-28;ASGADR4FJYMVQAPKRSPKP9UNWJ4HJ1;Historical;Desconocido;AD-104;Desconocido;FUNDACION EPM;2019/01/03 02:44:28 PM;2015/12/22 08:00:00 AM;2026/02/16 05:15:33 AM;Microsoft Office 365 ProPlus;Desconocido;;;1;EMPRESAS PUBLICAS DE MEDELLIN E.S.P;.
2014-1484;2014-1484-29;ASGADR4FJYMVQAPKRSPFP9UNVU4HDL;Historical;Desconocido;AD-104;Desconocido;FUNDACION EPM;2019/01/03 02:44:23 PM;2015/12/22 08:00:00 AM;2026/02/16 05:15:31 AM;Microsoft Office 365 ProPlus;Desconocido;;;1;EMPRESAS PUBLICAS DE MEDELLIN E.S.P;.
2014-1484;2014-1484-3;ASGADR4FJYMVQAPKRSPGP9UNVV4HDQ;Historical;Desconocido;AD-104;Desconocido;FUNDACION EPM;2019/01/03 02:44:23 PM;2015/12/22 08:00:00 AM;2026/02/16 05:15:32 AM;Microsoft Office 365 ProPlus;Desconocido;;;30;EMPRESAS PUBLICAS DE MEDELLIN E.S.P;.
2014-1484;2014-1484-30;ASGADR4FJYMVQAPKRSP0P9UNVY4HH2;Historical;Desconocido;AD-104;Desconocido;FUNDACION EPM;2019/01/03 02:44:28 PM;2015/12/22 08:00:00 AM;2026/02/16 05:15:32 AM;Microsoft Office 365 ProPlus;Desconocido;;;1;EMPRESAS PUBLICAS DE MEDELLIN E.S.P;.
2014-1484;2014-1484-31;ASGADR4FJYMVQAPKRSPMP9UNW04HJ4;Historical;Desconocido;AD-104;Desconocido;FUNDACION EPM;2019/01/03 02:44:28 PM;2015/12/22 08:00:00 AM;2026/02/16 05:15:33 AM;Microsoft Office 365 ProPlus;Desconocido;;;1;EMPRESAS PUBLICAS DE MEDELLIN E.S.P;.
2014-1484;2014-1484-32;ASGADR4FJYMVQAPKRSP4P9UNWD4HI2;Historical;Desconocido;AD-104;Desconocido;FUNDACION EPM;2019/01/03 02:44:27 PM;2015/12/22 08:00:00 AM;2026/02/16 05:15:33 AM;Microsoft Office 365 ProPlus;Desconocido;;;1;EMPRESAS PUBLICAS DE MEDELLIN E.S.P;.
2014-1484;2014-1484-33;ASGADR4FJYMVQAPKRSPHP9UNVW4HEW;Historical;Desconocido;AD-104;Desconocido;FUNDACION EPM;2019/01/03 02:44:21 PM;2015/12/22 08:00:00 AM;2026/02/16 05:15:31 AM;Microsoft Office 365 ProPlus;Desconocido;;;1;EMPRESAS PUBLICAS DE MEDELLIN E.S.P;.
2014-1484;2014-1484-34;ASGADR4FJYMVQAPKRSOTP9UNV84GVZ;Historical;Desconocido;AD-104;Desconocido;FUNDACION EPM;2019/01/03 02:44:16 PM;2015/12/22 08:00:00 AM;2026/02/16 05:15:30 AM;Microsoft Office 365 ProPlus;Desconocido;;;1;EMPRESAS PUBLICAS DE MEDELLIN E.S.P;.
2014-1484;2014-1484-35;ASGADR4FJYMVQAPKRSP6P9UNWF4HJA;Historical;Desconocido;AD-104;Desconocido;FUNDACION EPM;2019/01/03 02:44:28 PM;2015/12/22 08:00:00 AM;2026/02/16 05:15:32 AM;Microsoft Office 365 ProPlus;Desconocido;;;1;EMPRESAS PUBLICAS DE MEDELLIN E.S.P;.
2014-1484;2014-1484-36;ASGADR4FJYMVQAPKRSPAP9UNVP4HAT;Historical;Desconocido;AD-104;Desconocido;FUNDACION EPM;2019/01/03 02:44:21 PM;2015/12/22 08:00:00 AM;2026/02/16 05:15:31 AM;Microsoft Office 365 ProPlus;Desconocido;;;1;EMPRESAS PUBLICAS DE MEDELLIN E.S.P;.
2014-1484;2014-1484-37;ASGADR4FJYMVQAPKRSP2P9UNWB4HHY;Historical;Desconocido;AD-104;Desconocido;FUNDACION EPM;2019/01/03 02:44:27 PM;2015/12/22 08:00:00 AM;2026/02/16 05:15:32 AM;Microsoft Office 365 ProPlus;Desconocido;;;1;EMPRESAS PUBLICAS DE MEDELLIN E.S.P;.
2014-1484;2014-1484-38;ASGADR4FJYMVQAPKRSPHP9UNVW4HEY;Historical;Desconocido;AD-104;Desconocido;FUNDACION EPM;2019/01/03 02:44:28 PM;2015/12/22 08:00:00 AM;2026/02/16 05:15:32 AM;Microsoft Office 365 ProPlus;Desconocido;;;1;EMPRESAS PUBLICAS DE MEDELLIN E.S.P;.
2014-1484;2014-1484-39;ASGADR4FJYMVQAPKRSPJP9UNVX4HHI;Historical;Desconocido;AD-104;Desconocido;FUNDACION EPM;2019/01/03 02:44:28 PM;2015/12/22 08:00:00 AM;2026/02/16 05:15:32 AM;Microsoft Office 365 ProPlus;Desconocido;;;1;EMPRESAS PUBLICAS DE MEDELLIN E.S.P;.
2014-1484;2014-1484-4;ASGADR4FJYMVQAPKRSPHP9UNVW4HEX;Historical;Desconocido;AD-104;Desconocido;FUNDACION EPM;2019/01/03 02:44:21 PM;2015/12/22 08:00:00 AM;2026/02/16 05:15:31 AM;Microsoft Office 365 ProPlus;Desconocido;;;1;EMPRESAS PUBLICAS DE MEDELLIN E.S.P;.
2014-1484;2014-1484-40;ASGADR4FJYMVQAPKRSPLP9UNW04HJ3;Historical;Desconocido;AD-104;Desconocido;FUNDACION EPM;2019/01/03 02:44:28 PM;2015/12/22 08:00:00 AM;2026/02/16 05:15:33 AM;Microsoft Office 365 ProPlus;Desconocido;;;1;EMPRESAS PUBLICAS DE MEDELLIN E.S.P;.
2014-1484;2014-1484-41;ASGADR4FJYMVQAPKRSPBP9UNVP4HAV;Historical;Desconocido;AD-104;Desconocido;FUNDACION EPM;2019/01/03 02:44:21 PM;2015/12/22 08:00:00 AM;2026/02/16 05:15:31 AM;Microsoft Office 365 ProPlus;Desconocido;;;1;EMPRESAS PUBLICAS DE MEDELLIN E.S.P;.
2014-1484;2014-1484-42;ASGADR4FJYMVQAPKRSP0P9UNVZ4HH6;Historical;Desconocido;AD-104;Desconocido;FUNDACION EPM;2019/01/03 02:44:28 PM;2015/12/22 08:00:00 AM;2026/02/16 05:15:33 AM;Microsoft Office 365 ProPlus;Desconocido;;;1;EMPRESAS PUBLICAS DE MEDELLIN E.S.P;.
2014-1484;2014-1484-43;ASGADR4FJYMVQAPKRSPFP9UNVU4HDM;Historical;Desconocido;AD-104;Desconocido;FUNDACION EPM;2019/01/03 02:44:21 PM;2015/12/22 08:00:00 AM;2026/02/16 05:15:32 AM;Microsoft Office 365 ProPlus;Desconocido;;;1;EMPRESAS PUBLICAS DE MEDELLIN E.S.P;.
2014-1484;2014-1484-44;ASGADR4FJYMVQAPKRSP1P9UNVZ4HH7;Historical;Desconocido;AD-104;Desconocido;FUNDACION EPM;2019/01/03 02:44:27 PM;2015/12/22 08:00:00 AM;2026/02/16 05:15:32 AM;Microsoft Office 365 ProPlus;Desconocido;;;1;EMPRESAS PUBLICAS DE MEDELLIN E.S.P;.
2014-1484;2014-1484-45;ASGADR4FJYMVQAPKRSPKP9UNWJ4HJ2;Historical;Desconocido;AD-104;Desconocido;FUNDACION EPM;2019/01/03 02:44:28 PM;2015/12/22 08:00:00 AM;2026/02/16 05:15:33 AM;Microsoft Office 365 ProPlus;Desconocido;;;1;EMPRESAS PUBLICAS DE MEDELLIN E.S.P;.
2014-1484;2014-1484-46;ASGADR4FJYMVQAPKRSOWP9UNVL4GW8;Historical;Desconocido;AD-104;Desconocido;FUNDACION EPM;2019/01/03 02:44:16 PM;2015/12/22 08:00:00 AM;2026/02/16 05:15:30 AM;Microsoft Office 365 ProPlus;Desconocido;;;1;EMPRESAS PUBLICAS DE MEDELLIN E.S.P;.
2014-1484;2014-1484-47;ASGADR4FJYMVQAPKRSP0P9UNVZ4HH5;Historical;Desconocido;AD-104;Desconocido;FUNDACION EPM;2019/01/03 02:44:21 PM;2015/12/22 08:00:00 AM;2026/02/16 05:15:31 AM;Microsoft Office 365 ProPlus;Desconocido;;;1;EMPRESAS PUBLICAS DE MEDELLIN E.S.P;.
2014-1484;2014-1484-48;ASGADR4FJYMVQAPKRSPEP9UNVS4HDK;Historical;Desconocido;AD-104;Desconocido;FUNDACION EPM;2019/01/03 02:44:21 PM;2015/12/22 08:00:00 AM;2026/02/16 05:15:32 AM;Microsoft Office 365 ProPlus;Desconocido;;;1;EMPRESAS PUBLICAS DE MEDELLIN E.S.P;.
2014-1484;2014-1484-49;ASGADR4FJYMVQAPKRSPIP9UNVW4HFB;Historical;Desconocido;AD-104;Desconocido;FUNDACION EPM;2019/01/03 02:44:28 PM;2015/12/22 08:00:00 AM;2026/02/16 05:15:32 AM;Microsoft Office 365 ProPlus;Desconocido;;;1;EMPRESAS PUBLICAS DE MEDELLIN E.S.P;.
2014-1484;2014-1484-5;ASGADR4FJYMVQAPKRSP2P9UNWB4HIB;Historical;Desconocido;AD-104;Desconocido;FUNDACION EPM;2019/01/03 02:44:21 PM;2015/12/22 08:00:00 AM;2026/02/16 05:15:32 AM;Microsoft Office 365 ProPlus;Desconocido;;;1;EMPRESAS PUBLICAS DE MEDELLIN E.S.P;.
2014-1484;2014-1484-50;ASGADR4FJYMVQAPKRSP6P9UNWE4HIZ;Historical;Desconocido;AD-104;Desconocido;FUNDACION EPM;2019/01/03 02:44:28 PM;2015/12/22 08:00:00 AM;2026/02/16 05:15:32 AM;Microsoft Office 365 ProPlus;Desconocido;;;1;EMPRESAS PUBLICAS DE MEDELLIN E.S.P;.
2014-1484;2014-1484-51;ASGADR4FJYMVQAPKRSPAP9UNVP4HAR;Historical;Desconocido;AD-104;Desconocido;FUNDACION EPM;2019/01/03 02:44:21 PM;2015/12/22 08:00:00 AM;2026/02/16 05:15:31 AM;Microsoft Office 365 ProPlus;Desconocido;;;1;EMPRESAS PUBLICAS DE MEDELLIN E.S.P;.
2014-1484;2014-1484-52;ASGADR4FJYMVQAPKRSOZP9UNVN4GYP;Historical;Desconocido;AD-104;Desconocido;FUNDACION EPM;2019/01/03 02:44:21 PM;2015/12/22 08:00:00 AM;2026/02/16 05:15:31 AM;Microsoft Office 365 ProPlus;Desconocido;;;1;EMPRESAS PUBLICAS DE MEDELLIN E.S.P;.
2014-1484;2014-1484-53;ASGADR4FJYMVQAPKRHZ7P9UDGG2D02;Historical;Desconocido;PY-105;Desconocido;FUNDACION EPM;2019/01/03 05:53:32 AM;2015/12/22 08:00:00 AM;2026/02/16 05:15:30 AM;Microsoft Office 365 ProPlus;Desconocido;;;1;EMPRESAS PUBLICAS DE MEDELLIN E.S.P;.
2014-1484;2014-1484-54;ASGADR4FJYMVQAPKRHZSP9UDG62DZ9;Historical;Desconocido;PY-105;Desconocido;FUNDACION EPM;2019/01/03 05:53:20 AM;2015/12/22 08:00:00 AM;2026/02/16 05:15:30 AM;Microsoft Office 365 ProPlus;Desconocido;;;1;EMPRESAS PUBLICAS DE MEDELLIN E.S.P;.
2014-1484;2014-1484-55;ASGADR4FJYMVQAPKRHZYP9UDGM2E0V;Historical;Desconocido;PY-105;Desconocido;FUNDACION EPM;2019/01/03 05:53:28 AM;2015/12/22 08:00:00 AM;2026/02/16 05:15:30 AM;Microsoft Office 365 ProPlus;Desconocido;;;1;EMPRESAS PUBLICAS DE MEDELLIN E.S.P;.
2014-1484;2014-1484-56;ASGADR4FJYMVQAPKRHZVP9UDG92EFN;Historical;Desconocido;PY-105;Desconocido;FUNDACION EPM;2019/01/03 05:53:20 AM;2015/12/22 08:00:00 AM;2026/02/16 05:15:30 AM;Vegas Pro;Desconocido;;;1;EMPRESAS PUBLICAS DE MEDELLIN E.S.P;.
2014-1484;2014-1484-57;ASGADR4FJYMVQAPKRHZ2P9UDGA2CZT;Historical;Desconocido;PY-105;Desconocido;FUNDACION EPM;2019/01/03 05:53:20 AM;2015/12/22 08:00:00 AM;2026/02/16 05:15:30 AM;Vegas Pro;Desconocido;;;1;EMPRESAS PUBLICAS DE MEDELLIN E.S.P;.
2014-1484;2014-1484-58;ASGADR4FJYMVQAPKRHZ8P9UDGG2D0S;Historical;Desconocido;PY-105;Desconocido;FUNDACION EPM;2019/01/03 05:53:20 AM;2015/12/22 08:00:00 AM;2026/02/16 05:15:30 AM;Microsoft Windows 8;Desconocido;;;1;EMPRESAS PUBLICAS DE MEDELLIN E.S.P;.
2014-1484;2014-1484-59;ASGADR4FJYMVQAPKRSP3P9UNWC4HII;Historical;Desconocido;AD-104;Desconocido;FUNDACION EPM;2019/01/03 02:44:27 PM;2015/12/22 08:00:00 AM;2026/02/16 05:15:33 AM;Microsoft Windows 8;Desconocido;;;22;EMPRESAS PUBLICAS DE MEDELLIN E.S.P;.
2014-1484;2014-1484-6;ASGADR4FJYMVQAPKRSP0P9UNVY4HH3;Historical;Desconocido;AD-104;Desconocido;FUNDACION EPM;2019/01/03 02:44:28 PM;2015/12/22 08:00:00 AM;2026/02/16 05:15:32 AM;Microsoft Office 365 ProPlus;Desconocido;;;1;EMPRESAS PUBLICAS DE MEDELLIN E.S.P;.
2014-1484;2014-1484-60;ASGADR4FJYMVQAPKRHZWP9UDGL2EI9;Historical;Desconocido;Unallocated;Desconocido;FUNDACION EPM;2018/12/20 02:04:16 PM;2015/12/22 08:11:00 AM;2026/02/16 05:15:14 AM;Microsoft Office 365 ProPlus;Desconocido;;;1;EMPRESAS PUBLICAS DE MEDELLIN E.S.P;.
2014-1484;2014-1484-61;ASGADR4FJYMVQAPKRHZ7P9UDGG2DJU;Historical;Desconocido;Unallocated;Desconocido;FUNDACION EPM;2018/12/20 02:18:24 PM;2015/12/22 08:00:00 AM;2026/02/16 05:15:19 AM;Microsoft Office 365 ProPlus;Desconocido;;;1;EMPRESAS PUBLICAS DE MEDELLIN E.S.P;.
2014-1484;2014-1484-62;ASGADR4FJYMVQAPKRHZ6P9UDGF2DIM;Historical;Desconocido;Unallocated;Desconocido;FUNDACION EPM;2018/12/20 02:18:20 PM;2015/12/22 08:00:00 AM;2026/02/16 05:15:16 AM;Microsoft Office 365 ProPlus;Desconocido;;;1;EMPRESAS PUBLICAS DE MEDELLIN E.S.P;.
2014-1484;2014-1484-63;ASGADR4FJYMVQAPKRHZUP9UDG92EEU;Historical;Desconocido;Unallocated;Desconocido;FUNDACION EPM;2018/12/20 02:04:15 PM;2015/12/22 08:00:00 AM;2026/02/16 05:15:15 AM;Microsoft Office 365 ProPlus;Desconocido;;;1;EMPRESAS PUBLICAS DE MEDELLIN E.S.P;.
2014-1484;2014-1484-64;ASGADR4FJYMVQAPKRHZRP9UDG62DYC;Historical;Desconocido;Unallocated;Desconocido;FUNDACION EPM;2018/12/20 02:18:20 PM;2015/12/22 08:00:00 AM;2026/02/16 05:15:18 AM;Microsoft Office 365 ProPlus;Desconocido;;;1;EMPRESAS PUBLICAS DE MEDELLIN E.S.P;.
2014-1484;2014-1484-65;ASGADR4FJYMVQAPKRHZ8P9UDGH2D1T;Historical;Desconocido;Unallocated;Desconocido;FUNDACION EPM;2018/12/20 02:18:20 PM;2015/12/22 08:00:00 AM;2026/02/16 05:15:19 AM;Microsoft Office 365 ProPlus;Desconocido;;;1;EMPRESAS PUBLICAS DE MEDELLIN E.S.P;.
2014-1484;2014-1484-66;ASGADR4FJYMVQAPKRHZUP9UDG92EEW;Historical;Desconocido;Unallocated;Desconocido;FUNDACION EPM;2018/12/20 02:04:15 PM;2015/12/22 08:00:00 AM;2026/02/16 05:15:15 AM;Microsoft Office 365 ProPlus;Desconocido;;;1;EMPRESAS PUBLICAS DE MEDELLIN E.S.P;.
2014-1484;2014-1484-67;ASGADR4FJYMVQAPKRHZVP9UDGK2EGA;Historical;Desconocido;Unallocated;Desconocido;FUNDACION EPM;2018/12/20 02:18:20 PM;2015/12/22 08:00:00 AM;2026/02/16 05:15:15 AM;Microsoft Office 365 ProPlus;Desconocido;;;1;EMPRESAS PUBLICAS DE MEDELLIN E.S.P;.
2014-1484;2014-1484-68;ASGADR4FJYMVQAPKRHZRP9UDG62DXV;Historical;Desconocido;Unallocated;Desconocido;FUNDACION EPM;2018/12/20 02:04:16 PM;2015/12/22 08:00:00 AM;2026/02/16 05:15:15 AM;Microsoft Office 365 ProPlus;Desconocido;;;1;EMPRESAS PUBLICAS DE MEDELLIN E.S.P;.
2014-1484;2014-1484-69;ASGADR4FJYMVQAPKRHZSP9UDG72EAN;Historical;Desconocido;Unallocated;Desconocido;FUNDACION EPM;2018/12/20 02:18:20 PM;2015/12/22 08:00:00 AM;2026/02/16 05:15:18 AM;Microsoft Office 365 ProPlus;Desconocido;;;1;EMPRESAS PUBLICAS DE MEDELLIN E.S.P;.
2014-1484;2014-1484-7;ASGADR4FJYMVQAPKRSPHP9UNVW4HEZ;Historical;Desconocido;AD-104;Desconocido;FUNDACION EPM;2019/01/03 02:44:21 PM;2015/12/22 08:00:00 AM;2026/02/16 05:15:31 AM;Microsoft Office 365 ProPlus;Desconocido;;;1;EMPRESAS PUBLICAS DE MEDELLIN E.S.P;.
2014-1484;2014-1484-70;ASGADR4FJYMVQAPKRHZVP9UDGK2EGI;Historical;Desconocido;Unallocated;Desconocido;FUNDACION EPM;2018/12/20 02:18:22 PM;2015/12/22 08:00:00 AM;2026/02/16 05:15:19 AM;Microsoft Office 365 ProPlus;Desconocido;;;1;EMPRESAS PUBLICAS DE MEDELLIN E.S.P;.
2014-1484;2014-1484-71;ASGADR4FJYMVQAPKRHZTP9UDG72EB7;Historical;Desconocido;Unallocated;Desconocido;FUNDACION EPM;2018/12/20 02:18:20 PM;2015/12/22 08:00:00 AM;2026/02/16 05:15:19 AM;Microsoft Office 365 ProPlus;Desconocido;;;1;EMPRESAS PUBLICAS DE MEDELLIN E.S.P;.
2014-1484;2014-1484-72;ASGADR4FJYMVQAPKRHZVP9UDGK2EG9;Historical;Desconocido;Unallocated;Desconocido;FUNDACION EPM;2018/12/20 02:18:22 PM;2015/12/22 08:00:00 AM;2026/02/16 05:15:20 AM;Microsoft Office 365 ProPlus;Desconocido;;;1;EMPRESAS PUBLICAS DE MEDELLIN E.S.P;.
2014-1484;2014-1484-73;ASGADR4FJYMVQAPKRHZTP9UDG82EDI;Historical;Desconocido;Unallocated;Desconocido;FUNDACION EPM;2018/12/20 02:18:22 PM;2015/12/22 08:00:00 AM;2026/02/16 05:15:18 AM;Microsoft Office 365 ProPlus;Desconocido;;;1;EMPRESAS PUBLICAS DE MEDELLIN E.S.P;.
2014-1484;2014-1484-74;ASGADR4FJYMVQAPKRHZ8P9UDGG2D0W;Historical;Desconocido;Unallocated;Desconocido;FUNDACION EPM;2018/12/20 02:18:20 PM;2015/12/22 08:00:00 AM;2026/02/16 05:15:16 AM;Microsoft Office 365 ProPlus;Desconocido;;;1;EMPRESAS PUBLICAS DE MEDELLIN E.S.P;.
2014-1484;2014-1484-75;ASGADR4FJYMVQAPKRHZVP9UDG92EFJ;Historical;Desconocido;Unallocated;Desconocido;FUNDACION EPM;2018/12/20 02:18:22 PM;2015/12/22 08:00:00 AM;2026/02/16 05:15:19 AM;Microsoft Office 365 ProPlus;Desconocido;;;1;EMPRESAS PUBLICAS DE MEDELLIN E.S.P;.
2014-1484;2014-1484-76;ASGADR4FJYMVQAPKRHZ7P9UDGG2DJK;Historical;Desconocido;Unallocated;Desconocido;FUNDACION EPM;2018/12/20 02:18:20 PM;2015/12/22 08:00:00 AM;2026/02/16 05:15:19 AM;Microsoft Office 365 ProPlus;Desconocido;;;1;EMPRESAS PUBLICAS DE MEDELLIN E.S.P;.
2014-1484;2014-1484-77;ASGADR4FJYMVQAPKRHZWP9UDGK2EGW;Historical;Desconocido;Unallocated;Desconocido;FUNDACION EPM;2018/12/20 02:04:15 PM;2015/12/22 08:00:00 AM;2026/02/16 05:15:15 AM;Microsoft Office 365 ProPlus;Desconocido;;;1;EMPRESAS PUBLICAS DE MEDELLIN E.S.P;.
2014-1484;2014-1484-78;ASGADR4FJYMVQAPKRHZKP9UDGJ2D6D;Historical;Desconocido;Unallocated;Desconocido;FUNDACION EPM;2018/12/20 02:18:20 PM;2015/12/22 08:00:00 AM;2026/02/16 05:15:16 AM;Microsoft Office 365 ProPlus;Desconocido;;;1;EMPRESAS PUBLICAS DE MEDELLIN E.S.P;.
2014-1484;2014-1484-79;ASGADR4FJYMVQAPKRHZ2P9UDGA2CZQ;Historical;Desconocido;Unallocated;Desconocido;FUNDACION EPM;2018/12/20 02:18:20 PM;2015/12/22 08:00:00 AM;2026/02/16 05:15:17 AM;Microsoft Office 365 ProPlus;Desconocido;;;1;EMPRESAS PUBLICAS DE MEDELLIN E.S.P;.
2014-1484;2014-1484-8;ASGADR4FJYMVQAPKRSPDP9UNVS4HDD;Historical;Desconocido;AD-104;Desconocido;FUNDACION EPM;2019/01/03 02:44:21 PM;2015/12/22 08:00:00 AM;2026/02/16 05:15:32 AM;Microsoft Office 365 ProPlus;Desconocido;;;1;EMPRESAS PUBLICAS DE MEDELLIN E.S.P;.
2014-1484;2014-1484-80;ASGADR4FJYMVQAPKRHZ5P9UDGE2DGG;Historical;Desconocido;Unallocated;Desconocido;FUNDACION EPM;2018/12/20 02:18:22 PM;2015/12/22 08:00:00 AM;2026/02/16 05:15:20 AM;Microsoft Office 365 ProPlus;Desconocido;;;1;EMPRESAS PUBLICAS DE MEDELLIN E.S.P;.
2014-1484;2014-1484-81;ASGADR4FJYMVQAPKRHZAP9UDFO2CFB;Historical;Desconocido;Unallocated;Desconocido;FUNDACION EPM;2018/12/20 02:18:20 PM;2015/12/22 08:00:00 AM;2026/02/16 05:15:16 AM;Microsoft Office 365 ProPlus;Desconocido;;;1;EMPRESAS PUBLICAS DE MEDELLIN E.S.P;.
2014-1484;2014-1484-82;ASGADR4FJYMVQAPKRHZTP9UDG82ECW;Historical;Desconocido;Unallocated;Desconocido;FUNDACION EPM;2018/12/20 02:04:15 PM;2015/12/22 08:00:00 AM;2026/02/16 05:15:14 AM;Microsoft Office 365 ProPlus;Desconocido;;;1;EMPRESAS PUBLICAS DE MEDELLIN E.S.P;.
2014-1484;2014-1484-83;ASGADR4FJYMVQAPKRHZTP9UDG72EBY;Historical;Desconocido;Unallocated;Desconocido;FUNDACION EPM;2018/12/20 02:04:15 PM;2015/12/22 08:00:00 AM;2026/02/16 05:15:14 AM;Microsoft Office 365 ProPlus;Desconocido;;;1;EMPRESAS PUBLICAS DE MEDELLIN E.S.P;.
2014-1484;2014-1484-84;ASGADR4FJYMVQAPKRHZVP9UDGK2EFX;Historical;Desconocido;Unallocated;Desconocido;FUNDACION EPM;2018/12/20 02:18:22 PM;2015/12/22 08:00:00 AM;2026/02/16 05:15:19 AM;Microsoft Office 365 ProPlus;Desconocido;;;1;EMPRESAS PUBLICAS DE MEDELLIN E.S.P;.
2014-1484;2014-1484-85;ASGADR4FJYMVQAPKRHZVP9UDGK2EGG;Historical;Desconocido;Unallocated;Desconocido;FUNDACION EPM;2018/12/20 02:04:15 PM;2015/12/22 08:00:00 AM;2026/02/16 05:15:15 AM;Microsoft Office 365 ProPlus;Desconocido;;;1;EMPRESAS PUBLICAS DE MEDELLIN E.S.P;.
2014-1484;2014-1484-86;ASGADR4FJYMVQAPKRHZTP9UDG72EBO;Historical;Desconocido;Unallocated;Desconocido;FUNDACION EPM;2018/12/20 02:18:20 PM;2015/12/22 08:00:00 AM;2026/02/16 05:15:18 AM;Microsoft Office 365 ProPlus;Desconocido;;;1;EMPRESAS PUBLICAS DE MEDELLIN E.S.P;.
2014-1484;2014-1484-87;ASGADR4FJYMVQAPKRHZUP9UDG92EEF;Historical;Desconocido;Unallocated;Desconocido;FUNDACION EPM;2018/12/20 02:18:22 PM;2015/12/22 08:00:00 AM;2026/02/16 05:15:19 AM;Microsoft Office 365 ProPlus;Desconocido;;;1;EMPRESAS PUBLICAS DE MEDELLIN E.S.P;.
2014-1484;2014-1484-88;ASGADR4FJYMVQAPKRHZ7P9UDGF2DJ6;Executed;Desconocido;Unallocated;Desconocido;FUNDACION EPM;2018/12/20 02:18:24 PM;;2019/01/03 03:06:37 PM;Microsoft Office 365 ProPlus;Desconocido;;;1;EMPRESAS PUBLICAS DE MEDELLIN E.S.P;.
2014-1484;2014-1484-89;ASGADR4FJYMVQAPKRHZVP9UDG92EFA;Historical;Desconocido;Unallocated;Desconocido;FUNDACION EPM;2018/12/20 02:04:15 PM;2015/12/22 08:00:00 AM;2026/02/16 05:15:15 AM;Microsoft Office 365 ProPlus;Desconocido;;;1;EMPRESAS PUBLICAS DE MEDELLIN E.S.P;.
2014-1484;2014-1484-9;ASGADR4FJYMVQAPKRSP1P9UNWA4HHW;Historical;Desconocido;AD-104;Desconocido;FUNDACION EPM;2019/01/03 02:44:21 PM;2015/12/22 08:00:00 AM;2026/02/16 05:15:31 AM;Microsoft Office 365 ProPlus;Desconocido;;;1;EMPRESAS PUBLICAS DE MEDELLIN E.S.P;.
2014-1484;2014-1484-90;ASGADR4FJYMVQAPKRHZUP9UDG92EEA;Historical;Desconocido;Unallocated;Desconocido;FUNDACION EPM;2018/12/20 02:04:15 PM;2015/12/22 08:00:00 AM;2026/02/16 05:15:15 AM;Microsoft Office 365 ProPlus;Desconocido;;;1;EMPRESAS PUBLICAS DE MEDELLIN E.S.P;.
2014-1484;2014-1484-91;ASGADR4FJYMVQAPKRHZ2P9UDGB2DA7;Historical;Desconocido;Unallocated;Desconocido;FUNDACION EPM;2018/12/20 02:18:20 PM;2015/12/22 08:00:00 AM;2026/02/16 05:15:17 AM;Microsoft Office 365 ProPlus;Desconocido;;;1;EMPRESAS PUBLICAS DE MEDELLIN E.S.P;.
2014-1484;2014-1484-92;ASGADR4FJYMVQAPKRHZYP9UDGN2E13;Historical;Desconocido;Unallocated;Desconocido;FUNDACION EPM;2018/12/20 02:18:20 PM;2015/12/22 08:00:00 AM;2026/02/16 05:15:17 AM;Microsoft Office 365 ProPlus;Desconocido;;;1;EMPRESAS PUBLICAS DE MEDELLIN E.S.P;.
2014-1484;2014-1484-93;ASGADR4FJYMVQAPKRHZ7P9UDGG2D0H;Historical;Desconocido;Unallocated;Desconocido;FUNDACION EPM;2018/12/20 02:18:24 PM;2015/12/22 08:00:00 AM;2026/02/16 05:15:20 AM;Microsoft Office 365 ProPlus;Desconocido;;;1;EMPRESAS PUBLICAS DE MEDELLIN E.S.P;.
2014-1484;2014-1484-94;ASGADR4FJYMVQAPKRHZVP9UDG92EFD;Historical;Desconocido;Unallocated;Desconocido;FUNDACION EPM;2018/12/20 02:04:15 PM;2015/12/22 08:00:00 AM;2026/02/16 05:15:15 AM;Microsoft Office 365 ProPlus;Desconocido;;;1;EMPRESAS PUBLICAS DE MEDELLIN E.S.P;.
2014-1484;2014-1484-95;ASGADR4FJYMVQAPKRIAAP9UDGP2E69;Historical;Desconocido;Unallocated;Desconocido;FUNDACION EPM;2018/12/20 02:04:16 PM;2015/12/22 08:00:00 AM;2026/02/16 05:15:15 AM;Microsoft Office 365 ProPlus;Desconocido;;;1;EMPRESAS PUBLICAS DE MEDELLIN E.S.P;.
2014-1484;2014-1484-96;ASGADR4FJYMVQAPKRHZ4P9UDGC2DCU;Historical;Desconocido;Unallocated;Desconocido;FUNDACION EPM;2018/12/20 02:18:20 PM;2015/12/22 08:00:00 AM;2026/02/16 05:15:15 AM;Microsoft Office 365 ProPlus;Desconocido;;;1;EMPRESAS PUBLICAS DE MEDELLIN E.S.P;.
2014-1484;2014-1484-97;ASGADR4FJYMVQAPKRHZ5P9UDGD2DEQ;Historical;Desconocido;Unallocated;Desconocido;FUNDACION EPM;2018/12/20 02:18:22 PM;2015/12/22 08:00:00 AM;2026/02/16 05:15:19 AM;Microsoft Office 365 ProPlus;Desconocido;;;1;EMPRESAS PUBLICAS DE MEDELLIN E.S.P;.
2014-1484;2014-1484-98;ASGADR4FJYMVQAPKRHZ8P9UDGH2D14;Historical;Desconocido;Unallocated;Desconocido;FUNDACION EPM;2018/12/20 02:18:20 PM;2015/12/22 08:00:00 AM;2026/02/16 05:15:19 AM;Microsoft Office 365 ProPlus;Desconocido;;;1;EMPRESAS PUBLICAS DE MEDELLIN E.S.P;.
2014-1484;2014-1484-99;ASGADR4FJYMVQAPKRHZSP9UDG72EAF;Historical;Desconocido;Unallocated;Desconocido;FUNDACION EPM;2018/12/20 02:04:16 PM;2015/12/22 08:00:00 AM;2026/02/16 05:15:15 AM;Microsoft Office 365 ProPlus;Desconocido;;;1;EMPRESAS PUBLICAS DE MEDELLIN E.S.P;.
2015-024_;2015-024-1_;ASGADR4FJYMVQAPKRHZ3P9UDGC2DCI;Historical;Microsoft;Unallocated;HEWLETT PACKARD COLOMBIA LTDA;EM VARIAS;2018/12/20 02:35:14 PM;2016/12/31 12:00:00 AM;2026/02/16 05:15:22 AM;Microsoft SharePointSvr;HEWLETT PACKARD COLOMBIA LTDA;;;1;EM VARIAS;.
2015-024_;2015-024-10_;ASGADR4FJYMVQAPKRHZUP9UDG92EEK;Historical;Desconocido;Unallocated;HEWLETT PACKARD COLOMBIA LTDA;EM VARIAS;2018/12/20 02:35:14 PM;2020/12/31 12:00:00 AM;2026/02/16 05:15:22 AM;Microsoft Visual Studio;HEWLETT PACKARD COLOMBIA LTDA;;;1;EMPRESAS PUBLICAS DE MEDELLIN E.S.P;.
2015-024_;2015-024-11;ASGADR4FJYMVQAQWXFO3QVY0YLLGJZ;Historical;Desconocido;Unallocated;HEWLETT PACKARD COLOMBIA LTDA;EM VARIAS;2021/07/27 02:53:31 PM;2021/12/31 12:00:00 AM;2026/02/16 05:15:40 AM;OfficeProPlus;HEWLETT PACKARD COLOMBIA LTDA;;;25;EM VARIAS;.
2015-024_;2015-024-11_;ASGADR4FJYMVQAQRH6U5QQISYI8HEU;Historical;Desconocido;Unallocated;HEWLETT PACKARD COLOMBIA LTDA;EM VARIAS;2021/04/07 01:08:39 PM;2020/12/31 12:00:00 AM;2026/02/16 05:15:39 AM;OfficeProPlus;HEWLETT PACKARD COLOMBIA LTDA;;;25;EM VARIAS;.
2015-024_;2015-024-12;ASGADR4FJYMVQAQRH7EAQQITHT8JCJ;Historical;;Unallocated;HEWLETT PACKARD COLOMBIA LTDA;EM VARIAS;2021/04/07 01:11:22 PM;2030/12/31 12:00:00 AM;2026/02/16 05:15:39 AM;;HEWLETT PACKARD COLOMBIA LTDA;;;25;;.
2015-024_;2015-024-12_;ASGG8DGIDZG4UARHNORKRGO7Y0Z05J;Historical;Microsoft;Unallocated;HEWLETT PACKARD COLOMBIA LTDA;EM VARIAS;2022/02/21 08:16:08 AM;2016/12/31 12:00:00 AM;2026/02/16 05:15:43 AM;SharePointStdCAL SNGL SA MVL UsrCAL;HEWLETT PACKARD COLOMBIA LTDA;;;25;EM VARIAS;.
2015-024_;2015-024-13;ASGADR4FJYMVQAQRH7HHQQIT1A8JMB;Historical;;Unallocated;HEWLETT PACKARD COLOMBIA LTDA;EM VARIAS;2021/04/07 01:13:34 PM;2030/12/31 12:00:00 AM;2026/02/16 05:15:39 AM;;HEWLETT PACKARD COLOMBIA LTDA;;;25;;.
2015-024_;2015-024-13_;ASGAJOIFD0FXYARHNOYIRGO8EY6WE1;Historical;Microsoft;Unallocated;HEWLETT PACKARD COLOMBIA LTDA;EM VARIAS;2022/02/21 08:19:23 AM;2016/12/31 12:00:00 AM;2026/02/16 05:15:42 AM;SQLCAL SNGL SA;HEWLETT PACKARD COLOMBIA LTDA;;;25;EM VARIAS;.
2015-024_;2015-024-2_;ASGADR4FJYMVQAPKRHZ5P9UDGE2DGH;Historical;Desconocido;Unallocated;HEWLETT PACKARD COLOMBIA LTDA;EM VARIAS;2018/12/20 02:35:10 PM;2020/12/31 12:00:00 AM;2026/02/16 05:15:22 AM;Microsoft Exchange Server Enterprise;HEWLETT PACKARD COLOMBIA LTDA;;;2;EMPRESAS PUBLICAS DE MEDELLIN E.S.P;.
2015-024_;2015-024-3_;ASGADR4FJYMVQAPKRHZ6P9UDGF2DIH;Historical;Desconocido;Unallocated;HEWLETT PACKARD COLOMBIA LTDA;EM VARIAS;2018/12/20 02:35:14 PM;2020/12/31 12:00:00 AM;2026/02/16 05:15:22 AM;System Center Configuration Manager;HEWLETT PACKARD COLOMBIA LTDA;;;12;EMPRESAS PUBLICAS DE MEDELLIN E.S.P;.
2015-024_;2015-024-4_;ASGADR4FJYMVQAPKRHZZP9UDGN2E2S;Historical;Desconocido;Unallocated;HEWLETT PACKARD COLOMBIA LTDA;EM VARIAS;2018/12/20 02:35:11 PM;2020/12/31 12:00:00 AM;2026/02/16 05:15:22 AM;Microsoft WinPro;HEWLETT PACKARD COLOMBIA LTDA;;;25;EMPRESAS PUBLICAS DE MEDELLIN E.S.P;.
2015-024_;2015-024-5_;ASGADR4FJYMVQAPKRHZ5P9UDGE2DG3;Historical;Desconocido;Unallocated;HEWLETT PACKARD COLOMBIA LTDA;EM VARIAS;2018/12/20 02:35:14 PM;2020/12/31 12:00:00 AM;2026/02/16 05:15:22 AM;Microsoft SQL Server Standard;HEWLETT PACKARD COLOMBIA LTDA;;;1;EMPRESAS PUBLICAS DE MEDELLIN E.S.P;.
2015-024_;2015-024-6_;ASGADR4FJYMVQAPKRHZVP9UDG92EFG;Historical;Desconocido;Unallocated;HEWLETT PACKARD COLOMBIA LTDA;EM VARIAS;2018/12/20 02:18:24 PM;2020/12/31 12:00:00 AM;2026/02/16 05:15:21 AM;Microsoft SharePoint Server;HEWLETT PACKARD COLOMBIA LTDA;;;1;EMPRESAS PUBLICAS DE MEDELLIN E.S.P;.
2015-024_;2015-024-7_;ASGADR4FJYMVQAPKRIABP9UDGP2E7I;Historical;Desconocido;Unallocated;HEWLETT PACKARD COLOMBIA LTDA;EM VARIAS;2018/12/20 02:35:11 PM;2020/12/31 12:00:00 AM;2026/02/16 05:15:22 AM;Microsoft Win Server Data Ctrl;HEWLETT PACKARD COLOMBIA LTDA;;;4;EMPRESAS PUBLICAS DE MEDELLIN E.S.P;.
2015-024_;2015-024-8_;ASGADR4FJYMVQAPKRHZVP9UDGK2EGD;Historical;Desconocido;Unallocated;HEWLETT PACKARD COLOMBIA LTDA;EM VARIAS;2018/12/20 02:35:14 PM;2020/12/31 12:00:00 AM;2026/02/16 05:15:22 AM;Microsoft WinSvrExtConn SNGL;HEWLETT PACKARD COLOMBIA LTDA;;;1;EMPRESAS PUBLICAS DE MEDELLIN E.S.P;.
2015-024_;2015-024-9_;ASGADR4FJYMVQAPKRHZDP9UDFS2C27;Historical;Desconocido;Unallocated;HEWLETT PACKARD COLOMBIA LTDA;EM VARIAS;2018/12/20 02:35:10 PM;2020/12/31 12:00:00 AM;2026/02/16 05:15:22 AM;Microsoft SharePointSvr;HEWLETT PACKARD COLOMBIA LTDA;;;1;EMPRESAS PUBLICAS DE MEDELLIN E.S.P;.
2015-147;2015-147-001;ASGBY3O0CJOEYAT0AGB9T0AGB9V2AS;Executed;CONTROLES EMPRESARIALES LTDA;Unallocated;CONTROLES EMPRESARIALES LTDA.;EM VARIAS;2026/02/05 03:28:07 PM;2035/03/09 12:00:00 AM;2026/02/05 03:28:15 PM;Microsoft SQL Server Standard;CONTROLES EMPRESARIALES LTDA.;;;4;EM VARIAS;.
2015-147_;2015-147-1;ASGADR4FJYMVQAPKRHZZP9UDGN2E20;Historical;Desconocido;Unallocated;CONTROLES EMPRESARIALES LTDA;EM VARIAS;2018/12/20 02:18:24 PM;2030/12/31 11:53:00 AM;2026/02/16 05:15:20 AM;Dynamic CRM;CONTROLES EMPRESARIALES LTDA;;;8;EMPRESAS PUBLICAS DE MEDELLIN E.S.P;.
2015-147_;2015-147-2;ASGADR4FJYMVQAPKRHZWP9UDGL2EIF;Historical;;Unallocated;CONTROLES EMPRESARIALES LTDA;EM VARIAS;2018/12/20 02:18:22 PM;2017/12/31 11:58:00 AM;2026/02/16 05:15:20 AM;;CONTROLES EMPRESARIALES LTDA;;;198;;.
2015-147__;2015-147-001_;ASGADR4FJYMVQAQPPYO5QOR2M5M08D;Historical;Microsoft;Unallocated;CONTROLES EMPRESARIALES LTDA;EM VARIAS;2021/03/09 03:40:00 PM;2016/12/31 12:00:00 AM;2026/02/16 05:15:36 AM;Dynamic CRM;CONTROLES EMPRESARIALES LTDA;;;8;EM VARIAS;.
2015-147__;2015-147-002_;ASGADR4FJYMVQAQPPYRWQOR2PWML6J;Historical;Microsoft;Unallocated;CONTROLES EMPRESARIALES LTDA;EM VARIAS;2021/03/09 03:42:15 PM;2016/12/31 12:00:00 AM;2026/02/16 05:15:36 AM;Identity Manager;CONTROLES EMPRESARIALES LTDA;;;300;EM VARIAS;.
2015-147__;2015-147-003_;ASGADR4FJYMVQAQPPYUVQOR2SVMQRG;Historical;Microsoft;Unallocated;CONTROLES EMPRESARIALES LTDA;EM VARIAS;2021/03/09 03:43:50 PM;2016/12/31 12:00:00 AM;2026/02/16 05:15:36 AM;Microsoft Office 365 ProPlus;CONTROLES EMPRESARIALES LTDA;;;240;EM VARIAS;.
2015-147__;2015-147-004;ASGADR4FJYMVQAQPPYYYQOR2WYMYQG;Historical;Microsoft;Unallocated;CONTROLES EMPRESARIALES LTDA;EM VARIAS;2021/03/09 03:46:51 PM;2016/12/31 12:00:00 AM;2026/02/16 05:15:36 AM;Microsoft SQL Server Standard;CONTROLES EMPRESARIALES LTDA;;;4;EM VARIAS;.
2015-147__;2015-147-005_;ASGADR4FJYMVQAQPPZCWQOR3AVNCAN;Historical;Microsoft;Unallocated;CONTROLES EMPRESARIALES LTDA;EM VARIAS;2021/03/09 03:48:46 PM;2016/12/31 12:00:00 AM;2026/02/16 05:15:37 AM;System Center Configuration Manager CAL;CONTROLES EMPRESARIALES LTDA;;;230;EM VARIAS;.
2015-147__;2015-147-006_;ASGA9TAFB7LH4AQPPZHMQOR2TXSGA3;Historical;Microsoft;Unallocated;CONTROLES EMPRESARIALES LTDA;EM VARIAS;2021/03/09 03:50:49 PM;2016/12/31 12:00:00 AM;2026/02/16 05:15:37 AM;Win Server User CALSA;CONTROLES EMPRESARIALES LTDA;;;120;EM VARIAS;.
2015-147__;2015-147-007_;ASGA9TAFB7LH4AQPPZ21QOR2YMSJ23;Historical;Microsoft;Unallocated;CONTROLES EMPRESARIALES LTDA;EM VARIAS;2021/03/09 03:54:27 PM;2016/12/31 12:00:00 AM;2026/02/16 05:15:37 AM;System Center Configuration Manager Server;CONTROLES EMPRESARIALES LTDA;;;1;EM VARIAS;.
2015-147__;2015-147-008_;ASGA9TAFB7LH4AQPPZ5IQOR3B9S4MV;Historical;Microsoft;Unallocated;CONTROLES EMPRESARIALES LTDA;EM VARIAS;2021/03/09 03:56:35 PM;2016/12/31 12:00:00 AM;2026/02/16 05:15:37 AM;Microsoft SharePoint Server;CONTROLES EMPRESARIALES LTDA;;;1;EM VARIAS;.
2015-147__;2015-147-009_;ASGA9TAFB7LH4AQPPZ9HQOR3F7SLTU;Historical;Microsoft;Unallocated;CONTROLES EMPRESARIALES LTDA;EM VARIAS;2021/03/09 03:59:05 PM;2016/12/31 12:00:00 AM;2026/02/16 05:15:37 AM;Win Server Data Ctrl;CONTROLES EMPRESARIALES LTDA;;;2;EM VARIAS;.
2015-147__;2015-147-010;ASGADR4FJYMVQAQPPZLZQOR39ZNY47;Historical;Desconocido;Unallocated;CONTROLES EMPRESARIALES LTDA;EM VARIAS;2021/03/09 04:00:53 PM;2030/12/31 12:00:00 AM;2026/02/16 05:15:37 AM;Win Server Per Device CAL;CONTROLES EMPRESARIALES LTDA;;;25;EM VARIAS;.
2016-0623;2016-0623-1;ASGADR4FJYMVQAPKRSPIP9UNVX4HFS;Executed;Desconocido;AD-104;Desconocido;FUNDACION EPM;2019/01/03 02:44:28 PM;;2019/03/27 05:04:52 PM;Microsoft Office 365 ProPlus;Desconocido;;;13;EMPRESAS PUBLICAS DE MEDELLIN E.S.P;.
2016-0623;2016-0623-2;ASGADR4FJYMVQAPKRSP6P9UNWE4HIY;Executed;Desconocido;AD-104;Desconocido;FUNDACION EPM;2019/01/03 02:44:28 PM;;2019/03/27 05:04:52 PM;Skype for Business Server;Desconocido;;;76;EMPRESAS PUBLICAS DE MEDELLIN E.S.P;.
2016-0623;2016-0623-3;ASGADR4FJYMVQAPKRSPJP9UNVY4HH1;Executed;Desconocido;AD-104;Desconocido;FUNDACION EPM;2019/01/03 02:44:27 PM;;2019/03/27 05:04:52 PM;Skype for Business Server Enterprise;Desconocido;;;76;EMPRESAS PUBLICAS DE MEDELLIN E.S.P;.
2016-0623;2016-0623-4;ASGADR4FJYMVQAPKRSPJP9UNVX4HHG;Executed;Desconocido;AD-104;Desconocido;FUNDACION EPM;2019/01/03 02:44:27 PM;;2019/03/27 05:04:52 PM;Skype for Business Server  Standard;Desconocido;;;76;EMPRESAS PUBLICAS DE MEDELLIN E.S.P;.
2016-076;2016-076-001;ASGA9TAFB7LH4AQPQCCMQOR5OWX7J4;Historical;GIT LTDA;Unallocated;GIT LTDA;EMPRESAS PUBLICAS DE MEDELLIN E.S.P;2021/03/09 04:52:39 PM;2021/08/13 12:00:00 AM;2026/02/16 05:15:37 AM;ACL for Windows;GIT LTDA;;;2;EMPRESAS PUBLICAS DE MEDELLIN E.S.P;.
2016-076;2016-076-002;ASGADR4FJYMVQAQPRG0JQOSKIIRKGR;Historical;Desconocido;Unallocated;GIT LTDA;EMPRESAS PUBLICAS DE MEDELLIN E.S.P;2021/03/10 07:22:46 AM;2021/12/31 12:00:00 AM;2026/02/16 05:15:38 AM;ERA - KAIROS;GIT LTDA;;;22;EMPRESAS PUBLICAS DE MEDELLIN E.S.P;.
2016-153;2016-153-1;ASGADR4FJYMVQAPKRIAAP9UDGO2E5E;Historical;Desconocido;Unallocated;CONTROLES EMPRESARIALES LTDA;EM VARIAS;2018/12/20 02:18:24 PM;2017/12/31 02:37:00 PM;2026/02/16 05:15:20 AM;Microsoft Office 365 ProPlus;CONTROLES EMPRESARIALES LTDA;;;180;EMPRESAS PUBLICAS DE MEDELLIN E.S.P;.
2016-153;2016-153-10;ASGADR4FJYMVQAPKRHZKP9UDGI2D56;Historical;Desconocido;Unallocated;CONTROLES EMPRESARIALES LTDA;EM VARIAS;2018/12/20 02:18:20 PM;2017/12/31 12:00:00 AM;2026/02/16 05:15:17 AM;Microsoft Project Professional SA;CONTROLES EMPRESARIALES LTDA;;;4;EMPRESAS PUBLICAS DE MEDELLIN E.S.P;.
2016-153;2016-153-2;ASGADR4FJYMVQAPKRHZSP9UDG62DZV;Historical;Desconocido;Unallocated;CONTROLES EMPRESARIALES LTDA;EM VARIAS;2018/12/20 02:18:24 PM;2017/12/31 02:52:00 PM;2026/02/16 05:15:21 AM;Microsoft SQL Server Standard;CONTROLES EMPRESARIALES LTDA;;;4;EMPRESAS PUBLICAS DE MEDELLIN E.S.P;.
2016-153;2016-153-3;ASGADR4FJYMVQAPKRHZYP9UDGM2E05;Historical;Desconocido;Unallocated;CONTROLES EMPRESARIALES LTDA;EM VARIAS;2018/12/20 02:18:24 PM;2017/12/31 03:17:00 PM;2026/02/16 05:15:20 AM;System Center Configuration Manager CAL;CONTROLES EMPRESARIALES LTDA;;;120;EMPRESAS PUBLICAS DE MEDELLIN E.S.P;.
2016-153;2016-153-4;ASGADR4FJYMVQAPKRHZ7P9UDGG2DJN;Historical;Desconocido;Unallocated;CONTROLES EMPRESARIALES LTDA;EM VARIAS;2018/12/20 02:18:20 PM;2017/12/31 11:10:00 AM;2026/02/16 05:15:15 AM;Win Server User CALSA;CONTROLES EMPRESARIALES LTDA;;;4;EMPRESAS PUBLICAS DE MEDELLIN E.S.P;.
2016-153;2016-153-5;ASGADR4FJYMVQAPKRHZEP9UDFT2C5G;Historical;Desconocido;Unallocated;CONTROLES EMPRESARIALES LTDA;EM VARIAS;2018/12/20 02:18:20 PM;2017/12/31 11:16:00 AM;2026/02/16 05:15:17 AM;System Center Configuration Manager Server;CONTROLES EMPRESARIALES LTDA;;;1;EMPRESAS PUBLICAS DE MEDELLIN E.S.P;.
2016-153;2016-153-6;ASGADR4FJYMVQAPKRHZ8P9UDGH2D1R;Historical;Desconocido;Unallocated;CONTROLES EMPRESARIALES LTDA;EM VARIAS;2018/12/20 02:18:20 PM;2017/12/31 11:21:00 AM;2026/02/16 05:15:16 AM;Microsoft SharePoint Designer;CONTROLES EMPRESARIALES LTDA;;;1;EMPRESAS PUBLICAS DE MEDELLIN E.S.P;.
2016-153;2016-153-7;ASGADR4FJYMVQAPKRHZRP9UDG62DYJ;Historical;Desconocido;Unallocated;CONTROLES EMPRESARIALES LTDA;EM VARIAS;2018/12/20 02:18:24 PM;2017/12/31 11:28:00 AM;2026/02/16 05:15:21 AM;Win Server Data Ctrl;CONTROLES EMPRESARIALES LTDA;;;2;EMPRESAS PUBLICAS DE MEDELLIN E.S.P;.
2016-153;2016-153-8;ASGADR4FJYMVQAPKRHZ7P9UDGG2D09;Historical;Desconocido;Unallocated;CONTROLES EMPRESARIALES LTDA;EM VARIAS;2018/12/20 02:18:24 PM;2017/12/31 11:39:00 AM;2026/02/16 05:15:20 AM;Win Server CAL;CONTROLES EMPRESARIALES LTDA;;;25;EMPRESAS PUBLICAS DE MEDELLIN E.S.P;.
2016-153;2016-153-9;ASGADR4FJYMVQAPKRHZKP9UDGJ2D63;Historical;Desconocido;Unallocated;CONTROLES EMPRESARIALES LTDA;EM VARIAS;2018/12/20 02:18:20 PM;2017/12/31 12:00:00 AM;2026/02/16 05:15:17 AM;SQL Server  Dev CALSA;CONTROLES EMPRESARIALES LTDA;;;25;EMPRESAS PUBLICAS DE MEDELLIN E.S.P;.
2016-154;2016-154-008;ASGADR4FJYMVQAPKRHZ5P9UDGE2DGM;Historical;Desconocido;Unallocated;ORACLE COLOMBIA LTDA.;EM VARIAS;2018/12/20 02:18:20 PM;2017/12/31 04:02:00 PM;2026/02/16 05:15:18 AM;Oracle WebLogic Server Enterprise Edition;ORACLE COLOMBIA LTDA.;;;2;EMPRESAS PUBLICAS DE MEDELLIN E.S.P;.
2016-154;2016-154-1;ASGADR4FJYMVQAPKRHZKP9UDGI2D4Z;Historical;Desconocido;Unallocated;ORACLE COLOMBIA LTDA.;EM VARIAS;2018/12/20 02:18:24 PM;2017/12/31 01:32:00 PM;2026/02/16 05:15:20 AM;JD Edwards EnterpriseOne;ORACLE COLOMBIA LTDA.;;;30;EMPRESAS PUBLICAS DE MEDELLIN E.S.P;.
2016-154;2016-154-2;ASGADR4FJYMVQAPKRHZZP9UDGO2E4D;Historical;Desconocido;Unallocated;ORACLE COLOMBIA LTDA.;EM VARIAS;2018/12/20 02:18:20 PM;2017/12/31 01:52:00 PM;2026/02/16 05:15:17 AM;JD Edwards EnterpriseOne;ORACLE COLOMBIA LTDA.;;;110;EMPRESAS PUBLICAS DE MEDELLIN E.S.P;.
2016-154;2016-154-3;ASGADR4FJYMVQAPKRHZ4P9UDGC2DD9;Historical;Desconocido;Unallocated;ORACLE COLOMBIA LTDA.;EM VARIAS;2018/12/20 02:18:20 PM;2017/12/31 01:58:00 PM;2026/02/16 05:15:18 AM;Oracle Database Standard Edition;ORACLE COLOMBIA LTDA.;;;19;EMPRESAS PUBLICAS DE MEDELLIN E.S.P;.
2016-154;2016-154-4;ASGADR4FJYMVQAPKRHZSP9UDG72EB4;Historical;Desconocido;Unallocated;ORACLE COLOMBIA LTDA.;EM VARIAS;2018/12/20 02:18:24 PM;2017/12/31 02:14:00 PM;2026/02/16 05:15:21 AM;Oracle Database Personal Edition;ORACLE COLOMBIA LTDA.;;;2;EMPRESAS PUBLICAS DE MEDELLIN E.S.P;.
2016-154;2016-154-5;ASGADR4FJYMVQAPKRHZSP9UDG62DZU;Historical;Desconocido;Unallocated;ORACLE COLOMBIA LTDA.;EM VARIAS;2018/12/20 02:18:20 PM;2017/12/31 02:27:00 PM;2026/02/16 05:15:18 AM;Oracle Database Standard Edition;ORACLE COLOMBIA LTDA.;;;30;EMPRESAS PUBLICAS DE MEDELLIN E.S.P;.
2016-154;2016-154-6;ASGADR4FJYMVQAPKRHZXP9UDGL2EIO;Historical;Desconocido;Unallocated;ORACLE COLOMBIA LTDA.;EM VARIAS;2018/12/20 02:18:24 PM;2017/12/31 02:31:00 PM;2026/02/16 05:15:20 AM;Oracle Database Standard Edition;ORACLE COLOMBIA LTDA.;;;80;EMPRESAS PUBLICAS DE MEDELLIN E.S.P;.
2016-154;2016-154-7;ASGADR4FJYMVQAPKRHZTP9UDG72EBL;Historical;Desconocido;Unallocated;ORACLE COLOMBIA LTDA.;EM VARIAS;2018/12/20 02:18:24 PM;2017/12/31 03:58:00 PM;2026/02/16 05:15:21 AM;Oracle Internet Developer Suite;ORACLE COLOMBIA LTDA.;;;3;EMPRESAS PUBLICAS DE MEDELLIN E.S.P;.
2017-0654;2017-0654-1;ASGADR4FJYMVQAPKBU0XP9EPYQVACZ;Historical;Desconocido;Unallocated;Desconocido;FUNDACION EPM;2018/12/20 02:04:16 PM;2018/12/31 04:53:00 PM;2026/02/16 05:15:15 AM;AWS M3.large;Desconocido;;;1;EMPRESAS PUBLICAS DE MEDELLIN E.S.P;.
2017-138;2017-138-001;ASGA9TAFB7LH4AQPPXR4QOR13OQGDJ;Historical;Desconocido;Unallocated;CONTROLES EMPRESARIALES LTDA;EM VARIAS;2021/03/09 03:19:21 PM;2020/12/31 12:00:00 AM;2026/02/16 05:15:36 AM;Microsoft Visual Studio;CONTROLES EMPRESARIALES LTDA;;;1;EMPRESAS PUBLICAS DE MEDELLIN E.S.P;.
2018-001;2018-001-001;ASGA9TAFB7LH4AQPQCNNQOR6JXY8T1;Historical;Desconocido;Unallocated;ESRI COLOMBIA S.A.S.;EM VARIAS;2021/03/09 05:05:53 PM;2019/12/31 12:00:00 AM;2026/02/16 05:15:38 AM;ArcGIS for Server Enterprise;ESRI COLOMBIA S.A.S.;;;1;EM VARIAS;.
2019-1175;2019-1175-001;ASGCX11BEBAG1ATGRHNTTGRHNTP04B;Executed;Tenaxsoft;Unallocated;UNIPLES S.A.;FUNDACION EPM;2025/12/04 11:44:31 AM;2030/12/20 12:00:00 AM;2025/12/04 11:50:49 AM;CYBERPLANET PREMIUM;UNIPLES S.A.;23000684;;1;FUNDACION EPM;.
2020-1146;2020-1146-001;ASGGALYYHYKWBAR8XFZTR8XFZTG2VH;Executed;Novasoft S.A.S;01337383;Novasoft / R&R sistemas integrados SAS;EMPRESAS PUBLICAS DE MEDELLIN E.S.P;2022/09/28 07:15:55 AM;2035/09/21 12:00:00 AM;2025/05/12 12:19:01 PM;Novasoft Enterprise 8;Novasoft / R&R sistemas integrados SAS;22000525;;5;EMPRESAS PUBLICAS DE MEDELLIN E.S.P;.
20215333/10000330372;20215333/10000330372-001;ASGADR4FJYMVQAPKRHYLP9UDF02BCN;Executed;Trimble;01510230;PROCALCULO - PROSIS S.A.;EMPRESAS PUBLICAS DE MEDELLIN E.S.P;2018/12/20 01:39:26 PM;2030/08/11 12:00:00 AM;2025/05/12 12:19:01 PM;GPS-X 5.0;PROCALCULO - PROSIS S.A.;;;9;EMPRESAS PUBLICAS DE MEDELLIN E.S.P;.
20215333/10000330372;20215333/10000330372-002;ASGADR4FJYMVQAPKRHY7P9UDFG2ASI;Executed;Trimble;01411032;PROCALCULO - PROSIS S.A.;EMPRESAS PUBLICAS DE MEDELLIN E.S.P;2018/12/20 01:39:26 PM;2030/08/11 12:00:00 AM;2025/05/12 12:19:01 PM;GPS-X 5.0;PROCALCULO - PROSIS S.A.;;;9;EMPRESAS PUBLICAS DE MEDELLIN E.S.P;.
2025-1235;2025-1235-001;ASGJR68LATILOATIY811TIY8112A7Z;Executed;GCON4;Unallocated;GCON4 COLOMBIA, S.A.S;FUNDACION EPM;2026/01/16 07:22:57 AM;2026/12/23 12:00:00 AM;2026/01/16 08:55:53 AM;REPORT STUDIO;GCON4 COLOMBIA, S.A.S;23001929;;1;FUNDACION EPM;.
2057812;2057812-1;ASGADR4FJYMVQAPKRHZWP9UDGK2EH4;Executed;Desconocido;Unallocated;Desconocido;FUNDACION EPM;2018/12/20 01:39:50 PM;;2019/03/27 05:05:52 PM;Dynamics 365 for Customer Service (On-Premises) User CAL;Desconocido;;;9;EMPRESAS PUBLICAS DE MEDELLIN E.S.P;.
2057812;2057812-2;ASGADR4FJYMVQAPKRHZTP9UDG82EDE;Executed;Desconocido;Unallocated;Desconocido;FUNDACION EPM;2018/12/20 01:39:48 PM;;2019/03/27 05:05:52 PM;SharePoint Server Standard Edition User CAL;Desconocido;;;22;EMPRESAS PUBLICAS DE MEDELLIN E.S.P;.
2166106-2020;2166106-2020-001;ASGADR4FJYMVQAQ2GZ7CQ1IV8RUL2J;Executed;Archibus;01989076;MICROCAD SA;EMPRESAS PUBLICAS DE MEDELLIN E.S.P;2020/06/19 04:27:30 PM;2034/06/19 12:00:00 AM;2025/05/12 12:19:01 PM;Archibus;MICROCAD SA;;;10;EMPRESAS PUBLICAS DE MEDELLIN E.S.P;.
21983996;21983996-1;ASGADR4FJYMVQAPKBWDMP9ERR5VFB5;Executed;Desconocido;08516000;C&S COMPUTADORES Y SUMINISTROS S.A;AGUAS NACIONALES EPM S.A. E.S.P.;2018/12/20 02:43:04 PM;;2019/03/28 10:18:13 AM;Adobe Acrobat X Pro;C&S COMPUTADORES Y SUMINISTROS S.A;26811;License LAS 6 PACK (65178941);6;AGUAS NACIONALES EPM S.A. E.S.P.;.
2199877;2199877-001;ASGADR4FJYMVQAPKRHY7P9UDFF2AQG;Executed;ServiSoft S.A.;01337010;Software Shop;EMPRESAS PUBLICAS DE MEDELLIN E.S.P;2018/12/20 01:39:26 PM;;2025/11/10 05:45:13 PM;Stata;Software Shop;1400445;;1;EMPRESAS PUBLICAS DE MEDELLIN E.S.P;.
29990334248;29990334248-001;ASGADR4FJYMVQAPKRHY6P9UDFE2ANT;Executed;POWER LINES SYSTEM;01337010;POWER LINES SYSTEM;EMPRESAS PUBLICAS DE MEDELLIN E.S.P;2018/12/20 01:39:26 PM;2030/11/07 12:00:00 AM;2025/05/12 12:19:01 PM;PLS-CADD;POWER LINES SYSTEM;;;19;EMPRESAS PUBLICAS DE MEDELLIN E.S.P;.
29990334612;29990334612-001;ASGADR4FJYMVQAPKRHY9P9UDFH2AVW;Executed;The MathWorks;01989070;COMPONENTES ELECTRONICAS;EMPRESAS PUBLICAS DE MEDELLIN E.S.P;2018/12/20 01:39:37 PM;;2025/11/10 05:45:14 PM;MATLAB;COMPONENTES ELECTRONICAS;323859-336174;;1;EMPRESAS PUBLICAS DE MEDELLIN E.S.P;.
29990334612;29990334612-002;ASGADR4FJYMVQAPKRHY7P9UDFG2AQY;Executed;The MathWorks;01980173;COMPONENTES ELECTRONICAS;EMPRESAS PUBLICAS DE MEDELLIN E.S.P;2018/12/20 01:39:28 PM;;2025/11/10 05:45:13 PM;MATLAB;COMPONENTES ELECTRONICAS;323859-336174;;2;EMPRESAS PUBLICAS DE MEDELLIN E.S.P;.
29990334612;29990334612-003;ASGADR4FJYMVQAPKRHY4P9UDFD2AKC;Executed;The MathWorks;01312013;COMPONENTES ELECTRONICAS;EMPRESAS PUBLICAS DE MEDELLIN E.S.P;2018/12/20 01:39:21 PM;;2025/11/10 05:45:13 PM;MATLAB;COMPONENTES ELECTRONICAS;323859-336174;;1;EMPRESAS PUBLICAS DE MEDELLIN E.S.P;.
29990334612;29990334612-004;ASGADR4FJYMVQAPKRHY5P9UDFE2ALX;Executed;The MathWorks;01312070;COMPONENTES ELECTRONICAS;EMPRESAS PUBLICAS DE MEDELLIN E.S.P;2018/12/20 01:39:26 PM;;2025/11/10 05:45:14 PM;MATLAB;COMPONENTES ELECTRONICAS;323859-336174;;1;EMPRESAS PUBLICAS DE MEDELLIN E.S.P;.
29990334612;29990334612-005;ASGADR4FJYMVQAPKRHZCP9UDFQ2CJ3;Executed;The MathWorks;01337022;COMPONENTES ELECTRONICAS;EMPRESAS PUBLICAS DE MEDELLIN E.S.P;2018/12/20 01:39:49 PM;;2025/11/10 05:45:11 PM;MATLAB;COMPONENTES ELECTRONICAS;323859-336174;;1;EMPRESAS PUBLICAS DE MEDELLIN E.S.P;.
29990334612;29990334612-006;ASGADR4FJYMVQAPKRHY2P9UDFA2A3F;Executed;The MathWorks;01337383;COMPONENTES ELECTRONICAS;EMPRESAS PUBLICAS DE MEDELLIN E.S.P;2018/12/20 01:39:26 PM;;2025/11/10 05:45:13 PM;MATLAB;COMPONENTES ELECTRONICAS;323859-336174;;1;EMPRESAS PUBLICAS DE MEDELLIN E.S.P;.
29990334612;29990334612-007;ASGADR4FJYMVQAPKRHY7P9UDFG2AR1;Executed;The MathWorks;01337383;COMPONENTES ELECTRONICAS;EMPRESAS PUBLICAS DE MEDELLIN E.S.P;2018/12/20 01:39:26 PM;;2025/11/10 05:45:14 PM;MATLAB;COMPONENTES ELECTRONICAS;323859-336174;;1;EMPRESAS PUBLICAS DE MEDELLIN E.S.P;.
29990334612;29990334612-008;ASGADR4FJYMVQAPKRHY5P9UDFD2ALA;Executed;The MathWorks;01312014;COMPONENTES ELECTRONICAS;EMPRESAS PUBLICAS DE MEDELLIN E.S.P;2018/12/20 01:39:21 PM;;2025/11/10 05:45:11 PM;MATLAB;COMPONENTES ELECTRONICAS;323859-336174;;1;EMPRESAS PUBLICAS DE MEDELLIN E.S.P;.
29990334612;29990334612-009;ASGADR4FJYMVQAPKRHY7P9UDFF2AQM;Executed;The MathWorks;01980173;COMPONENTES ELECTRONICAS;EMPRESAS PUBLICAS DE MEDELLIN E.S.P;2018/12/20 01:39:28 PM;;2025/11/10 05:45:11 PM;MATLAB;COMPONENTES ELECTRONICAS;323859-336174;;1;EMPRESAS PUBLICAS DE MEDELLIN E.S.P;.
29990334814;29990334814-001;ASGADR4FJYMVQAPKRHY4P9UDFD2AKM;Executed;ServiSoft S.A.;01312030;LOVAL COLOMBIA S.A;EMPRESAS PUBLICAS DE MEDELLIN E.S.P;2018/12/20 01:39:26 PM;2030/01/04 12:00:00 AM;2026/01/06 07:26:10 AM;Unity Pro;LOVAL COLOMBIA S.A;1247142;;1;EMPRESAS PUBLICAS DE MEDELLIN E.S.P;.
29990429336;29990429336-001;ASGADR4FJYMVQAPKRHY5P9UDFD2AKO;Executed;ServiSoft S.A.;01312014;Desconocido;EMPRESAS PUBLICAS DE MEDELLIN E.S.P;2018/12/20 01:39:21 PM;;2019/03/28 10:29:52 AM;Hydstra software solution;Desconocido;1250071;;8;EMPRESAS PUBLICAS DE MEDELLIN E.S.P;.
29990435565;29990435565-001;ASGADR4FJYMVQAPKRHY8P9UDFG2ASN;Executed;SEL;01337383;SEL;EMPRESAS PUBLICAS DE MEDELLIN E.S.P;2018/12/20 01:39:26 PM;2030/02/02 12:00:00 AM;2025/05/12 12:19:01 PM;SEL-5010;SEL;1253271;;50;EMPRESAS PUBLICAS DE MEDELLIN E.S.P;.
29990435565;29990435565-002;ASGADR4FJYMVQAPKRHY7P9UDFG2ARZ;Executed;SEL;01337383;SEL;EMPRESAS PUBLICAS DE MEDELLIN E.S.P;2018/12/20 01:39:26 PM;2030/08/15 12:00:00 AM;2025/05/12 12:19:01 PM;SEL-5010;SEL;1253271;;1;EMPRESAS PUBLICAS DE MEDELLIN E.S.P;.
29990435565;29990435565-003;ASGADR4FJYMVQAPKRHY2P9UDFA2A37;Executed;SEL;01337383;SEL;EMPRESAS PUBLICAS DE MEDELLIN E.S.P;2018/12/20 01:39:26 PM;2030/08/15 12:00:00 AM;2025/05/12 12:19:01 PM;SEL-5010;SEL;1253271;;1;EMPRESAS PUBLICAS DE MEDELLIN E.S.P;.
29990435565;29990435565-004;ASGADR4FJYMVQAPKRHY2P9UDFB2A3Z;Executed;SEL;01337383;SEL;EMPRESAS PUBLICAS DE MEDELLIN E.S.P;2018/12/20 01:39:26 PM;2030/08/15 12:00:00 AM;2025/05/12 12:19:01 PM;SEL-5010;SEL;1253271;;50;EMPRESAS PUBLICAS DE MEDELLIN E.S.P;.
29990435565;29990435565-005;ASGADR4FJYMVQAPKRHYVP9UDF92BQ2;Executed;SEL;01989080;SEL;EMPRESAS PUBLICAS DE MEDELLIN E.S.P;2018/12/20 01:39:39 PM;2030/01/14 12:00:00 AM;2025/05/12 12:19:01 PM;SEL-5010;SEL;;;12;EMPRESAS PUBLICAS DE MEDELLIN E.S.P;.
29990435565;29990435565-006;ASGADR4FJYMVQAPKRHZAP9UDFP2CG1;Executed;SEL;01989080;SEL;EMPRESAS PUBLICAS DE MEDELLIN E.S.P;2018/12/20 01:39:41 PM;2030/01/14 12:00:00 AM;2025/05/12 12:19:01 PM;SEL-5010;SEL;;;12;EMPRESAS PUBLICAS DE MEDELLIN E.S.P;.
40313459;40313459-001;ASGADR4FJYMVQAPKRHY6P9UDFE2ANO;Executed;Trimble;01312042;PROCALCULO - PROSIS S.A.;EMPRESAS PUBLICAS DE MEDELLIN E.S.P;2018/12/20 01:39:21 PM;2030/06/05 12:00:00 AM;2025/05/12 12:19:01 PM;GPS Pathfinder Office;PROCALCULO - PROSIS S.A.;;;1;EMPRESAS PUBLICAS DE MEDELLIN E.S.P;.
40313459;40313459-002;ASGADR4FJYMVQAPKRHY2P9UDFB2A4L;Executed;TRIMBLE;01337383;PROCALCULO - PROSIS S.A.;EMPRESAS PUBLICAS DE MEDELLIN E.S.P;2018/12/20 01:39:26 PM;2030/06/05 12:00:00 AM;2025/05/12 12:19:01 PM;GPS Pathfinder Office;PROCALCULO - PROSIS S.A.;;;1;EMPRESAS PUBLICAS DE MEDELLIN E.S.P;.
40313459;40313459-003;ASGADR4FJYMVQAPKRHY8P9UDFG2AST;Executed;Trimble;01337384;PROCALCULO - PROSIS S.A.;EMPRESAS PUBLICAS DE MEDELLIN E.S.P;2018/12/20 01:39:26 PM;2030/06/05 12:00:00 AM;2025/05/12 12:19:01 PM;GPS Pathfinder Office;PROCALCULO - PROSIS S.A.;;;4;EMPRESAS PUBLICAS DE MEDELLIN E.S.P;.
4602534;4602534-001;ASGADR4FJYMVQAPKRHY7P9UDFG2ARF;Executed;SEL;01337383;Electrolumen;EMPRESAS PUBLICAS DE MEDELLIN E.S.P;2018/12/20 01:39:26 PM;2030/02/02 12:00:00 AM;2025/05/12 12:19:01 PM;SEL-5010;Electrolumen;;;1;EMPRESAS PUBLICAS DE MEDELLIN E.S.P;.
80000326888;80000326888-001;ASGADR4FJYMVQAPKRHY7P9UDFG2ARG;Executed;Adobe Inc.;01337280;Ingeniería Internacional en Automatización y Control IAC.LTDA;EMPRESAS PUBLICAS DE MEDELLIN E.S.P;2018/12/20 01:39:26 PM;2030/05/02 12:00:00 AM;2026/01/06 09:14:07 AM;Display Station 32;Ingeniería Internacional en Automatización y Control IAC.LTDA;;;1;EMPRESAS PUBLICAS DE MEDELLIN E.S.P;.
80000330287;80000330287-001;ASGADR4FJYMVQAPKRHY7P9UDFF2AQO;Executed;CorelDRAW;01337010;ABB Ltda;EMPRESAS PUBLICAS DE MEDELLIN E.S.P;2018/12/20 01:39:26 PM;;2025/11/10 05:45:14 PM;ABB;ABB Ltda;;;20;EMPRESAS PUBLICAS DE MEDELLIN E.S.P;.
80000330287;80000330287-002;ASGADR4FJYMVQAPKRHY7P9UDFF2AQ2;Executed;Adobe Inc.;01337010;ABB Ltda;EMPRESAS PUBLICAS DE MEDELLIN E.S.P;2018/12/20 01:39:26 PM;;2025/11/10 05:45:12 PM;IED Connect;ABB Ltda;;;20;EMPRESAS PUBLICAS DE MEDELLIN E.S.P;.
80000330399;80000330399-001;ASGADR4FJYMVQAPKRHYQP9UDF52B5S;Executed;Schneider Electric;01989080;SCHNEIDER ELECTRIC DE COLOMBIA;EMPRESAS PUBLICAS DE MEDELLIN E.S.P;2018/12/20 01:39:39 PM;;2025/11/10 05:45:11 PM;ION Enterprise;SCHNEIDER ELECTRIC DE COLOMBIA;;;3;EMPRESAS PUBLICAS DE MEDELLIN E.S.P;.
80000330399;80000330399-002;ASGADR4FJYMVQAPKRHYTP9UDF72BLY;Executed;Schneider Electric;01989070;SCHNEIDER ELECTRIC DE COLOMBIA;EMPRESAS PUBLICAS DE MEDELLIN E.S.P;2018/12/20 01:39:37 PM;;2025/11/10 05:45:12 PM;ION Enterprise;SCHNEIDER ELECTRIC DE COLOMBIA;;;1;EMPRESAS PUBLICAS DE MEDELLIN E.S.P;.
80000330399;80000330399-003;ASGADR4FJYMVQAPKRHYKP9UDFJ2BAM;Executed;Schneider Electric;01980294;SCHNEIDER ELECTRIC DE COLOMBIA;EMPRESAS PUBLICAS DE MEDELLIN E.S.P;2018/12/20 01:39:28 PM;;2025/11/10 05:45:15 PM;ION Enterprise;SCHNEIDER ELECTRIC DE COLOMBIA;;;1;EMPRESAS PUBLICAS DE MEDELLIN E.S.P;.
80000330399;80000330399-004;ASGADR4FJYMVQAPKRHY6P9UDFF2AOS;Executed;Schneider Electric;01337384;SCHNEIDER ELECTRIC DE COLOMBIA;EMPRESAS PUBLICAS DE MEDELLIN E.S.P;2018/12/20 01:39:26 PM;;2025/11/10 05:45:14 PM;ION Enterprise;SCHNEIDER ELECTRIC DE COLOMBIA;;;3;EMPRESAS PUBLICAS DE MEDELLIN E.S.P;.
80000330399;80000330399-005;ASGADR4FJYMVQAPKRHY7P9UDFG2AQZ;Executed;Schneider Electric;01337383;SCHNEIDER ELECTRIC DE COLOMBIA;EMPRESAS PUBLICAS DE MEDELLIN E.S.P;2018/12/20 01:39:26 PM;;2025/11/10 05:45:13 PM;ION Enterprise;SCHNEIDER ELECTRIC DE COLOMBIA;;;1;EMPRESAS PUBLICAS DE MEDELLIN E.S.P;.
80000330399;80000330399-006;ASGADR4FJYMVQAPKRHYMP9UDF02BD7;Executed;Schneider Electric;01989070;SCHNEIDER ELECTRIC DE COLOMBIA;EMPRESAS PUBLICAS DE MEDELLIN E.S.P;2018/12/20 01:39:39 PM;;2025/11/10 05:45:11 PM;ION Enterprise;SCHNEIDER ELECTRIC DE COLOMBIA;;;1;EMPRESAS PUBLICAS DE MEDELLIN E.S.P;.
80000331535;80000331535-001;ASGADR4FJYMVQAPKRHY2P9UDFA2A2Z;Executed;Adobe Inc.;01337380;POTENCIA Y TECNOLOGIAS INCORPORADAS S.A.;EMPRESAS PUBLICAS DE MEDELLIN E.S.P;2018/12/20 01:39:26 PM;2030/02/14 08:00:00 AM;2026/01/05 03:49:01 PM;Telus;POTENCIA Y TECNOLOGIAS INCORPORADAS S.A.;;;28;EMPRESAS PUBLICAS DE MEDELLIN E.S.P;.
80000331536;80000331536-001;ASGADR4FJYMVQAPKRHY7P9UDFF2AQ7;Executed;Desconocido;01337380;Desconocido;EMPRESAS PUBLICAS DE MEDELLIN E.S.P;2018/12/20 01:39:26 PM;;2019/01/03 03:06:19 PM;Produce;Desconocido;;;28;EMPRESAS PUBLICAS DE MEDELLIN E.S.P;.
80000333555;80000333555-001;ASGADR4FJYMVQAPKRHY8P9UDFG2ASW;Executed;Trimble;01411033;Datum Ingenieria Ltda.;EMPRESAS PUBLICAS DE MEDELLIN E.S.P;2018/12/20 01:39:26 PM;2030/10/09 12:00:00 AM;2026/01/05 03:53:30 PM;Trimble Business Center;Datum Ingenieria Ltda.;;;33;EMPRESAS PUBLICAS DE MEDELLIN E.S.P;.
80000336936;80000336936-001;ASGADR4FJYMVQAPKRHY1P9UDFA2A2L;Executed;Open Text Corporation;01337380;LAMPARAS Y EQUIPOS S.A.;EMPRESAS PUBLICAS DE MEDELLIN E.S.P;2018/12/20 01:39:26 PM;2030/02/14 08:00:00 AM;2026/01/05 03:40:43 PM;eTIMS;LAMPARAS Y EQUIPOS S.A.;;;138;EMPRESAS PUBLICAS DE MEDELLIN E.S.P;.
80000426220;80000426220-001;ASGADR4FJYMVQAPKRHY9P9UDFH2AWL;Executed;ServiSoft S.A.;01989070;Desconocido;EMPRESAS PUBLICAS DE MEDELLIN E.S.P;2018/12/20 01:39:37 PM;;2019/03/28 10:33:36 AM;HighScore;Desconocido;1324952;;1;EMPRESAS PUBLICAS DE MEDELLIN E.S.P;.
8000042652;8000042652-001;ASGADR4FJYMVQAPKRHY7P9UDFG2ASA;Executed;CorelDRAW;01337330;Calderón Cardona Ltda;EMPRESAS PUBLICAS DE MEDELLIN E.S.P;2018/12/20 01:39:26 PM;2030/06/12 08:00:00 AM;2026/01/06 10:18:15 AM;CorelDRAW Graphics Suite X3;Calderón Cardona Ltda;1333810;;1;EMPRESAS PUBLICAS DE MEDELLIN E.S.P;.
80000426748;80000426748-001;ASGADR4FJYMVQAPKRHYVP9UDFK2BRQ;Executed;BABYLON;01989080;Abits Colombia Ltda.;EMPRESAS PUBLICAS DE MEDELLIN E.S.P;2018/12/20 01:39:39 PM;;2025/11/10 05:45:12 PM;Babylon;Abits Colombia Ltda.;1325187;;1;EMPRESAS PUBLICAS DE MEDELLIN E.S.P;.
80000426748;80000426748-002;ASGADR4FJYMVQAPKRHY4P9UDFC2A8C;Executed;BABYLON;01312001;Abits Colombia Ltda.;EMPRESAS PUBLICAS DE MEDELLIN E.S.P;2018/12/20 01:39:21 PM;;2025/11/10 05:45:13 PM;Babylon;Abits Colombia Ltda.;1325187;;1;EMPRESAS PUBLICAS DE MEDELLIN E.S.P;.
80000426748;80000426748-003;ASGADR4FJYMVQAPKRHYKP9UDFJ2AZW;Executed;BABYLON;01980305;Abits Colombia Ltda.;EMPRESAS PUBLICAS DE MEDELLIN E.S.P;2018/12/20 01:39:28 PM;;2025/11/10 05:45:14 PM;Babylon;Abits Colombia Ltda.;1325187;;1;EMPRESAS PUBLICAS DE MEDELLIN E.S.P;.
80000426748;80000426748-004;ASGADR4FJYMVQAPKRHYOP9UDF32B04;Executed;BABYLON;01980123;Abits Colombia Ltda.;EMPRESAS PUBLICAS DE MEDELLIN E.S.P;2018/12/20 01:39:28 PM;;2025/11/10 05:45:13 PM;Babylon;Abits Colombia Ltda.;1325187;;9;EMPRESAS PUBLICAS DE MEDELLIN E.S.P;.
80000426748;80000426748-005;ASGADR4FJYMVQAPKRHYNP9UDF22BHR;Executed;BABYLON;01980173;Abits Colombia Ltda.;EMPRESAS PUBLICAS DE MEDELLIN E.S.P;2018/12/20 01:39:28 PM;;2025/11/10 05:45:12 PM;Babylon;Abits Colombia Ltda.;1325187;;1;EMPRESAS PUBLICAS DE MEDELLIN E.S.P;.
80000426748;80000426748-006;ASGADR4FJYMVQAPKRHY9P9UDFH2AWM;Executed;BABYLON;01980286;Abits Colombia Ltda.;EMPRESAS PUBLICAS DE MEDELLIN E.S.P;2018/12/20 01:39:28 PM;;2025/11/10 05:45:14 PM;Babylon;Abits Colombia Ltda.;1325187;;2;EMPRESAS PUBLICAS DE MEDELLIN E.S.P;.
80000426748;80000426748-007;ASGADR4FJYMVQAPKRHY4P9UDFD2A95;Executed;BABYLON;01312014;Abits Colombia Ltda.;EMPRESAS PUBLICAS DE MEDELLIN E.S.P;2018/12/20 01:39:21 PM;;2025/11/10 05:45:13 PM;Babylon;Abits Colombia Ltda.;1325187;;1;EMPRESAS PUBLICAS DE MEDELLIN E.S.P;.
80000426748;80000426748-008;ASGADR4FJYMVQAPKRHY2P9UDFB2A4F;Executed;BABYLON;01337383;Abits Colombia Ltda.;EMPRESAS PUBLICAS DE MEDELLIN E.S.P;2018/12/20 01:39:26 PM;;2025/11/10 05:45:13 PM;Babylon;Abits Colombia Ltda.;1325187;;2;EMPRESAS PUBLICAS DE MEDELLIN E.S.P;.
80000426748;80000426748-009;ASGADR4FJYMVQAPKRHY6P9UDFE2AN6;Executed;BABYLON;01337010;Abits Colombia Ltda.;EMPRESAS PUBLICAS DE MEDELLIN E.S.P;2018/12/20 01:39:26 PM;;2025/11/10 05:45:15 PM;Babylon;Abits Colombia Ltda.;1325187;;1;EMPRESAS PUBLICAS DE MEDELLIN E.S.P;.
80000426748;80000426748-010;ASGADR4FJYMVQAPKRHZ1P9UDFZ2CWW;Executed;BABYLON;01337022;Abits Colombia Ltda.;EMPRESAS PUBLICAS DE MEDELLIN E.S.P;2018/12/20 01:39:50 PM;;2025/11/10 05:45:14 PM;Babylon;Abits Colombia Ltda.;1325187;;2;EMPRESAS PUBLICAS DE MEDELLIN E.S.P;.
80000426748;80000426748-011;ASGADR4FJYMVQAPKRHZAP9UDFP2CF6;Executed;BABYLON;01337022;Abits Colombia Ltda.;EMPRESAS PUBLICAS DE MEDELLIN E.S.P;2018/12/20 01:39:49 PM;;2025/11/10 05:45:13 PM;Babylon;Abits Colombia Ltda.;1325187;;3;EMPRESAS PUBLICAS DE MEDELLIN E.S.P;.
80000426748;80000426748-012;ASGADR4FJYMVQAPKRHZZP9UDGO2E32;Executed;BABYLON;01337022;Abits Colombia Ltda.;EMPRESAS PUBLICAS DE MEDELLIN E.S.P;2018/12/20 01:39:50 PM;;2025/11/10 05:45:14 PM;Babylon;Abits Colombia Ltda.;1325187;;2;EMPRESAS PUBLICAS DE MEDELLIN E.S.P;.
80000426748;80000426748-013;ASGADR4FJYMVQAPKRHZKP9UDGJ2D5S;Executed;BABYLON;01337023;Abits Colombia Ltda.;EMPRESAS PUBLICAS DE MEDELLIN E.S.P;2018/12/20 01:39:51 PM;;2025/11/10 05:45:11 PM;Babylon;Abits Colombia Ltda.;1325187;;1;EMPRESAS PUBLICAS DE MEDELLIN E.S.P;.
80000426748;80000426748-014;ASGADR4FJYMVQAPKRHZLP9UDGJ2D7L;Executed;BABYLON;01337023;Abits Colombia Ltda.;EMPRESAS PUBLICAS DE MEDELLIN E.S.P;2018/12/20 01:39:50 PM;;2025/11/10 05:45:15 PM;Babylon;Abits Colombia Ltda.;1325187;;2;EMPRESAS PUBLICAS DE MEDELLIN E.S.P;.
80000426748;80000426748-015;ASGADR4FJYMVQAPKRHZXP9UDGM2EJK;Executed;BABYLON;01337023;Abits Colombia Ltda.;EMPRESAS PUBLICAS DE MEDELLIN E.S.P;2018/12/20 01:39:48 PM;;2025/11/10 05:45:15 PM;Babylon;Abits Colombia Ltda.;1325187;;2;EMPRESAS PUBLICAS DE MEDELLIN E.S.P;.
80000426748;80000426748-016;ASGADR4FJYMVQAPKRHZAP9UDFP2CGJ;Executed;BABYLON;01337023;Abits Colombia Ltda.;EMPRESAS PUBLICAS DE MEDELLIN E.S.P;2018/12/20 01:39:49 PM;;2025/11/10 05:45:11 PM;Babylon;Abits Colombia Ltda.;1325187;;1;EMPRESAS PUBLICAS DE MEDELLIN E.S.P;.
80000426748;80000426748-017;ASGADR4FJYMVQAPKRHY8P9UDFG2ATA;Executed;BABYLON;01337330;Abits Colombia Ltda.;EMPRESAS PUBLICAS DE MEDELLIN E.S.P;2018/12/20 01:39:26 PM;;2025/11/10 05:45:11 PM;Babylon;Abits Colombia Ltda.;1325187;;2;EMPRESAS PUBLICAS DE MEDELLIN E.S.P;.
80000426748;80000426748-018;ASGADR4FJYMVQAPKRHZSP9UDG72EBD;Executed;BABYLON;01312030;Abits Colombia Ltda.;EMPRESAS PUBLICAS DE MEDELLIN E.S.P;2018/12/20 01:39:50 PM;;2025/11/10 05:45:15 PM;Babylon;Abits Colombia Ltda.;1325187;;2;EMPRESAS PUBLICAS DE MEDELLIN E.S.P;.
80000426748;80000426748-019;ASGADR4FJYMVQAPKRHY6P9UDFF2AP0;Executed;BABYLON;01337500;Abits Colombia Ltda.;EMPRESAS PUBLICAS DE MEDELLIN E.S.P;2018/12/20 01:39:26 PM;;2025/11/10 05:45:12 PM;Babylon;Abits Colombia Ltda.;1325187;;1;EMPRESAS PUBLICAS DE MEDELLIN E.S.P;.
80000426748;80000426748-020;ASGADR4FJYMVQAPKRHZBP9UDFP2CGN;Executed;BABYLON;01989080;Abits Colombia Ltda.;EMPRESAS PUBLICAS DE MEDELLIN E.S.P;2018/12/20 01:39:41 PM;;2025/11/10 05:45:11 PM;Babylon;Abits Colombia Ltda.;1325187;;6;EMPRESAS PUBLICAS DE MEDELLIN E.S.P;.
80000426748;80000426748-021;ASGADR4FJYMVQAPKRHYQP9UDF42B40;Executed;BABYLON;01989080;Abits Colombia Ltda.;EMPRESAS PUBLICAS DE MEDELLIN E.S.P;2018/12/20 01:39:39 PM;;2025/11/10 05:45:12 PM;Babylon;Abits Colombia Ltda.;1325187;;6;EMPRESAS PUBLICAS DE MEDELLIN E.S.P;.
80000426748;80000426748-022;ASGADR4FJYMVQAPKRHYTP9UDF72BMF;Executed;BABYLON;01989080;Abits Colombia Ltda.;EMPRESAS PUBLICAS DE MEDELLIN E.S.P;2018/12/20 01:39:41 PM;;2025/11/10 05:45:11 PM;Babylon;Abits Colombia Ltda.;1325187;;6;EMPRESAS PUBLICAS DE MEDELLIN E.S.P;.
80000427132;80000427132-001;ASGADR4FJYMVQAPKRHYQP9UDF52B5M;Executed;CorelDRAW;01985075;Calderón Cardona Ltda;EMPRESAS PUBLICAS DE MEDELLIN E.S.P;2018/12/20 01:39:31 PM;2030/06/12 08:00:00 AM;2026/01/06 09:23:49 AM;CorelDRAW Graphics Suite X3;Calderón Cardona Ltda;1333810;;1;EMPRESAS PUBLICAS DE MEDELLIN E.S.P;.
80000427773;80000427773-001;ASGADR4FJYMVQAPKRHYUP9UDF92BQC;Executed;Adobe Inc.;01989080;CyS;EMPRESAS PUBLICAS DE MEDELLIN E.S.P;2018/12/20 01:39:39 PM;;2025/11/10 05:45:12 PM;Adobe Acrobat 9 Pro;CyS;1537522-1537536;;1;EMPRESAS PUBLICAS DE MEDELLIN E.S.P;.
80000427773;80000427773-002;ASGADR4FJYMVQAPKRHZCP9UDFR2C00;Executed;Adobe Inc.;01989080;CyS;EMPRESAS PUBLICAS DE MEDELLIN E.S.P;2018/12/20 01:39:41 PM;;2025/11/10 05:45:11 PM;Adobe Acrobat 9 Pro;CyS;;;1;EMPRESAS PUBLICAS DE MEDELLIN E.S.P;.
80000427773;80000427773-003;ASGADR4FJYMVQAPKRHYWP9UDFL2BWP;Executed;Adobe Inc.;01989080;CyS;EMPRESAS PUBLICAS DE MEDELLIN E.S.P;2018/12/20 01:39:39 PM;;2025/11/10 05:45:11 PM;Adobe Acrobat 9 Pro;CyS;;;1;EMPRESAS PUBLICAS DE MEDELLIN E.S.P;.
80000427773;80000427773-004;ASGADR4FJYMVQAPKRHY9P9UDFH2AWH;Executed;Adobe Inc.;01980630;CyS;EMPRESAS PUBLICAS DE MEDELLIN E.S.P;2018/12/20 01:39:31 PM;;2025/11/10 05:45:11 PM;Adobe Acrobat 9 Pro;CyS;1486425;;2;EMPRESAS PUBLICAS DE MEDELLIN E.S.P;.
80000427773;80000427773-005;ASGADR4FJYMVQAPKRHYUP9UDF82BO8;Executed;Adobe Inc.;01982100;CyS;EMPRESAS PUBLICAS DE MEDELLIN E.S.P;2018/12/20 01:39:31 PM;;2025/11/10 05:45:15 PM;Adobe Acrobat 9 Pro;CyS;;;1;EMPRESAS PUBLICAS DE MEDELLIN E.S.P;.
80000427773;80000427773-006;ASGADR4FJYMVQAPKRHY3P9UDFC2A7B;Executed;Adobe Inc.;01312013;CyS;EMPRESAS PUBLICAS DE MEDELLIN E.S.P;2018/12/20 01:39:21 PM;;2025/11/10 05:45:12 PM;Adobe Acrobat 9 Pro;CyS;;;1;EMPRESAS PUBLICAS DE MEDELLIN E.S.P;.
80000427773;80000427773-007;ASGADR4FJYMVQAPKRHY2P9UDFB2A43;Executed;Adobe Inc.;01300224;CyS;EMPRESAS PUBLICAS DE MEDELLIN E.S.P;2018/12/20 01:39:21 PM;;2025/11/10 05:45:14 PM;Adobe Acrobat 9 Pro;CyS;;;1;EMPRESAS PUBLICAS DE MEDELLIN E.S.P;.
80000427773;80000427773-008;ASGADR4FJYMVQAPKRHY5P9UDFD2AKX;Executed;Adobe Inc.;01312042;CyS;EMPRESAS PUBLICAS DE MEDELLIN E.S.P;2018/12/20 01:39:26 PM;;2025/11/10 05:45:15 PM;Adobe Acrobat 9 Pro;CyS;1537522-1537536;;2;EMPRESAS PUBLICAS DE MEDELLIN E.S.P;.
80000427773;80000427773-009;ASGADR4FJYMVQAPKRHY5P9UDFE2ANA;Executed;Adobe Inc.;01312030;CyS;EMPRESAS PUBLICAS DE MEDELLIN E.S.P;2018/12/20 01:39:21 PM;;2025/11/10 05:45:15 PM;Adobe Acrobat 9 Pro;CyS;1537522-1537536;;1;EMPRESAS PUBLICAS DE MEDELLIN E.S.P;.
80000427773;80000427773-01;ASGADR4FJYMVQAPKRHZ8P9UDGG2D1E;Executed;Adobe Inc.;01411054;C&S COMPUTADORES Y SUMINISTROS S.A;EMPRESAS PUBLICAS DE MEDELLIN E.S.P;2018/12/20 01:39:50 PM;2030/02/02 12:00:00 AM;2025/05/12 12:19:01 PM;Adobe Flash CS3 Professional;C&S COMPUTADORES Y SUMINISTROS S.A;1400536;;2;EMPRESAS PUBLICAS DE MEDELLIN E.S.P;.
80000427773;80000427773-010;ASGADR4FJYMVQAPKRHY6P9UDFE2AN5;Executed;Adobe Inc.;01980146;CyS;EMPRESAS PUBLICAS DE MEDELLIN E.S.P;2018/12/20 01:39:28 PM;;2025/11/10 05:45:12 PM;Adobe Acrobat 9 Pro;CyS;;;1;EMPRESAS PUBLICAS DE MEDELLIN E.S.P;.
80000427773;80000427773-011;ASGADR4FJYMVQAPKRHYOP9UDF22BJ2;Executed;Adobe Inc.;01980282;CyS;EMPRESAS PUBLICAS DE MEDELLIN E.S.P;2018/12/20 01:39:28 PM;;2025/11/10 05:45:14 PM;Adobe Acrobat 9 Pro;CyS;;;1;EMPRESAS PUBLICAS DE MEDELLIN E.S.P;.
80000427773;80000427773-012;ASGADR4FJYMVQAPKRHYOP9UDF32BJ7;Executed;Adobe Inc.;01980113;CyS;EMPRESAS PUBLICAS DE MEDELLIN E.S.P;2018/12/20 01:39:26 PM;;2025/11/10 05:45:13 PM;Adobe Acrobat 9 Pro;CyS;;;1;EMPRESAS PUBLICAS DE MEDELLIN E.S.P;.
80000427773;80000427773-013;ASGADR4FJYMVQAPKRHYVP9UDFK2BR8;Executed;Adobe Inc.;01985021;CyS;EMPRESAS PUBLICAS DE MEDELLIN E.S.P;2018/12/20 01:39:31 PM;;2025/11/10 05:45:11 PM;Adobe Acrobat 9 Pro;CyS;1553641;;2;EMPRESAS PUBLICAS DE MEDELLIN E.S.P;.
80000427773;80000427773-014;ASGADR4FJYMVQAPKRHYTP9UDF82BNB;Executed;Adobe Inc.;01980718;CyS;EMPRESAS PUBLICAS DE MEDELLIN E.S.P;2018/12/20 01:39:31 PM;;2025/11/10 05:45:12 PM;Adobe Acrobat 9 Pro;CyS;1553641;;6;EMPRESAS PUBLICAS DE MEDELLIN E.S.P;.
80000427773;80000427773-015;ASGADR4FJYMVQAPKRHYUP9UDF92BQB;Executed;Adobe Inc.;01989080;CyS;EMPRESAS PUBLICAS DE MEDELLIN E.S.P;2018/12/20 01:39:39 PM;;2025/11/10 05:45:14 PM;Adobe Acrobat 9 Pro;CyS;;;1;EMPRESAS PUBLICAS DE MEDELLIN E.S.P;.
80000427773;80000427773-016;ASGADR4FJYMVQAPKRHZ3P9UDGC2DCO;Executed;Adobe Inc.;01980568;CyS;EMPRESAS PUBLICAS DE MEDELLIN E.S.P;2018/12/20 01:39:49 PM;;2025/11/10 05:45:12 PM;Adobe Acrobat 8 Professional;CyS;1437602;;1;EMPRESAS PUBLICAS DE MEDELLIN E.S.P;.
80000427773;80000427773-017;ASGADR4FJYMVQAPKRHY5P9UDFD2ALO;Executed;Adobe Inc.;01312014;CyS;EMPRESAS PUBLICAS DE MEDELLIN E.S.P;2018/12/20 01:39:21 PM;;2025/11/10 05:45:14 PM;Adobe Acrobat 8 Professional;CyS;1422417;;1;EMPRESAS PUBLICAS DE MEDELLIN E.S.P;.
80000427773;80000427773-018;ASGADR4FJYMVQAPKRHY8P9UDFG2AS4;Executed;Adobe Inc.;01980200;CyS;EMPRESAS PUBLICAS DE MEDELLIN E.S.P;2018/12/20 01:39:28 PM;;2025/11/10 05:45:12 PM;Adobe Acrobat 8 Professional;CyS;1417616;;1;EMPRESAS PUBLICAS DE MEDELLIN E.S.P;.
80000427773;80000427773-019;ASGADR4FJYMVQAPKRHYRP9UDF52B7J;Executed;Adobe Inc.;01985080;CyS;EMPRESAS PUBLICAS DE MEDELLIN E.S.P;2018/12/20 01:39:31 PM;;2025/11/10 05:45:15 PM;Adobe Acrobat 8 Professional;CyS;1414515;;3;EMPRESAS PUBLICAS DE MEDELLIN E.S.P;.
80000427773;80000427773-020;ASGADR4FJYMVQAPKRHY8P9UDFH2AVC;Executed;Adobe Inc.;01989025;CyS;EMPRESAS PUBLICAS DE MEDELLIN E.S.P;2018/12/20 01:39:37 PM;;2025/11/10 05:45:11 PM;Adobe Acrobat 8 Professional;CyS;1468986;;1;EMPRESAS PUBLICAS DE MEDELLIN E.S.P;.
80000427773;80000427773-021;ASGADR4FJYMVQAPKRHY4P9UDFD2AKL;Executed;Adobe Inc.;01727553;CyS;EMPRESAS PUBLICAS DE MEDELLIN E.S.P;2018/12/20 01:39:28 PM;;2025/11/10 05:45:11 PM;Adobe Acrobat 8 Professional;CyS;1469001;;1;EMPRESAS PUBLICAS DE MEDELLIN E.S.P;.
80000427773;80000427773-022;ASGADR4FJYMVQAPKRHYOP9UDF32B0F;Executed;Adobe Inc.;01980286;CyS;EMPRESAS PUBLICAS DE MEDELLIN E.S.P;2018/12/20 01:39:28 PM;;2025/11/10 05:45:14 PM;Adobe Acrobat 9 Pro;CyS;1590372-1590163;;1;EMPRESAS PUBLICAS DE MEDELLIN E.S.P;.
80000427773;80000427773-023;ASGADR4FJYMVQAPKRHZ8P9UDGH2D1L;Executed;Adobe Inc.;01980609;CyS;EMPRESAS PUBLICAS DE MEDELLIN E.S.P;2018/12/20 01:39:51 PM;;2025/11/10 05:45:11 PM;Adobe Acrobat 9 Pro;CyS;1590372-1590163;;1;EMPRESAS PUBLICAS DE MEDELLIN E.S.P;.
80000427773;80000427773-024;ASGADR4FJYMVQAPKRHY3P9UDFC2A7H;Executed;Adobe Inc.;01312013;CyS;EMPRESAS PUBLICAS DE MEDELLIN E.S.P;2018/12/20 01:39:21 PM;;2025/11/10 05:45:11 PM;Adobe Acrobat 9 Pro;CyS;1591095;;1;EMPRESAS PUBLICAS DE MEDELLIN E.S.P;.
80000427773;80000427773-025;ASGADR4FJYMVQAPKRHYNP9UDF12BG9;Executed;Adobe Inc.;01980450;CyS;EMPRESAS PUBLICAS DE MEDELLIN E.S.P;2018/12/20 01:39:28 PM;;2025/11/10 05:45:12 PM;Adobe Acrobat 9 Pro;CyS;1612438;;1;EMPRESAS PUBLICAS DE MEDELLIN E.S.P;.
80000427773;80000427773-026;ASGADR4FJYMVQAPKRHYKP9UDFJ2BAJ;Executed;Adobe Inc.;01980805;CyS;EMPRESAS PUBLICAS DE MEDELLIN E.S.P;2018/12/20 01:39:31 PM;;2025/11/10 05:45:12 PM;Adobe Acrobat 9 Pro;CyS;1612443;;1;EMPRESAS PUBLICAS DE MEDELLIN E.S.P;.
80000427773;80000427773-027;ASGADR4FJYMVQAPKRHYRP9UDF52B6M;Executed;Adobe Inc.;01985080;CyS;EMPRESAS PUBLICAS DE MEDELLIN E.S.P;2018/12/20 01:39:31 PM;;2025/11/10 05:45:13 PM;Adobe Acrobat 8 Standard;CyS;14375602;;1;EMPRESAS PUBLICAS DE MEDELLIN E.S.P;.
80000427773;80000427773-028;ASGADR4FJYMVQAPKRHYNP9UDF12BGC;Executed;Adobe Inc.;01985080;CyS;EMPRESAS PUBLICAS DE MEDELLIN E.S.P;2018/12/20 01:39:37 PM;;2025/11/10 05:45:13 PM;Adobe Acrobat 8 Standard;CyS;1471751;;1;EMPRESAS PUBLICAS DE MEDELLIN E.S.P;.
80000427773;80000427773-029;ASGADR4FJYMVQAPKRHZSP9UDG72EB3;Executed;Adobe Inc.;01980612;CyS;EMPRESAS PUBLICAS DE MEDELLIN E.S.P;2018/12/20 01:39:50 PM;;2025/11/10 05:45:13 PM;Adobe Contribute CS3;CyS;1414515;;1;EMPRESAS PUBLICAS DE MEDELLIN E.S.P;.
80000427773;80000427773-030;ASGADR4FJYMVQAPKRHYMP9UDF12BEK;Executed;Adobe Inc.;01980335;CyS;EMPRESAS PUBLICAS DE MEDELLIN E.S.P;2018/12/20 01:39:28 PM;;2025/11/10 05:45:15 PM;Adobe Contribute CS3;CyS;1414515;;1;EMPRESAS PUBLICAS DE MEDELLIN E.S.P;.
80000427773;80000427773-031;ASGADR4FJYMVQAPKRHYMP9UDF12BF1;Executed;Adobe Inc.;01980315;CyS;EMPRESAS PUBLICAS DE MEDELLIN E.S.P;2018/12/20 01:39:28 PM;;2025/11/10 05:45:12 PM;Adobe Contribute CS4;CyS;;;29;EMPRESAS PUBLICAS DE MEDELLIN E.S.P;.
80000427773;80000427773-032;ASGADR4FJYMVQAPKRHYKP9UDFI2AZ6;Executed;Adobe Inc.;01980152;CyS;EMPRESAS PUBLICAS DE MEDELLIN E.S.P;2018/12/20 01:39:28 PM;;2025/11/10 05:45:14 PM;Adobe Contribute CS4;CyS;1591096;;1;EMPRESAS PUBLICAS DE MEDELLIN E.S.P;.
80000427773;80000427773-033;ASGADR4FJYMVQAPKRHYMP9UDF12BEZ;Executed;Adobe Inc.;01980315;CyS;EMPRESAS PUBLICAS DE MEDELLIN E.S.P;2018/12/20 01:39:28 PM;;2025/11/10 05:45:11 PM;Adobe Creative Suite 3 Master Collection;CyS;1402531;;2;EMPRESAS PUBLICAS DE MEDELLIN E.S.P;.
80000427773;80000427773-034;ASGADR4FJYMVQAPKRHYOP9UDF32BJU;Executed;Adobe Inc.;01980315;CyS;EMPRESAS PUBLICAS DE MEDELLIN E.S.P;2018/12/20 01:39:28 PM;;2025/11/10 05:45:12 PM;Adobe Creative Suite 3 Master Collection;CyS;1402531;;3;EMPRESAS PUBLICAS DE MEDELLIN E.S.P;.
80000427773;80000427773-035;ASGADR4FJYMVQAPKRHYQP9UDF52B5L;Executed;Adobe Inc.;01980335;CyS;EMPRESAS PUBLICAS DE MEDELLIN E.S.P;2018/12/20 01:39:28 PM;;2025/11/10 05:45:15 PM;Adobe Creative Suite 4 Master Collection;CyS;1590163;;1;EMPRESAS PUBLICAS DE MEDELLIN E.S.P;.
80000427773;80000427773-036;ASGADR4FJYMVQAPKRHYLP9UDFJ2BBA;Executed;Adobe Inc.;01980315;CyS;EMPRESAS PUBLICAS DE MEDELLIN E.S.P;2018/12/20 01:39:28 PM;;2025/11/10 05:45:15 PM;Adobe Design Premium CS4;CyS;1590372-1590163;;1;EMPRESAS PUBLICAS DE MEDELLIN E.S.P;.
80000427773;80000427773-037;ASGADR4FJYMVQAPKRHYMP9UDF12BFS;Executed;Adobe Inc.;01980315;CyS;EMPRESAS PUBLICAS DE MEDELLIN E.S.P;2018/12/20 01:39:28 PM;;2025/11/10 05:45:11 PM;Adobe Design Standard CS3;CyS;1414515;;1;EMPRESAS PUBLICAS DE MEDELLIN E.S.P;.
80000427773;80000427773-038;ASGADR4FJYMVQAPKRHYWP9UDFL2BUA;Executed;Adobe Inc.;01989070;CyS;EMPRESAS PUBLICAS DE MEDELLIN E.S.P;2018/12/20 01:39:37 PM;;2025/11/10 05:45:15 PM;Adobe PDistiller;CyS;;;100;EMPRESAS PUBLICAS DE MEDELLIN E.S.P;.
80000427773;80000427773-039;ASGADR4FJYMVQAPKRHZ6P9UDGF2DHW;Executed;Adobe Inc.;01980568;CyS;EMPRESAS PUBLICAS DE MEDELLIN E.S.P;2018/12/20 01:39:51 PM;;2025/11/10 05:45:12 PM;Adobe Dreamweaver CS3;CyS;1406310;;1;EMPRESAS PUBLICAS DE MEDELLIN E.S.P;.
80000427773;80000427773-040;ASGADR4FJYMVQAPKRHY9P9UDFH2AWI;Executed;Adobe Inc.;01989070;CyS;EMPRESAS PUBLICAS DE MEDELLIN E.S.P;2018/12/20 01:39:37 PM;;2025/11/10 05:45:12 PM;Adobe Dreamweaver CS4;CyS;1590372-1590163;;1;EMPRESAS PUBLICAS DE MEDELLIN E.S.P;.
80000427773;80000427773-041;ASGADR4FJYMVQAPKRHZTP9UDG72EBV;Executed;Adobe Inc.;01980568;CyS;EMPRESAS PUBLICAS DE MEDELLIN E.S.P;2018/12/20 01:39:50 PM;;2025/11/10 05:45:12 PM;Adobe Fireworks CS3;CyS;1437602;;1;EMPRESAS PUBLICAS DE MEDELLIN E.S.P;.
80000427773;80000427773-042;ASGADR4FJYMVQAPKRHYNP9UDF12BGM;Executed;Adobe Inc.;01980315;CyS;EMPRESAS PUBLICAS DE MEDELLIN E.S.P;2018/12/20 01:39:28 PM;;2025/11/10 05:45:11 PM;Adobe Fireworks CS4;CyS;1570901;;1;EMPRESAS PUBLICAS DE MEDELLIN E.S.P;.
80000427773;80000427773-043;ASGADR4FJYMVQAPKRHY6P9UDFF2APN;Executed;Adobe Inc.;01411040;CyS;EMPRESAS PUBLICAS DE MEDELLIN E.S.P;2018/12/20 01:39:26 PM;;2025/11/10 05:45:15 PM;Adobe Fireworks CS4;CyS;1612443;;1;EMPRESAS PUBLICAS DE MEDELLIN E.S.P;.
80000427773;80000427773-044;ASGADR4FJYMVQAPKRHY4P9UDFD2A9M;Executed;Adobe Inc.;01727552;CyS;EMPRESAS PUBLICAS DE MEDELLIN E.S.P;2018/12/20 01:39:26 PM;;2025/11/10 05:45:11 PM;Adobe Illustrator CS4;CyS;1537539;;1;EMPRESAS PUBLICAS DE MEDELLIN E.S.P;.
80000427773;80000427773-045;ASGADR4FJYMVQAPKRHZCP9UDFQ2CIP;Executed;Adobe Inc.;01980568;CyS;EMPRESAS PUBLICAS DE MEDELLIN E.S.P;2018/12/20 01:39:49 PM;;2025/11/10 05:45:13 PM;Adobe Illustrator CS3;CyS;1437602;;1;EMPRESAS PUBLICAS DE MEDELLIN E.S.P;.
80000427773;80000427773-046;ASGADR4FJYMVQAPKRHYLP9UDFJ2BB2;Executed;Adobe Inc.;01980315;CyS;EMPRESAS PUBLICAS DE MEDELLIN E.S.P;2018/12/20 01:39:28 PM;;2025/11/10 05:45:12 PM;Adobe Illustrator CS4;CyS;1590372-1590163;;1;EMPRESAS PUBLICAS DE MEDELLIN E.S.P;.
80000427773;80000427773-047;ASGADR4FJYMVQAPKRHZWP9UDGL2EI2;Executed;Adobe Inc.;01980568;CyS;EMPRESAS PUBLICAS DE MEDELLIN E.S.P;2018/12/20 01:39:50 PM;;2025/11/10 05:45:11 PM;Adobe InDesign CS4;CyS;1570901;;1;EMPRESAS PUBLICAS DE MEDELLIN E.S.P;.
80000427773;80000427773-048;ASGADR4FJYMVQAPKRHZTP9UDG82ECZ;Executed;Adobe Inc.;01980631;CyS;EMPRESAS PUBLICAS DE MEDELLIN E.S.P;2018/12/20 01:39:51 PM;2030/09/01 12:00:00 AM;2025/11/10 05:45:13 PM;Macromedia Studio;CyS;1437602;;1;EMPRESAS PUBLICAS DE MEDELLIN E.S.P;.
80000427773;80000427773-049;ASGADR4FJYMVQAPKRHY4P9UDFD2AK5;Executed;Adobe Inc.;01312030;CyS;EMPRESAS PUBLICAS DE MEDELLIN E.S.P;2018/12/20 01:39:26 PM;;2025/11/10 05:45:15 PM;Adobe Photoshop CS2;CyS;1379653;;1;EMPRESAS PUBLICAS DE MEDELLIN E.S.P;.
80000427773;80000427773-050;ASGADR4FJYMVQAPKRHYNP9UDF12BGO;Executed;Adobe Inc.;01727552;CyS;EMPRESAS PUBLICAS DE MEDELLIN E.S.P;2018/12/20 01:39:26 PM;;2025/11/10 05:45:13 PM;Adobe Photoshop CS4;CyS;1537539;;1;EMPRESAS PUBLICAS DE MEDELLIN E.S.P;.
80000427773;80000427773-051;ASGADR4FJYMVQAPKRHZ6P9UDGF2DIB;Executed;Adobe Inc.;01980568;CyS;EMPRESAS PUBLICAS DE MEDELLIN E.S.P;2018/12/20 01:39:49 PM;;2025/11/10 05:45:12 PM;Adobe Photoshop CS4;CyS;1570901;;1;EMPRESAS PUBLICAS DE MEDELLIN E.S.P;.
80000427773;80000427773-052;ASGADR4FJYMVQAPKRHYPP9UDF42B36;Executed;Adobe Inc.;01980315;CyS;EMPRESAS PUBLICAS DE MEDELLIN E.S.P;2018/12/20 01:39:28 PM;;2025/11/10 05:45:14 PM;Adobe Photoshop CS4;CyS;1590372-1590163;;1;EMPRESAS PUBLICAS DE MEDELLIN E.S.P;.
80000427773;80000427773-053;ASGADR4FJYMVQAPKRHYLP9UDFJ2BAU;Executed;Adobe Inc.;01980315;CyS;EMPRESAS PUBLICAS DE MEDELLIN E.S.P;2018/12/20 01:39:28 PM;;2025/11/10 05:45:15 PM;Adobe CS6 Design and Web Premium;CyS;1414515;;1;EMPRESAS PUBLICAS DE MEDELLIN E.S.P;.
80000427773;80000427773-054;ASGADR4FJYMVQAPKRHYOP9UDF32BJS;Executed;Adobe Inc.;01980123;CyS;EMPRESAS PUBLICAS DE MEDELLIN E.S.P;2018/12/20 01:39:26 PM;;2025/11/10 05:45:13 PM;Macromedia Contribute 3;CyS;;;1;EMPRESAS PUBLICAS DE MEDELLIN E.S.P;.
80000427773;80000427773-055;ASGADR4FJYMVQAPKRHY7P9UDFF2AQS;Executed;Adobe Inc.;01337500;CyS;EMPRESAS PUBLICAS DE MEDELLIN E.S.P;2018/12/20 01:39:26 PM;;2025/11/10 05:45:14 PM;Macromedia Contribute 3;CyS;;;1;EMPRESAS PUBLICAS DE MEDELLIN E.S.P;.
80000427773;80000427773-056;ASGADR4FJYMVQAPKRHYNP9UDF22BIG;Executed;Adobe Inc.;01727553;CyS;EMPRESAS PUBLICAS DE MEDELLIN E.S.P;2018/12/20 01:39:26 PM;;2025/11/10 05:45:11 PM;Macromedia Contribute 3;CyS;;;3;EMPRESAS PUBLICAS DE MEDELLIN E.S.P;.
80000427773;80000427773-057;ASGADR4FJYMVQAPKRHZCP9UDFR2C0G;Executed;Adobe Inc.;01989080;CyS;EMPRESAS PUBLICAS DE MEDELLIN E.S.P;2018/12/20 01:39:41 PM;;2025/11/10 05:45:15 PM;Macromedia Contribute 3;CyS;;;1;EMPRESAS PUBLICAS DE MEDELLIN E.S.P;.
80000427773;80000427773-058;ASGADR4FJYMVQAPKRHYWP9UDFK2BT8;Executed;Adobe Inc.;01989080;CyS;EMPRESAS PUBLICAS DE MEDELLIN E.S.P;2018/12/20 01:39:39 PM;;2025/11/10 05:45:14 PM;Macromedia Contribute 3;CyS;;;1;EMPRESAS PUBLICAS DE MEDELLIN E.S.P;.
80000427773;80000427773-059;ASGADR4FJYMVQAPKRHYPP9UDF42B2S;Executed;Adobe Inc.;01989080;CyS;EMPRESAS PUBLICAS DE MEDELLIN E.S.P;2018/12/20 01:39:41 PM;;2025/11/10 05:45:13 PM;Macromedia Contribute 3;CyS;;;1;EMPRESAS PUBLICAS DE MEDELLIN E.S.P;.
80000427773;80000427773-060;ASGADR4FJYMVQAPKRHY8P9UDFG2AS2;Executed;Adobe Inc.;01337330;CyS;EMPRESAS PUBLICAS DE MEDELLIN E.S.P;2018/12/20 01:39:26 PM;;2025/11/10 05:45:12 PM;Macromedia Studio 8;CyS;;;1;EMPRESAS PUBLICAS DE MEDELLIN E.S.P;.
80000427773;80000427773-061;ASGADR4FJYMVQAPKRHYVP9UDFK2BRK;Executed;Adobe Inc.;01989080;CyS;EMPRESAS PUBLICAS DE MEDELLIN E.S.P;2018/12/20 01:39:39 PM;;2025/11/10 05:45:13 PM;Macromedia Studio;CyS;;;1;EMPRESAS PUBLICAS DE MEDELLIN E.S.P;.
80000432001;80000432001-001;ASGADR4FJYMVQAPKRIABP9UDGP2E7B;Executed;Adobe Inc.;01312030;Desconocido;EMPRESAS PUBLICAS DE MEDELLIN E.S.P;2018/12/20 01:39:50 PM;;2019/01/03 03:06:34 PM;MindManager Pro 7;Desconocido;1449555;;3;EMPRESAS PUBLICAS DE MEDELLIN E.S.P;.
80000432545;80000432545-001;ASGADR4FJYMVQAPKRHYRP9UDF62B8O;Executed;CorelDRAW;01980509;Gold SYS;EMPRESAS PUBLICAS DE MEDELLIN E.S.P;2018/12/20 01:39:28 PM;;2025/11/10 05:45:13 PM;CorelDRAW Graphics Suite X4;Gold SYS;1464353;;1;EMPRESAS PUBLICAS DE MEDELLIN E.S.P;.
80000432545;80000432545-002;ASGADR4FJYMVQAPKRHZXP9UDGL2EJ3;Executed;CorelDRAW;01980509;Gold SYS;EMPRESAS PUBLICAS DE MEDELLIN E.S.P;2018/12/20 01:39:51 PM;;2025/11/10 05:45:14 PM;CorelDRAW Graphics Suite X4;Gold SYS;1469496;;1;EMPRESAS PUBLICAS DE MEDELLIN E.S.P;.
80000433770;80000433770-001;ASGADR4FJYMVQAPKRHYSP9UDF72BK9;Executed;BABYLON;01980631;Babylon Corporation;EMPRESAS PUBLICAS DE MEDELLIN E.S.P;2018/12/20 01:39:28 PM;2030/10/01 12:00:00 AM;2026/01/06 07:54:19 AM;Babylon;Babylon Corporation;1492214;;5;EMPRESAS PUBLICAS DE MEDELLIN E.S.P;.
80000433770;80000433770-002;ASGADR4FJYMVQAPKRHY9P9UDFI2AXC;Executed;ServiSoft S.A.;01989070;Desconocido;EMPRESAS PUBLICAS DE MEDELLIN E.S.P;2018/12/20 01:39:37 PM;;2019/01/03 03:06:23 PM;Linux Red Hat;Desconocido;;;3;EMPRESAS PUBLICAS DE MEDELLIN E.S.P;.
80000434071;80000434071-001;ASGADR4FJYMVQAPKRHZ6P9UDGF2DI8;Executed;ServiSoft S.A.;01980509;COMPAÑIA COMERCIAL GOBE LTDA.;EMPRESAS PUBLICAS DE MEDELLIN E.S.P;2018/12/20 01:39:50 PM;2030/10/20 12:00:00 AM;2025/12/22 09:33:16 AM;ATLAS.ti;COMPAÑIA COMERCIAL GOBE LTDA.;1498764;;8;EMPRESAS PUBLICAS DE MEDELLIN E.S.P;.
80000436232;80000436232-001;ASGADR4FJYMVQAPKRHYWP9UDFK2BT9;Historical;Desconocido;01989070;Desconocido;EMPRESAS PUBLICAS DE MEDELLIN E.S.P;2018/12/20 01:39:37 PM;;2026/02/16 05:15:05 AM;Enterprise Architect;Desconocido;;;2;EMPRESAS PUBLICAS DE MEDELLIN E.S.P;.
80000436232;80000436232-002;ASGADR4FJYMVQAPKRHYLP9UDF02BC1;Historical;Desconocido;01989070;Desconocido;EMPRESAS PUBLICAS DE MEDELLIN E.S.P;2018/12/20 01:39:39 PM;;2026/02/16 05:15:05 AM;Enterprise Architect;Desconocido;;;97;EMPRESAS PUBLICAS DE MEDELLIN E.S.P;.
80000436789;80000436789-001;ASGADR4FJYMVQAPKRHZ5P9UDGD2DFG;Executed;CorelDRAW;01980568;Calderón Cardona Ltda;EMPRESAS PUBLICAS DE MEDELLIN E.S.P;2018/12/20 01:39:49 PM;2030/07/08 08:00:00 AM;2026/01/05 04:48:25 PM;CorelDRAW Graphics Suite X4;Calderón Cardona Ltda;1561102;;1;EMPRESAS PUBLICAS DE MEDELLIN E.S.P;.
80000437515;80000437515-001;ASGADR4FJYMVQAPKRHY9P9UDFI2AYD;Executed;ServiSoft S.A.;01980294;Desconocido;EMPRESAS PUBLICAS DE MEDELLIN E.S.P;2018/12/20 01:39:28 PM;;2019/01/03 03:06:20 PM;LabVIEW 2015;Desconocido;1579549;;1;EMPRESAS PUBLICAS DE MEDELLIN E.S.P;.
80000437524;80000437524-001;ASGADR4FJYMVQAPKRHYTP9UDF82BNP;Executed;Adobe Inc.;01980805;FlexusGroup;EMPRESAS PUBLICAS DE MEDELLIN E.S.P;2018/12/20 01:39:31 PM;2030/09/15 08:00:00 AM;2026/01/05 04:46:22 PM;MindManager 8;FlexusGroup;1579622;;3;EMPRESAS PUBLICAS DE MEDELLIN E.S.P;.
80000437647;80000437647-001;ASGADR4FJYMVQAPKRHY9P9UDFI2AYI;Executed;ServiSoft S.A.;01411053;Royal Technologies S.A;EMPRESAS PUBLICAS DE MEDELLIN E.S.P;2018/12/20 01:39:26 PM;;2025/11/10 05:45:14 PM;Statgraphics Centurion XVI Network;Royal Technologies S.A;1583746;;1;EMPRESAS PUBLICAS DE MEDELLIN E.S.P;.
80000437759;80000437759-001;ASGADR4FJYMVQAPKRHYKP9UDFJ2BA8;Executed;CorelDRAW;01980315;Calderon Cardona;EMPRESAS PUBLICAS DE MEDELLIN E.S.P;2018/12/20 01:39:28 PM;;2025/11/10 05:45:14 PM;CorelDRAW Graphics Suite X4;Calderon Cardona;1589619;;2;EMPRESAS PUBLICAS DE MEDELLIN E.S.P;.
80000437759;80000437759-002;ASGADR4FJYMVQAPKRHYTP9UDF82BN9;Executed;CorelDRAW;01980805;Calderon Cardona;EMPRESAS PUBLICAS DE MEDELLIN E.S.P;2018/12/20 01:39:31 PM;;2025/11/10 05:45:14 PM;CorelDRAW Graphics Suite X4;Calderon Cardona;1590888;;1;EMPRESAS PUBLICAS DE MEDELLIN E.S.P;.
80000438209;80000438209-001;ASGADR4FJYMVQAPKRHYSP9UDF62B9T;Executed;Adobe Inc.;01980630;Abits Colombia Ltda.;EMPRESAS PUBLICAS DE MEDELLIN E.S.P;2018/12/20 01:39:28 PM;;2025/11/10 05:45:11 PM;Crystal Xcelsius Professional 4.5;Abits Colombia Ltda.;1601477;;1;EMPRESAS PUBLICAS DE MEDELLIN E.S.P;.
80000438209;80000438209-002;ASGADR4FJYMVQAPKRHY9P9UDFI2AXJ;Executed;Open Text Corporation;01980635;Abits Colombia Ltda.;EMPRESAS PUBLICAS DE MEDELLIN E.S.P;2018/12/20 01:39:31 PM;;2025/11/10 05:45:14 PM;Crystal Xcelsius Professional 4.5;Abits Colombia Ltda.;1601478;;2;EMPRESAS PUBLICAS DE MEDELLIN E.S.P;.
80000438209;80000438209-003;ASGADR4FJYMVQAPKRHYSP9UDF62B97;Executed;ServiSoft S.A.;01980610;Abits Colombia Ltda.;EMPRESAS PUBLICAS DE MEDELLIN E.S.P;2018/12/20 01:39:28 PM;;2025/11/10 05:45:14 PM;Crystal Xcelsius Professional 4.5;Abits Colombia Ltda.;1601701;;1;EMPRESAS PUBLICAS DE MEDELLIN E.S.P;.
80000438387_;80000438387-001;ASGADR4FJYMVQAPKRHYPP9UDF42B3R;Historical;Desconocido;01989070;Desconocido;EMPRESAS PUBLICAS DE MEDELLIN E.S.P;2018/12/20 01:39:37 PM;;2026/02/16 05:15:05 AM;SPSS Statistics;Desconocido;04-1609131;;0;EMPRESAS PUBLICAS DE MEDELLIN E.S.P;.
87794445;87794445-1;ASGADR4FJYMVQAPKBWDMP9ERR5VFB8;Historical;Desconocido;08516000;HEWLETT PACKARD;AGUAS NACIONALES EPM S.A. E.S.P.;2018/12/20 02:43:04 PM;2011/04/27 02:33:00 PM;2026/02/16 05:15:26 AM;Microsoft Office 365 ProPlus;HEWLETT PACKARD;24901873;TDKGN-GK8BY-F7FBV-BYYDC-D67WY JX98G-TT998-6H6V8-FT;12;AGUAS NACIONALES EPM S.A. E.S.P.;.
87794445;87794445-2;ASGADR4FJYMVQAPKBWDNP9ERR6VFDV;Historical;Desconocido;08516000;HEWLETT PACKARD;AGUAS NACIONALES EPM S.A. E.S.P.;2018/12/20 02:43:04 PM;2011/04/27 02:33:00 PM;2026/02/16 05:15:28 AM;Microsoft Lync;HEWLETT PACKARD;22366313;JX98G-TT998-6H6V8-FTXHQ-24QVK;12;AGUAS NACIONALES EPM S.A. E.S.P.;.
8931128;8931128-001;ASGADR4FJYMVQAPKRHZUP9UDG92EE6;Executed;Adobe Inc.;01980568;CYS;EMPRESAS PUBLICAS DE MEDELLIN E.S.P;2018/12/20 01:39:48 PM;2030/07/13 12:00:00 AM;2026/01/06 09:04:50 AM;Adobe Photoshop CS5;CYS;1742824-1742826;;1;EMPRESAS PUBLICAS DE MEDELLIN E.S.P;.
89938;89938-001;ASGADR4FJYMVQAPKRHY8P9UDFG2ASO;Executed;Suconel S.A.;01337330;Suconel S.A.;EMPRESAS PUBLICAS DE MEDELLIN E.S.P;2018/12/20 01:39:26 PM;2030/01/01 12:00:00 AM;2026/01/06 11:17:12 AM;Compilador en Lenguaje C para PIC 4.0;Suconel S.A.;;;2;EMPRESAS PUBLICAS DE MEDELLIN E.S.P;.
90313448;90313448-001;ASGADR4FJYMVQAPKRHY1P9UDFA2A2O;Executed;Adobe Inc.;01337384;Desconocido;EMPRESAS PUBLICAS DE MEDELLIN E.S.P;2018/12/20 01:39:26 PM;;2019/01/03 03:06:21 PM;Adobe Acrobat 7.0 Professional;Desconocido;;;2;EMPRESAS PUBLICAS DE MEDELLIN E.S.P;.
90315128;90315128-001;ASGADR4FJYMVQAPKRHYYP9UDFN2CBX;Executed;Redes Electricas S.A;01989080;Redes Electricas S.A;EMPRESAS PUBLICAS DE MEDELLIN E.S.P;2018/12/20 01:39:39 PM;2030/11/07 12:00:00 AM;2026/01/06 07:50:57 AM;VersaPro Software;Redes Electricas S.A;1096618;;5;EMPRESAS PUBLICAS DE MEDELLIN E.S.P;.
90324260;90324260-001;ASGADR4FJYMVQAPKRHY5P9UDFD2AKU;Executed;CorelDRAW;01312014;INNOVATIVE HYDROLOGY;EMPRESAS PUBLICAS DE MEDELLIN E.S.P;2018/12/20 01:39:21 PM;2030/10/01 12:00:00 AM;2026/01/06 08:14:23 AM;WXT;INNOVATIVE HYDROLOGY;138204;;1;EMPRESAS PUBLICAS DE MEDELLIN E.S.P;.
90413641;90413641-001;ASGADR4FJYMVQAPKRHYQP9UDF52B6B;Executed;Business Objects;01989070;Abits Colombia;EMPRESAS PUBLICAS DE MEDELLIN E.S.P;2018/12/20 01:39:37 PM;2030/11/28 12:00:00 AM;2025/12/22 11:00:23 AM;Crystal Reports 9;Abits Colombia;;;1;EMPRESAS PUBLICAS DE MEDELLIN E.S.P;.
90418409;90418409-001;ASGADR4FJYMVQAPKRHZSP9UDG72EBF;Executed;Microsoft;01337022;CONTROLES EMPRESARIALES;EMPRESAS PUBLICAS DE MEDELLIN E.S.P;2018/12/20 01:39:48 PM;;2025/11/10 05:45:13 PM;Microsoft Office 365 ProPlus;CONTROLES EMPRESARIALES;1454388;;1;EMPRESAS PUBLICAS DE MEDELLIN E.S.P;.
90418409;90418409-002;ASGADR4FJYMVQAPKRHZXP9UDGL2EJI;Executed;Microsoft;01980159;CONTROLES EMPRESARIALES;EMPRESAS PUBLICAS DE MEDELLIN E.S.P;2018/12/20 01:39:48 PM;;2025/11/10 05:45:15 PM;Microsoft Office 365 ProPlus;CONTROLES EMPRESARIALES;1454388;;1;EMPRESAS PUBLICAS DE MEDELLIN E.S.P;.
90418409;90418409-003;ASGADR4FJYMVQAPKRHYKP9UDFI2AZ5;Executed;Microsoft;01989070;CONTROLES EMPRESARIALES;EMPRESAS PUBLICAS DE MEDELLIN E.S.P;2018/12/20 01:39:37 PM;;2025/11/10 05:45:14 PM;Microsoft SQL Server 2005 Express Edition (SA);CONTROLES EMPRESARIALES;1323936;;55;EMPRESAS PUBLICAS DE MEDELLIN E.S.P;.
90418409;90418409-004;ASGADR4FJYMVQAPKRHY9P9UDFI2AXK;Executed;Microsoft;01989070;CONTROLES EMPRESARIALES;EMPRESAS PUBLICAS DE MEDELLIN E.S.P;2018/12/20 01:39:37 PM;;2025/11/10 05:45:13 PM;Microsoft SQL Enterprice;CONTROLES EMPRESARIALES;1412154;;8;EMPRESAS PUBLICAS DE MEDELLIN E.S.P;.
90418675;90418675-001;ASGADR4FJYMVQAPKRHY5P9UDFE2AM0;Executed;CorelDRAW;01980134;Portatil;EMPRESAS PUBLICAS DE MEDELLIN E.S.P;2018/12/20 01:39:28 PM;;2025/11/10 05:45:15 PM;CorelDRAW Graphics Suite 12;Portatil;1998223;;1;EMPRESAS PUBLICAS DE MEDELLIN E.S.P;.
90418675;90418675-002;ASGADR4FJYMVQAPKRHYLP9UDF02BDG;Executed;CorelDRAW;01980305;Portatil;EMPRESAS PUBLICAS DE MEDELLIN E.S.P;2018/12/20 01:39:28 PM;;2025/11/10 05:45:13 PM;CorelDRAW Graphics Suite 12;Portatil;1998223;;1;EMPRESAS PUBLICAS DE MEDELLIN E.S.P;.
90418675;90418675-003;ASGADR4FJYMVQAPKRHYLP9UDF02BCZ;Executed;CorelDRAW;01985020;Portatil;EMPRESAS PUBLICAS DE MEDELLIN E.S.P;2018/12/20 01:39:31 PM;;2025/11/10 05:45:13 PM;CorelDRAW Graphics Suite 12;Portatil;1998223;;1;EMPRESAS PUBLICAS DE MEDELLIN E.S.P;.
90418675;90418675-004;ASGADR4FJYMVQAPKRHYUP9UDF82BOO;Executed;CorelDRAW;01989080;Portatil;EMPRESAS PUBLICAS DE MEDELLIN E.S.P;2018/12/20 01:39:39 PM;;2025/11/10 05:45:12 PM;CorelDRAW Graphics Suite 12;Portatil;1998223;;1;EMPRESAS PUBLICAS DE MEDELLIN E.S.P;.
90419979;90419979-001;ASGADR4FJYMVQAPKRHYVP9UDF92BQL;Executed;Desconocido;01989070;Desconocido;EMPRESAS PUBLICAS DE MEDELLIN E.S.P;2018/12/20 01:39:37 PM;;2019/01/03 03:06:21 PM;Rational Rose Enterprise;Desconocido;OW 1221156;;14;EMPRESAS PUBLICAS DE MEDELLIN E.S.P;.
90420964;90420964-001;ASGADR4FJYMVQAPKRHYKP9UDFJ2AZK;Executed;MINDJET;01980300;Desconocido;EMPRESAS PUBLICAS DE MEDELLIN E.S.P;2018/12/20 01:39:28 PM;;2019/01/03 03:06:21 PM;MindManager X5;Desconocido;1225379;;1;EMPRESAS PUBLICAS DE MEDELLIN E.S.P;.
90420964;90420964-002;ASGADR4FJYMVQAPKRHYSP9UDF72BLH;Executed;MINDJET;01980635;Desconocido;EMPRESAS PUBLICAS DE MEDELLIN E.S.P;2018/12/20 01:39:28 PM;;2019/01/03 03:06:20 PM;MindManager X5;Desconocido;1225379;;1;EMPRESAS PUBLICAS DE MEDELLIN E.S.P;.
90420964;90420964-003;ASGADR4FJYMVQAPKRHYMP9UDF02BDN;Executed;MINDJET;01980305;Desconocido;EMPRESAS PUBLICAS DE MEDELLIN E.S.P;2018/12/20 01:39:28 PM;;2019/01/03 03:06:16 PM;MindManager X5;Desconocido;1225379;;1;EMPRESAS PUBLICAS DE MEDELLIN E.S.P;.
90420964;90420964-004;ASGADR4FJYMVQAPKRHY9P9UDFI2AX6;Executed;MINDJET;01980635;Desconocido;EMPRESAS PUBLICAS DE MEDELLIN E.S.P;2018/12/20 01:39:31 PM;;2019/01/03 03:06:24 PM;MindManager X5;Desconocido;1225379;;1;EMPRESAS PUBLICAS DE MEDELLIN E.S.P;.
90420964;90420964-005;ASGADR4FJYMVQAPKRHYUP9UDF92BPW;Executed;MINDJET;01989080;Desconocido;EMPRESAS PUBLICAS DE MEDELLIN E.S.P;2018/12/20 01:39:39 PM;;2019/01/03 03:06:22 PM;MindManager X5 Pro;Desconocido;1225379;;1;EMPRESAS PUBLICAS DE MEDELLIN E.S.P;.
90421026;90421026-001;ASGADR4FJYMVQAPKRHZBP9UDFP2CGS;Executed;IBM;01989080;Desconocido;EMPRESAS PUBLICAS DE MEDELLIN E.S.P;2018/12/20 01:39:39 PM;;2019/01/03 03:06:23 PM;PowerPlay Analysis Software;Desconocido;1245815;;1;EMPRESAS PUBLICAS DE MEDELLIN E.S.P;.
90421026;90421026-002;ASGADR4FJYMVQAPKRHYOP9UDF32B07;Executed;IBM;01989080;Desconocido;EMPRESAS PUBLICAS DE MEDELLIN E.S.P;2018/12/20 01:39:39 PM;;2019/01/03 03:06:26 PM;PowerPlay Analysis Software;Desconocido;1231260;;1;EMPRESAS PUBLICAS DE MEDELLIN E.S.P;.
90421026;90421026-003;ASGADR4FJYMVQAPKRHYUP9UDF92BPL;Executed;IBM;01989080;Desconocido;EMPRESAS PUBLICAS DE MEDELLIN E.S.P;2018/12/20 01:39:39 PM;;2019/01/03 03:06:22 PM;PowerPlay Analysis Software;Desconocido;1231272;;6;EMPRESAS PUBLICAS DE MEDELLIN E.S.P;.
90421026;90421026-004;ASGADR4FJYMVQAPKRHZTP9UDG82EC1;Executed;IBM;01980685;Desconocido;EMPRESAS PUBLICAS DE MEDELLIN E.S.P;2018/12/20 01:39:51 PM;;2019/01/03 03:06:31 PM;PowerPlay Analysis Software;Desconocido;1231280;;2;EMPRESAS PUBLICAS DE MEDELLIN E.S.P;.
90421026;90421026-005;ASGADR4FJYMVQAPKRHZUP9UDG82EDT;Executed;IBM;01980563;Desconocido;EMPRESAS PUBLICAS DE MEDELLIN E.S.P;2018/12/20 01:39:48 PM;;2019/01/03 03:06:33 PM;PowerPlay Analysis Software;Desconocido;1231260;;1;EMPRESAS PUBLICAS DE MEDELLIN E.S.P;.
90421026;90421026-006;ASGADR4FJYMVQAPKRHYQP9UDF42B4L;Executed;IBM;01989080;Desconocido;EMPRESAS PUBLICAS DE MEDELLIN E.S.P;2018/12/20 01:39:39 PM;;2019/01/03 03:06:27 PM;PowerPlay Analysis Software;Desconocido;1231260;;4;EMPRESAS PUBLICAS DE MEDELLIN E.S.P;.
90421026;90421026-007;ASGADR4FJYMVQAPKRHYVP9UDF92BQK;Executed;IBM;01989080;Desconocido;EMPRESAS PUBLICAS DE MEDELLIN E.S.P;2018/12/20 01:39:39 PM;;2019/01/03 03:06:23 PM;PowerPlay Analysis Software;Desconocido;1231260;;1;EMPRESAS PUBLICAS DE MEDELLIN E.S.P;.
90421026;90421026-008;ASGADR4FJYMVQAPKRHYPP9UDF42B3L;Executed;IBM;01989080;Desconocido;EMPRESAS PUBLICAS DE MEDELLIN E.S.P;2018/12/20 01:39:41 PM;;2019/01/03 03:06:28 PM;PowerPlay Analysis Software;Desconocido;;;1;EMPRESAS PUBLICAS DE MEDELLIN E.S.P;.
90421026;90421026-009;ASGADR4FJYMVQAPKRHYUP9UDF82BOA;Executed;IBM;01989080;Desconocido;EMPRESAS PUBLICAS DE MEDELLIN E.S.P;2018/12/20 01:39:41 PM;;2019/01/03 03:06:28 PM;PowerPlay Analysis Software;Desconocido;;;7;EMPRESAS PUBLICAS DE MEDELLIN E.S.P;.
90421065;90421065-001;ASGADR4FJYMVQAPKRHYOP9UDF22BJA;Executed;CorelDRAW;01980215;Portatil;EMPRESAS PUBLICAS DE MEDELLIN E.S.P;2018/12/20 01:39:28 PM;;2025/11/10 05:45:14 PM;CorelDRAW Graphics Suite 12;Portatil;1225514;;1;EMPRESAS PUBLICAS DE MEDELLIN E.S.P;.
90421065;90421065-002;ASGADR4FJYMVQAPKRHYVP9UDF92BRH;Executed;CorelDRAW;01989080;Portatil;EMPRESAS PUBLICAS DE MEDELLIN E.S.P;2018/12/20 01:39:39 PM;;2025/11/10 05:45:11 PM;CorelDRAW Graphics Suite 12;Portatil;1225514;;1;EMPRESAS PUBLICAS DE MEDELLIN E.S.P;.
90421188;90421188-001;ASGADR4FJYMVQAPKRHYLP9UDF02BCE;Executed;Adobe Inc.;01985020;Portatil;EMPRESAS PUBLICAS DE MEDELLIN E.S.P;2018/12/20 01:39:31 PM;;2025/11/10 05:45:11 PM;Adobe Illustrator CS2;Portatil;1225508;;1;EMPRESAS PUBLICAS DE MEDELLIN E.S.P;.
90421188;90421188-002;ASGADR4FJYMVQAPKRHY7P9UDFG2ARU;Executed;Adobe Inc.;01337330;Portatil;EMPRESAS PUBLICAS DE MEDELLIN E.S.P;2018/12/20 01:39:26 PM;;2025/11/10 05:45:14 PM;Rhinoceros;Portatil;1225508;;1;EMPRESAS PUBLICAS DE MEDELLIN E.S.P;.
90421188;90421188-003;ASGADR4FJYMVQAPKRHYUP9UDF92BPX;Executed;Adobe Inc.;01989080;Portatil;EMPRESAS PUBLICAS DE MEDELLIN E.S.P;2018/12/20 01:39:41 PM;;2025/11/10 05:45:13 PM;Rhinoceros;Portatil;1225508;;1;EMPRESAS PUBLICAS DE MEDELLIN E.S.P;.
90423565;90423565-001;ASGADR4FJYMVQAPKRHY2P9UDFB2A5D;Executed;STATRAPHICS;01411053;Desconocido;EMPRESAS PUBLICAS DE MEDELLIN E.S.P;2018/12/20 01:39:26 PM;;2019/01/03 03:06:19 PM;Statgraphics Centurion XV;Desconocido;1265601;;1;EMPRESAS PUBLICAS DE MEDELLIN E.S.P;.
90423574;90423574-001;ASGADR4FJYMVQAPKRHYRP9UDF52B6X;Historical;ServiSoft S.A.;01985080;SERVISOFT S.A.;EMPRESAS PUBLICAS DE MEDELLIN E.S.P;2018/12/20 01:39:31 PM;2030/08/15 08:00:00 AM;2026/02/16 05:15:04 AM;MERCURIO 4.0;SERVISOFT S.A.;;;20;EMPRESAS PUBLICAS DE MEDELLIN E.S.P;.
90424021;90424021-001;ASGADR4FJYMVQAPKRHZ5P9UDGE2DG5;Executed;Adobe Inc.;01980612;Desconocido;EMPRESAS PUBLICAS DE MEDELLIN E.S.P;2018/12/20 01:39:50 PM;;2019/01/03 03:33:40 PM;Macromedia Captivate;Desconocido;1270486;;1;EMPRESAS PUBLICAS DE MEDELLIN E.S.P;.
90424021;90424021-002;ASGADR4FJYMVQAPKRHYMP9UDF12BF9;Executed;Adobe Inc.;01985080;Desconocido;EMPRESAS PUBLICAS DE MEDELLIN E.S.P;2018/12/20 01:39:31 PM;;2019/01/03 03:06:25 PM;Macromedia Captivate;Desconocido;1270486;;4;EMPRESAS PUBLICAS DE MEDELLIN E.S.P;.
90424021;90424021-003;ASGADR4FJYMVQAPKRHYOP9UDF32BJY;Executed;Adobe Inc.;01980563;Desconocido;EMPRESAS PUBLICAS DE MEDELLIN E.S.P;2018/12/20 01:39:28 PM;;2019/01/03 03:06:23 PM;Macromedia Captivate;Desconocido;1270486;;1;EMPRESAS PUBLICAS DE MEDELLIN E.S.P;.
90424021;90424021-004;ASGADR4FJYMVQAPKRHZ9P9UDGI2D3X;Executed;Adobe Inc.;01980631;Desconocido;EMPRESAS PUBLICAS DE MEDELLIN E.S.P;2018/12/20 01:39:48 PM;;2019/01/03 03:33:40 PM;Macromedia Captivate;Desconocido;1270486;;1;EMPRESAS PUBLICAS DE MEDELLIN E.S.P;.
90424021;90424021-005;ASGADR4FJYMVQAPKRHZVP9UDGK2EFT;Executed;Adobe Inc.;01980568;Desconocido;EMPRESAS PUBLICAS DE MEDELLIN E.S.P;2018/12/20 01:39:51 PM;;2019/01/03 03:33:40 PM;Macromedia Captivate;Desconocido;1270486;;1;EMPRESAS PUBLICAS DE MEDELLIN E.S.P;.
90424021;90424021-006;ASGADR4FJYMVQAPKRHZ6P9UDGF2DIF;Executed;Adobe Inc.;01337022;Desconocido;EMPRESAS PUBLICAS DE MEDELLIN E.S.P;2018/12/20 01:39:50 PM;;2019/01/03 03:33:40 PM;Macromedia Captivate;Desconocido;1270486;;1;EMPRESAS PUBLICAS DE MEDELLIN E.S.P;.
90424021;90424021-007;ASGADR4FJYMVQAPKRHZRP9UDG62DYL;Executed;Adobe Inc.;01980509;Desconocido;EMPRESAS PUBLICAS DE MEDELLIN E.S.P;2018/12/20 01:39:50 PM;;2019/01/03 03:33:40 PM;Macromedia Captivate;Desconocido;1270486;;1;EMPRESAS PUBLICAS DE MEDELLIN E.S.P;.
90424021;90424021-008;ASGADR4FJYMVQAPKRHY4P9UDFD2A9W;Executed;Adobe Inc.;01312013;Desconocido;EMPRESAS PUBLICAS DE MEDELLIN E.S.P;2018/12/20 01:39:21 PM;;2019/01/03 03:06:15 PM;Macromedia Captivate;Desconocido;1270486;;1;EMPRESAS PUBLICAS DE MEDELLIN E.S.P;.
90424021;90424021-009;ASGADR4FJYMVQAPKRHZUP9UDG92EET;Executed;Adobe Inc.;01980685;Desconocido;EMPRESAS PUBLICAS DE MEDELLIN E.S.P;2018/12/20 01:39:51 PM;;2019/01/03 03:33:40 PM;Macromedia Captivate;Desconocido;1270486;;1;EMPRESAS PUBLICAS DE MEDELLIN E.S.P;.
90424022;90424022-001;ASGADR4FJYMVQAPKRHZTP9UDG72ECB;Executed;Adobe Inc.;01337023;Desconocido;EMPRESAS PUBLICAS DE MEDELLIN E.S.P;2018/12/20 01:39:50 PM;;2019/01/03 03:06:36 PM;Adobe Acrobat 7.0 Professional;Desconocido;1270903;;1;EMPRESAS PUBLICAS DE MEDELLIN E.S.P;.
90424710;90424710-001;ASGADR4FJYMVQAPKRHYMP9UDF02BD8;Executed;Adobe Inc.;01985021;Desconocido;EMPRESAS PUBLICAS DE MEDELLIN E.S.P;2018/12/20 01:39:31 PM;;2019/01/03 03:33:38 PM;Adobe Photoshop CS2;Desconocido;1282246;;1;EMPRESAS PUBLICAS DE MEDELLIN E.S.P;.
90424734;90424734-001;ASGADR4FJYMVQAPKRHYKP9UDFI2AYR;Executed;Xseed;01989070;Xseed Software consultoria;EMPRESAS PUBLICAS DE MEDELLIN E.S.P;2018/12/20 01:39:37 PM;2030/11/24 12:00:00 AM;2025/05/12 12:19:01 PM;Xseed;Xseed Software consultoria;;;7;EMPRESAS PUBLICAS DE MEDELLIN E.S.P;.
90424734;90424734-002;ASGADR4FJYMVQAPKRHYTP9UDF72BLQ;Executed;Xseed;01989070;Xseed Software consultoria;EMPRESAS PUBLICAS DE MEDELLIN E.S.P;2018/12/20 01:39:37 PM;2030/11/25 12:00:00 AM;2025/05/12 12:19:01 PM;Xseed;Xseed Software consultoria;04-1290403;;1;EMPRESAS PUBLICAS DE MEDELLIN E.S.P;.
90424734;90424734-003;ASGADR4FJYMVQAPKRHYRP9UDF52B6L;Executed;Xseed;01989070;Xseed Software consultoria;EMPRESAS PUBLICAS DE MEDELLIN E.S.P;2018/12/20 01:39:37 PM;2030/11/25 12:00:00 AM;2025/05/12 12:19:01 PM;Xseed;Xseed Software consultoria;04-1290403;;1;EMPRESAS PUBLICAS DE MEDELLIN E.S.P;.
90424734;90424734-004;ASGADR4FJYMVQAPKRHY9P9UDFI2AXI;Executed;Xseed;01989070;Xseed Software consultoria;EMPRESAS PUBLICAS DE MEDELLIN E.S.P;2018/12/20 01:39:37 PM;2030/11/25 12:00:00 AM;2025/05/12 12:19:01 PM;Xseed;Xseed Software consultoria;04-1290403;;3;EMPRESAS PUBLICAS DE MEDELLIN E.S.P;.
90424734;90424734-005;ASGADR4FJYMVQAPKRHYLP9UDFJ2BAX;Executed;Xseed;01989070;Xseed Software consultoria;EMPRESAS PUBLICAS DE MEDELLIN E.S.P;2018/12/20 01:39:37 PM;2030/11/25 12:00:00 AM;2025/05/12 12:19:01 PM;Xseed;Xseed Software consultoria;04-1290403;;1;EMPRESAS PUBLICAS DE MEDELLIN E.S.P;.
90424864;90424864-001;ASGADR4FJYMVQAPKRHY6P9UDFF2AO7;Executed;Adobe Inc.;01980152;Desconocido;EMPRESAS PUBLICAS DE MEDELLIN E.S.P;2018/12/20 01:39:28 PM;;2019/01/03 03:06:21 PM;Macromedia Studio 8;Desconocido;1284204;;1;EMPRESAS PUBLICAS DE MEDELLIN E.S.P;.
90424864;90424864-002;ASGADR4FJYMVQAPKRHY2P9UDFA2A3U;Executed;Adobe Inc.;01300224;Desconocido;EMPRESAS PUBLICAS DE MEDELLIN E.S.P;2018/12/20 01:39:21 PM;;2019/01/03 03:06:15 PM;Macromedia Studio 8;Desconocido;1284204;;2;EMPRESAS PUBLICAS DE MEDELLIN E.S.P;.
90424864;90424864-003;ASGADR4FJYMVQAPKRHY4P9UDFC2A8K;Executed;Adobe Inc.;01312001;Desconocido;EMPRESAS PUBLICAS DE MEDELLIN E.S.P;2018/12/20 01:39:21 PM;;2019/01/03 03:06:15 PM;Macromedia Studio 8;Desconocido;1284204;;2;EMPRESAS PUBLICAS DE MEDELLIN E.S.P;.
90424864;90424864-004;ASGADR4FJYMVQAPKRHYMP9UDF02BEF;Executed;Adobe Inc.;01980315;Desconocido;EMPRESAS PUBLICAS DE MEDELLIN E.S.P;2018/12/20 01:39:28 PM;;2019/01/03 03:06:16 PM;Macromedia Studio 8;Desconocido;1286335;;1;EMPRESAS PUBLICAS DE MEDELLIN E.S.P;.
90424864;90424864-005;ASGADR4FJYMVQAPKRHY2P9UDFB2A4U;Executed;Adobe Inc.;01312001;Desconocido;EMPRESAS PUBLICAS DE MEDELLIN E.S.P;2018/12/20 01:39:21 PM;;2019/01/03 03:06:15 PM;Macromedia Studio 8;Desconocido;1286334/090424864;;2;EMPRESAS PUBLICAS DE MEDELLIN E.S.P;.
90424864;90424864-006;ASGADR4FJYMVQAPKRHY2P9UDFA2A3O;Executed;Adobe Inc.;01300224;Desconocido;EMPRESAS PUBLICAS DE MEDELLIN E.S.P;2018/12/20 01:39:21 PM;;2019/01/03 03:06:15 PM;Macromedia Studio 8;Desconocido;1286334/090424864;;2;EMPRESAS PUBLICAS DE MEDELLIN E.S.P;.
90424864;90424864-007;ASGADR4FJYMVQAPKRHY6P9UDFE2AOF;Executed;Adobe Inc.;01980152;Desconocido;EMPRESAS PUBLICAS DE MEDELLIN E.S.P;2018/12/20 01:39:28 PM;;2019/01/03 03:06:21 PM;Macromedia Studio 8;Desconocido;1284204/090424864;;1;EMPRESAS PUBLICAS DE MEDELLIN E.S.P;.
90424864;90424864-008;ASGADR4FJYMVQAPKRHYPP9UDF42B3Y;Executed;Adobe Inc.;01980315;Desconocido;EMPRESAS PUBLICAS DE MEDELLIN E.S.P;2018/12/20 01:39:28 PM;;2019/01/03 03:06:17 PM;Macromedia Studio 8;Desconocido;1286335/090424864;;1;EMPRESAS PUBLICAS DE MEDELLIN E.S.P;.
90425074;90425074-001;ASGADR4FJYMVQAPKRHZWP9UDGK2EGY;Historical;ADOBE SYSTEMS INCORPORATED;01980568;Desconocido;EMPRESAS PUBLICAS DE MEDELLIN E.S.P;2018/12/20 01:39:51 PM;2006/12/12 12:00:00 AM;2026/02/16 05:15:13 AM;Macromedia Contribute 3;Desconocido;1290540;;0;EMPRESAS PUBLICAS DE MEDELLIN E.S.P;.
90425074;90425074-002;ASGADR4FJYMVQAPKRHZ6P9UDGF2DI9;Executed;Adobe Inc.;01980568;Computel System;EMPRESAS PUBLICAS DE MEDELLIN E.S.P;2018/12/20 01:39:51 PM;;2025/11/10 05:45:14 PM;Macromedia Contribute 3;Computel System;1290541;;3;EMPRESAS PUBLICAS DE MEDELLIN E.S.P;.
90425074;90425074-003;ASGADR4FJYMVQAPKRHYLP9UDFJ2BAR;Executed;Adobe Inc.;01989070;Computel System;EMPRESAS PUBLICAS DE MEDELLIN E.S.P;2018/12/20 01:39:37 PM;;2025/11/10 05:45:14 PM;Macromedia Contribute 3;Computel System;1290539;;1;EMPRESAS PUBLICAS DE MEDELLIN E.S.P;.
90425074;90425074-004;ASGADR4FJYMVQAPKRHYLP9UDFJ2BBT;Executed;Adobe Inc.;01985000;Computel System;EMPRESAS PUBLICAS DE MEDELLIN E.S.P;2018/12/20 01:39:31 PM;;2025/11/10 05:45:12 PM;Macromedia Dreamweaver 8;Computel System;1290539;;1;EMPRESAS PUBLICAS DE MEDELLIN E.S.P;.
90425074;90425074-005;ASGADR4FJYMVQAPKRHYQP9UDF52B5Y;Executed;Adobe Inc.;01985080;Computel System;EMPRESAS PUBLICAS DE MEDELLIN E.S.P;2018/12/20 01:39:31 PM;;2025/11/10 05:45:13 PM;Macromedia Dreamweaver 8;Computel System;1290539;;1;EMPRESAS PUBLICAS DE MEDELLIN E.S.P;.
90814773;90814773-001;ASGADR4FJYMVQAPKRHYVP9UDF92BQX;Historical;Computer Associates (CA);01989070;Computer Associates (CA);EMPRESAS PUBLICAS DE MEDELLIN E.S.P;2018/12/20 01:39:37 PM;2030/09/01 12:00:00 AM;2026/02/16 05:15:04 AM;Harvest;Computer Associates (CA);1414017;;43;EMPRESAS PUBLICAS DE MEDELLIN E.S.P;.
90814773;90814773-002;ASGADR4FJYMVQAPKRHYUP9UDF82BO9;Historical;Computer Associates (CA);01989070;Computer Associates (CA);EMPRESAS PUBLICAS DE MEDELLIN E.S.P;2018/12/20 01:39:37 PM;2030/09/01 12:00:00 AM;2026/02/16 05:15:04 AM;Harvest;Computer Associates (CA);1414017;;130;EMPRESAS PUBLICAS DE MEDELLIN E.S.P;.
90814773;90814773-003;ASGADR4FJYMVQAPKRHYSP9UDF72BKJ;Historical;Computer Associates (CA);01989070;Computer Associates (CA);EMPRESAS PUBLICAS DE MEDELLIN E.S.P;2018/12/20 01:39:37 PM;2030/09/01 12:00:00 AM;2026/02/16 05:15:08 AM;Harvest;Computer Associates (CA);1414017;;7;EMPRESAS PUBLICAS DE MEDELLIN E.S.P;.
90814773;90814773-004;ASGADR4FJYMVQAPKRHYVP9UDFK2BSJ;Historical;Desconocido;01989070;Desconocido;EMPRESAS PUBLICAS DE MEDELLIN E.S.P;2018/12/20 01:39:37 PM;;2026/02/16 05:15:05 AM;CA- Service Desk Manager;Desconocido;1454217;;1;EMPRESAS PUBLICAS DE MEDELLIN E.S.P;.
90814773;90814773-005;ASGADR4FJYMVQAPKRHY9P9UDFI2AXW;Historical;Desconocido;01989070;Desconocido;EMPRESAS PUBLICAS DE MEDELLIN E.S.P;2018/12/20 01:39:37 PM;;2026/02/16 05:15:07 AM;CA- Service Desk Manager;Desconocido;1391733;;1;EMPRESAS PUBLICAS DE MEDELLIN E.S.P;.
90814773;90814773-006;ASGADR4FJYMVQAPKRHYLP9UDFJ2BBJ;Historical;Desconocido;01989070;Desconocido;EMPRESAS PUBLICAS DE MEDELLIN E.S.P;2018/12/20 01:39:37 PM;;2026/02/16 05:15:10 AM;CA Spectrum Report Manager;Desconocido;1391733;;5;EMPRESAS PUBLICAS DE MEDELLIN E.S.P;.
90814773;90814773-007;ASGADR4FJYMVQAPKRHY9P9UDFI2AX4;Historical;Desconocido;01989070;Desconocido;EMPRESAS PUBLICAS DE MEDELLIN E.S.P;2018/12/20 01:39:37 PM;;2026/02/16 05:15:07 AM;CA Spectrum Report Manager;Desconocido;1391733;;1;EMPRESAS PUBLICAS DE MEDELLIN E.S.P;.
9403933;9403933-001;ASGADR4FJYMVQAPKRHY9P9UDFI2AYJ;Executed;Xseed;01989070;Desconocido;EMPRESAS PUBLICAS DE MEDELLIN E.S.P;2018/12/20 01:39:37 PM;2030/02/02 12:00:00 AM;2025/05/12 12:19:01 PM;Xseed;Desconocido;;;1;EMPRESAS PUBLICAS DE MEDELLIN E.S.P;.
9403933;9403933-002;ASGADR4FJYMVQAPKRHYUP9UDF92BOW;Executed;Xseed;01989070;Desconocido;EMPRESAS PUBLICAS DE MEDELLIN E.S.P;2018/12/20 01:39:37 PM;2030/02/02 12:00:00 AM;2025/05/12 12:19:01 PM;Xseed;Desconocido;;;1;EMPRESAS PUBLICAS DE MEDELLIN E.S.P;.
9403933;9403933-003;ASGADR4FJYMVQAPKRHYQP9UDF52B58;Executed;Xseed;01989070;Desconocido;EMPRESAS PUBLICAS DE MEDELLIN E.S.P;2018/12/20 01:39:37 PM;2030/02/02 12:00:00 AM;2025/05/12 12:19:01 PM;Xseed;Desconocido;;;1;EMPRESAS PUBLICAS DE MEDELLIN E.S.P;.
9403933;9403933-004;ASGADR4FJYMVQAPKRHYSP9UDF72BK5;Executed;Xseed;01989070;Desconocido;EMPRESAS PUBLICAS DE MEDELLIN E.S.P;2018/12/20 01:39:37 PM;2030/02/02 12:00:00 AM;2025/05/12 12:19:01 PM;Xseed;Desconocido;;;1;EMPRESAS PUBLICAS DE MEDELLIN E.S.P;.
9403933;9403933-005;ASGADR4FJYMVQAPKRHYSP9UDF72BLD;Executed;Xseed;01989070;Desconocido;EMPRESAS PUBLICAS DE MEDELLIN E.S.P;2018/12/20 01:39:37 PM;2030/02/02 12:00:00 AM;2025/05/12 12:19:01 PM;Xseed;Desconocido;;;5;EMPRESAS PUBLICAS DE MEDELLIN E.S.P;.
9568087159;9568087159-1;ASGADR4FJYMVQAPKRHZQP9UDG52DWI;Executed;Desconocido;Unallocated;Desconocido;FUNDACION EPM;2018/12/20 01:39:50 PM;;2019/03/27 05:06:38 PM;Microsoft Office 2016 SNGL OLP 1License NoLevel;Desconocido;;;1;EMPRESAS PUBLICAS DE MEDELLIN E.S.P;.
9568352484;9568352484-1;ASGADR4FJYMVQAPKRHZ8P9UDGH2D2I;Executed;Desconocido;Unallocated;Desconocido;FUNDACION EPM;2018/12/20 01:39:50 PM;;2019/03/27 05:06:53 PM;Microsoft Access 2016 Sngl OLP 1License NoLevel;Desconocido;;;1;EMPRESAS PUBLICAS DE MEDELLIN E.S.P;.
9568352484;9568352484-2;ASGADR4FJYMVQAPKRHZTP9UDG72ECG;Executed;Desconocido;Unallocated;Desconocido;FUNDACION EPM;2018/12/20 01:39:48 PM;;2019/03/27 05:06:53 PM;Microsoft Office Mac Standard 2016 Sngl OLP 1License No Level;Desconocido;;;1;EMPRESAS PUBLICAS DE MEDELLIN E.S.P;.
ACEPTAC. OFERTA 100000.033.13;ACEPTACION DE OFERTA 100000.033.13 -1;ASGADR4FJYMVQAPKBWDKP9ERR3VEXG;Historical;Desconocido;02986400;TALENTOS Y TECNOLOGÍA S.A.S;CHEC S.A. E.S.P.;2018/12/20 02:43:04 PM;2017/04/03 08:00:00 AM;2026/02/16 05:15:23 AM;Talento Software;TALENTOS Y TECNOLOGÍA S.A.S;;;1;CHEC S.A. E.S.P.;.
ACTA TRANS CT-2013-002297-A235;ACTA TRANSACCION CT-2013-002297-A235-1;ASGADR4FJYMVQAPKBWDNP9ERR6VFCZ;Historical;Desconocido;02986400;EMPRESAS PUBLICAS DE MEDELLIN E.S.P;CHEC S.A. E.S.P.;2018/12/20 02:51:00 PM;2018/01/31 08:00:00 AM;2026/02/16 05:15:29 AM;COMPRASE-SIMTAR;EMPRESAS PUBLICAS DE MEDELLIN E.S.P;;;0;CHEC S.A. E.S.P.;.
ACTA TRANS CT-2013-002297-A235;ACTA TRANSACCION CT-2013-002297-A235-2;ASGADR4FJYMVQAPKBWDLP9ERR4VEYK;Historical;Desconocido;02986400;EMPRESAS PUBLICAS DE MEDELLIN E.S.P;CHEC S.A. E.S.P.;2018/12/20 02:43:04 PM;2018/01/31 08:00:00 AM;2026/02/16 05:15:24 AM;JD Edwards EnterpriseOne;EMPRESAS PUBLICAS DE MEDELLIN E.S.P;;;320;CHEC S.A. E.S.P.;.
ACTA TRANS CT-2013-002297-A235;ACTA TRANSACCION CT-2013-002297-A235-3;ASGADR4FJYMVQAPKBWDLP9ERR4VEXU;Historical;Desconocido;02986400;EMPRESAS PUBLICAS DE MEDELLIN E.S.P;CHEC S.A. E.S.P.;2018/12/20 02:43:04 PM;2018/01/31 08:00:00 AM;2026/02/16 05:15:23 AM;IDSOS Complemento Office;EMPRESAS PUBLICAS DE MEDELLIN E.S.P;;;11;CHEC S.A. E.S.P.;.
ACTA TRANS CT-2013-002297-A235;ACTA TRANSACCION CT-2013-002297-A235-4;ASGADR4FJYMVQAPKBWDKP9ERR3VEVV;Historical;Desconocido;02986400;EMPRESAS PUBLICAS DE MEDELLIN E.S.P;CHEC S.A. E.S.P.;2018/12/20 02:43:04 PM;2018/01/31 08:00:00 AM;2026/02/16 05:15:22 AM;Gestion Juridica;EMPRESAS PUBLICAS DE MEDELLIN E.S.P;;;8;CHEC S.A. E.S.P.;.
ACTA TRANS CT-2013-002297-A235;ACTA TRANSACCION CT-2013-002297-A235-5;ASGADR4FJYMVQAPKBWDKP9ERR3VEW4;Historical;Desconocido;02986400;EMPRESAS PUBLICAS DE MEDELLIN E.S.P;CHEC S.A. E.S.P.;2018/12/20 02:43:04 PM;2018/01/31 08:00:00 AM;2026/02/16 05:15:23 AM;Neon - Contratos;EMPRESAS PUBLICAS DE MEDELLIN E.S.P;;;230;CHEC S.A. E.S.P.;.
ACTA TRANS CT-2013-002297-A272;ACTA TRANSACCION CT-2013-002297-A272-1;ASGADR4FJYMVQAPKBWDLP9ERR3VEXL;Historical;Desconocido;02986500;EMPRESAS PUBLICAS DE MEDELLIN E.S.P;CHEC S.A. E.S.P.;2018/12/20 02:51:03 PM;2017/06/30 08:00:00 AM;2026/02/16 05:15:30 AM;Mercurio - Gestión Documental;EMPRESAS PUBLICAS DE MEDELLIN E.S.P;;;0;CHEC S.A. E.S.P.;.
ACTA TRANS CT-2013-002297-A78;ACTA TRANSACCION CT-2013-002297-A78-1;ASGADR4FJYMVQAPKBWDNP9ERR6VFDK;Historical;Desconocido;02986400;EMPRESAS PUBLICAS DE MEDELLIN E.S.P;CHEC S.A. E.S.P.;2018/12/20 02:43:04 PM;2016/10/31 08:00:00 AM;2026/02/16 05:15:27 AM;SICom - software;EMPRESAS PUBLICAS DE MEDELLIN E.S.P;;;5;CHEC S.A. E.S.P.;.
Adobe Photoshop CS4;Adobe Photoshop CS4;ASGADR4FJYMVQAPKRHZ8P9UDGH2D1N;Historical;Desconocido;Unallocated;ADOBE SYSTEMS INCORPORATED;CENS S.A. E.S.P.;2018/12/20 02:18:20 PM;2030/02/14 12:00:00 AM;2026/02/16 05:15:16 AM;Adobe Photoshop CS4;ADOBE SYSTEMS INCORPORATED;;;3;EMPRESAS PUBLICAS DE MEDELLIN E.S.P;.
AO.000000.08.99;AO.000000.08.99-01;ASGADR4FJYMVQAPKRHZ8P9UDGH2D2H;Historical;Desconocido;Unallocated;ABB;CENS S.A. E.S.P.;2018/12/20 02:18:20 PM;;2026/02/16 05:15:19 AM;ABB;ABB;;;999999;EMPRESAS PUBLICAS DE MEDELLIN E.S.P;.
AO.000000.193.10;AO.000000.193.10-01;ASGADR4FJYMVQAPKRHZ2P9UDGB2DA6;Historical;Desconocido;Unallocated;COMPUREDES;CENS S.A. E.S.P.;2018/12/20 02:18:20 PM;;2026/02/16 05:15:17 AM;Cisco Systems VPN Client;COMPUREDES;;;999999;EMPRESAS PUBLICAS DE MEDELLIN E.S.P;.
AO 100000.074.12;AO 100000.074.12  -1;ASGADR4FJYMVQAPKBWDMP9ERR4VFAH;Executed;Desconocido;02986400;Desconocido;CHEC S.A. E.S.P.;2018/12/20 02:51:00 PM;;2019/01/03 03:06:24 PM;Decision Tools Industrial Standalone;Desconocido;;;0;CHEC S.A. E.S.P.;.
AO.100000.080.10;AO.100000.080.10-1;ASGADR4FJYMVQAPKBWDOP9ERR7VFE2;Historical;Desconocido;02986400;COMPUFACIL S.A.;CHEC S.A. E.S.P.;2018/12/20 02:43:04 PM;2016/10/31 08:00:00 AM;2026/02/16 05:15:28 AM;SAP Crystal Dashboard Design;COMPUFACIL S.A.;;;250;CHEC S.A. E.S.P.;.
AO.100000.100.03;AO.100000.100.03-1;ASGADR4FJYMVQAPKBWDMP9ERR4VFAT;Historical;Desconocido;02986400;COMPUFACIL S.A.;CHEC S.A. E.S.P.;2018/12/20 02:43:04 PM;2016/10/31 08:00:00 AM;2026/02/16 05:15:24 AM;Citrix XenApp (Presentation Server) Advanced User;COMPUFACIL S.A.;;;100;CHEC S.A. E.S.P.;.
AO100000-116.13 R3;AO100000-116.13 R3-1;ASGADR4FJYMVQAPKBWDMP9ERR5VFBH;Historical;Desconocido;02986400;INMERSYS SAS;CHEC S.A. E.S.P.;2018/12/20 02:51:03 PM;2017/05/31 08:00:00 AM;2026/02/16 05:15:30 AM;Litisoft Control de Procesos Juridicos;INMERSYS SAS;;;0;CHEC S.A. E.S.P.;.
AO-1013-2012;AO-1013-2012-01;ASGADR4FJYMVQAPKRHZWP9UDGK2EHI;Historical;Desconocido;Unallocated;Desconocido;CENS S.A. E.S.P.;2018/12/20 02:04:15 PM;2014/11/22 12:00:00 AM;2026/02/16 05:15:14 AM;DIgSILENT PowerFactory;Desconocido;;;9999;EMPRESAS PUBLICAS DE MEDELLIN E.S.P;.
AO-10292-2011;AO-10292-2011-1;ASGADR4FJYMVQAPKRHZSP9UDG72EBI;Historical;Desconocido;Unallocated;ACTSIS LTDA.;CENS S.A. E.S.P.;2018/12/20 02:18:20 PM;;2026/02/16 05:15:19 AM;Módulo de Administración de Revisiones Sirius;ACTSIS LTDA.;;;1;EMPRESAS PUBLICAS DE MEDELLIN E.S.P;.
AO10455-2011;AO10455-2011-1;ASGADR4FJYMVQAPKRHZXP9UDGL2EJA;Historical;Desconocido;Unallocated;COMPUTADORES Y SOLUCIONES CAD DE COLOMBIA LTDA. - CS CAD;CENS S.A. E.S.P.;2018/12/20 02:18:20 PM;2012/07/25 08:00:00 AM;2026/02/16 05:15:16 AM;Autodesk AutoCAD;COMPUTADORES Y SOLUCIONES CAD DE COLOMBIA LTDA. - CS CAD;;;3;EMPRESAS PUBLICAS DE MEDELLIN E.S.P;.
AO-10510-2011;AO-10510-2011-1;ASGADR4FJYMVQAPKRHZ6P9UDGF2DHQ;Historical;Desconocido;Unallocated;COMPAÑIA COMERCIAL GOBE LTDA.;CENS S.A. E.S.P.;2018/12/20 02:35:10 PM;2011/10/01 07:35:00 AM;2026/02/16 05:15:22 AM;EViews;COMPAÑIA COMERCIAL GOBE LTDA.;10510;;2;EMPRESAS PUBLICAS DE MEDELLIN E.S.P;.
AO10757-2011;AO10757-2011-1;ASGADR4FJYMVQAPKBWDLP9ERR4VEZE;Historical;Desconocido;05986400;HEWLETT PACKARD COLOMBIA LTDA;CENS S.A. E.S.P.;2018/12/20 02:43:04 PM;2012/03/02 08:00:00 AM;2026/02/16 05:15:23 AM;Microsoft Office 365 ProPlus;HEWLETT PACKARD COLOMBIA LTDA;;;104;CENS S.A. E.S.P.;.
AO10757-2011;AO10757-2011-2;ASGADR4FJYMVQAPKBWDOP9ERR7VFFF;Historical;Desconocido;05986400;HEWLETT PACKARD COLOMBIA LTDA;CENS S.A. E.S.P.;2018/12/20 02:43:12 PM;2012/03/02 08:00:00 AM;2026/02/16 05:15:29 AM;Microsoft Visio Professional 2010;HEWLETT PACKARD COLOMBIA LTDA;;;20;CENS S.A. E.S.P.;.
AO10757-2011;AO10757-2011-3;ASGADR4FJYMVQAPKBWDOP9ERR6VFEB;Historical;Desconocido;05986400;HEWLETT PACKARD COLOMBIA LTDA;CENS S.A. E.S.P.;2018/12/20 02:43:04 PM;2012/03/02 08:00:00 AM;2026/02/16 05:15:28 AM;Microsoft Lync Server Standard;HEWLETT PACKARD COLOMBIA LTDA;;;80;CENS S.A. E.S.P.;.
AO10757-2011;AO10757-2011-4;ASGADR4FJYMVQAPKBWDMP9ERR5VFCF;Historical;Desconocido;05986400;HEWLETT PACKARD COLOMBIA LTDA;CENS S.A. E.S.P.;2018/12/20 02:43:04 PM;2012/03/02 08:00:00 AM;2026/02/16 05:15:26 AM;Microsoft Lync Server Enterprise;HEWLETT PACKARD COLOMBIA LTDA;;;80;CENS S.A. E.S.P.;.
AO10757-2011;AO10757-2011-5;ASGADR4FJYMVQAPKBWDNP9ERR6VFDL;Historical;Desconocido;05986400;HEWLETT PACKARD COLOMBIA LTDA;CENS S.A. E.S.P.;2018/12/20 02:43:04 PM;2012/03/02 08:00:00 AM;2026/02/16 05:15:27 AM;Microsoft Project Standard 2010;HEWLETT PACKARD COLOMBIA LTDA;;;60;CENS S.A. E.S.P.;.
AO10757-2011;AO10757-2011-6;ASGADR4FJYMVQAPKBWDMP9ERR5VFB9;Historical;Desconocido;05986400;HEWLETT PACKARD COLOMBIA LTDA;CENS S.A. E.S.P.;2018/12/20 02:43:04 PM;2012/03/02 08:00:00 AM;2026/02/16 05:15:25 AM;Microsoft Windows Enterprise;HEWLETT PACKARD COLOMBIA LTDA;;;2;CENS S.A. E.S.P.;.
AO10757-2011;AO10757-2011-7;ASGADR4FJYMVQAPKBWDNP9ERR6VFD7;Historical;Desconocido;05986400;HEWLETT PACKARD COLOMBIA LTDA;CENS S.A. E.S.P.;2018/12/20 02:43:04 PM;2012/03/02 08:00:00 AM;2026/02/16 05:15:27 AM;Microsoft Windows Enterprise;HEWLETT PACKARD COLOMBIA LTDA;;;1;CENS S.A. E.S.P.;.
AO-10860-2011;AO-10860-2011-01;ASGADR4FJYMVQAPKRHZ7P9UDGF2DIO;Historical;Desconocido;Unallocated;CIEL INGENIERIA LTDA;CENS S.A. E.S.P.;2018/12/20 02:18:22 PM;2011/12/02 12:00:00 AM;2026/02/16 05:15:21 AM;Digiturno iT;CIEL INGENIERIA LTDA;;;9999;EMPRESAS PUBLICAS DE MEDELLIN E.S.P;.
AO-10860-2011;AO-10860-2011-02;ASGADR4FJYMVQAPKRHZWP9UDGL2EIC;Historical;Desconocido;Unallocated;CIEL INGENIERIA LTDA;CENS S.A. E.S.P.;2018/12/20 02:18:24 PM;2011/12/02 12:00:00 AM;2026/02/16 05:15:21 AM;Scala Content Manager Enterprise;CIEL INGENIERIA LTDA;;;51;EMPRESAS PUBLICAS DE MEDELLIN E.S.P;.
AO 1473-2013;AO 1473-2013-1;ASGADR4FJYMVQAPKRHZTP9UDG72ECF;Historical;Desconocido;Unallocated;PRIMESTONE S.A.;CENS S.A. E.S.P.;2018/12/20 02:18:20 PM;;2026/02/16 05:15:19 AM;PrimeRead ES;PRIMESTONE S.A.;;;200;EMPRESAS PUBLICAS DE MEDELLIN E.S.P;.
AO1528-2013;AO1528-2013-1;ASGADR4FJYMVQAPKBWDMP9ERR5VFBS;Historical;Desconocido;05986400;HEWLETT PACKARD COLOMBIA LTDA;CENS S.A. E.S.P.;2018/12/20 02:43:04 PM;2014/02/28 08:00:00 AM;2026/02/16 05:15:25 AM;Microsoft Windows Enterprise;HEWLETT PACKARD COLOMBIA LTDA;;;4;CENS S.A. E.S.P.;.
AO1571-2013;AO1571-2013-1;ASGADR4FJYMVQAPKBWDMP9ERR5VFBE;Historical;Desconocido;05986400;HEWLETT PACKARD COLOMBIA LTDA;CENS S.A. E.S.P.;2018/12/20 02:43:04 PM;2015/12/31 08:00:00 AM;2026/02/16 05:15:25 AM;Exchange Server  Standard;HEWLETT PACKARD COLOMBIA LTDA;;;650;CENS S.A. E.S.P.;.
AO1571-2013;AO1571-2013-2;ASGADR4FJYMVQAPKBWDNP9ERR5VFC3;Historical;Desconocido;05986400;HEWLETT PACKARD COLOMBIA LTDA;CENS S.A. E.S.P.;2018/12/20 02:43:04 PM;2015/12/31 08:00:00 AM;2026/02/16 05:15:26 AM;Exchange Server  Standard;HEWLETT PACKARD COLOMBIA LTDA;;;170;CENS S.A. E.S.P.;.
AO1616-2013;AO1616-2013-1;ASGADR4FJYMVQAPKBWDKP9ERR3VEWX;Historical;Desconocido;05986400;CONTROLES EMPRESARIALES LTDA;CENS S.A. E.S.P.;2018/12/20 02:43:04 PM;2016/03/31 08:00:00 AM;2026/02/16 05:15:23 AM;Microsoft Windows Server Datacenter;CONTROLES EMPRESARIALES LTDA;;;500;CENS S.A. E.S.P.;.
AO1616-2013;AO1616-2013-2;ASGADR4FJYMVQAPKBWDOP9ERR6VFEH;Historical;Desconocido;05986400;CONTROLES EMPRESARIALES LTDA;CENS S.A. E.S.P.;2018/12/20 02:43:04 PM;2016/03/31 08:00:00 AM;2026/02/16 05:15:28 AM;Microsoft Lync Server Standard;CONTROLES EMPRESARIALES LTDA;;;12;CENS S.A. E.S.P.;.
AO1616-2013;AO1616-2013-3;ASGADR4FJYMVQAPKBWDMP9ERR4VFAN;Historical;Desconocido;05986400;CONTROLES EMPRESARIALES LTDA;CENS S.A. E.S.P.;2018/12/20 02:43:04 PM;2016/03/31 08:00:00 AM;2026/02/16 05:15:24 AM;Microsoft Windows Remote Desktop Server;CONTROLES EMPRESARIALES LTDA;;;50;CENS S.A. E.S.P.;.
AO1616-2013;AO1616-2013-4;ASGADR4FJYMVQAPKBWDMP9ERR5VFCA;Historical;Desconocido;05986400;CONTROLES EMPRESARIALES LTDA;CENS S.A. E.S.P.;2018/12/20 02:43:04 PM;2016/03/31 08:00:00 AM;2026/02/16 05:15:25 AM;Microsoft Lync Server Enterprise;CONTROLES EMPRESARIALES LTDA;;;12;CENS S.A. E.S.P.;.
AO1616-2013;AO1616-2013-5;ASGADR4FJYMVQAPKBWDKP9ERR3VEXI;Historical;Desconocido;05986400;CONTROLES EMPRESARIALES LTDA;CENS S.A. E.S.P.;2018/12/20 02:43:04 PM;2016/03/31 08:00:00 AM;2026/02/16 05:15:23 AM;Microsoft Office 365 ProPlus;CONTROLES EMPRESARIALES LTDA;;;1;CENS S.A. E.S.P.;.
AO1616-2013;AO1616-2013-6;ASGADR4FJYMVQAPKBWDKP9ERR3VEW8;Historical;Desconocido;05986400;CONTROLES EMPRESARIALES LTDA;CENS S.A. E.S.P.;2018/12/20 02:43:04 PM;2016/03/31 08:00:00 AM;2026/02/16 05:15:23 AM;Microsoft Windows Server Datacenter;CONTROLES EMPRESARIALES LTDA;;;2;CENS S.A. E.S.P.;.
AO-177;AO-177-1;ASGADR4FJYMVQAPKBWDOP9ERR7VFE6;Executed;Desconocido;06986400;CRUCIAL SOLUTIONS - XCIAL;EDEQ S.A. E.S.P.;2018/12/20 02:43:04 PM;;2019/01/03 03:06:26 PM;Total network inventory management;CRUCIAL SOLUTIONS - XCIAL;;;1;EDEQ S.A. E.S.P.;.
AO-266;AO-266-001;ASGADR4FJYMVQAPKBWDMP9ERR4VFAD;Executed;Desconocido;06986400;COMPUFACIL S.A.;EDEQ S.A. E.S.P.;2018/12/20 02:43:04 PM;2030/01/01 12:00:00 AM;2020/02/06 04:04:59 PM;Citrix XenDesktop Enterprise-Renovacion;COMPUFACIL S.A.;;;118;EDEQ S.A. E.S.P.;.
AO-301;AO-301-1;ASGADR4FJYMVQAPKBWDNP9ERR6VFDB;Executed;Desconocido;06986400;SOFTNET S.A.;EDEQ S.A. E.S.P.;2018/12/20 02:43:04 PM;;2019/01/03 03:17:44 PM;McAfee Agent;SOFTNET S.A.;;;465;EDEQ S.A. E.S.P.;.
AO659-2012;AO659-2012-1;ASGADR4FJYMVQAPKRHZTP9UDG72EBW;Historical;Desconocido;Unallocated;ENERGY COMPUTER SYSTEMS LTDA.;CENS S.A. E.S.P.;2018/12/20 02:18:24 PM;2012/12/31 09:03:00 AM;2026/02/16 05:15:21 AM;SPARD;ENERGY COMPUTER SYSTEMS LTDA.;659;;9999;EMPRESAS PUBLICAS DE MEDELLIN E.S.P;.
AO846-2012;AO846-2012-1;ASGADR4FJYMVQAPKBWDMP9ERR5VFBO;Historical;Desconocido;05986400;HEWLETT PACKARD COLOMBIA LTDA;CENS S.A. E.S.P.;2018/12/20 02:43:04 PM;2012/12/10 08:00:00 AM;2026/02/16 05:15:25 AM;Microsoft Lync Server Standard;HEWLETT PACKARD COLOMBIA LTDA;;;80;CENS S.A. E.S.P.;.
AO846-2012;AO846-2012-10;ASGADR4FJYMVQAPKBWDKP9ERR3VEW0;Historical;Desconocido;05986400;HEWLETT PACKARD COLOMBIA LTDA;CENS S.A. E.S.P.;2018/12/20 02:43:04 PM;2012/12/10 08:00:00 AM;2026/02/16 05:15:23 AM;Microsoft Lync Server Enterprise;HEWLETT PACKARD COLOMBIA LTDA;;;12;CENS S.A. E.S.P.;.
AO846-2012;AO846-2012-11;ASGADR4FJYMVQAPKBWDLP9ERR4VEZ6;Historical;Desconocido;05986400;HEWLETT PACKARD COLOMBIA LTDA;CENS S.A. E.S.P.;2018/12/20 02:43:04 PM;2012/12/10 08:00:00 AM;2026/02/16 05:15:23 AM;Microsoft Office 365 ProPlus;HEWLETT PACKARD COLOMBIA LTDA;;;1;CENS S.A. E.S.P.;.
AO846-2012;AO846-2012-12;ASGADR4FJYMVQAPKBWDLP9ERR4VEZI;Historical;Desconocido;05986400;HEWLETT PACKARD COLOMBIA LTDA;CENS S.A. E.S.P.;2018/12/20 02:43:04 PM;2012/12/10 08:00:00 AM;2026/02/16 05:15:23 AM;Microsoft Windows Server Datacenter;HEWLETT PACKARD COLOMBIA LTDA;;;3;CENS S.A. E.S.P.;.
AO846-2012;AO846-2012-2;ASGADR4FJYMVQAPKBWDNP9ERR6VFDR;Historical;Desconocido;05986400;HEWLETT PACKARD COLOMBIA LTDA;CENS S.A. E.S.P.;2018/12/20 02:43:04 PM;2012/12/10 08:00:00 AM;2026/02/16 05:15:27 AM;Microsoft Lync Server Enterprise;HEWLETT PACKARD COLOMBIA LTDA;;;80;CENS S.A. E.S.P.;.
AO846-2012;AO846-2012-3;ASGADR4FJYMVQAPKBWDMP9ERR5VFBX;Historical;Desconocido;05986400;HEWLETT PACKARD COLOMBIA LTDA;CENS S.A. E.S.P.;2018/12/20 02:43:04 PM;2012/12/10 08:00:00 AM;2026/02/16 05:15:25 AM;Exchange Server Enterprise;HEWLETT PACKARD COLOMBIA LTDA;;;2;CENS S.A. E.S.P.;.
AO846-2012;AO846-2012-4;ASGADR4FJYMVQAPKBWDOP9ERR7VFE1;Historical;Desconocido;05986400;HEWLETT PACKARD COLOMBIA LTDA;CENS S.A. E.S.P.;2018/12/20 02:43:04 PM;2012/12/10 08:00:00 AM;2026/02/16 05:15:28 AM;Microsoft Windows Server Datacenter;HEWLETT PACKARD COLOMBIA LTDA;;;4;CENS S.A. E.S.P.;.
AO846-2012;AO846-2012-5;ASGADR4FJYMVQAPKBWDKP9ERR3VEVS;Historical;Desconocido;05986400;HEWLETT PACKARD COLOMBIA LTDA;CENS S.A. E.S.P.;2018/12/20 02:43:04 PM;2012/12/10 08:00:00 AM;2026/02/16 05:15:22 AM;Microsoft Windows Server;HEWLETT PACKARD COLOMBIA LTDA;;;100;CENS S.A. E.S.P.;.
AO846-2012;AO846-2012-6;ASGADR4FJYMVQAPKBWDNP9ERR6VFD0;Historical;Desconocido;05986400;HEWLETT PACKARD COLOMBIA LTDA;CENS S.A. E.S.P.;2018/12/20 02:43:04 PM;2012/12/10 08:00:00 AM;2026/02/16 05:15:27 AM;Microsoft Windows Enterprise;HEWLETT PACKARD COLOMBIA LTDA;;;4;CENS S.A. E.S.P.;.
AO846-2012;AO846-2012-7;ASGADR4FJYMVQAPKBWDOP9ERR6VFEE;Historical;Desconocido;05986400;HEWLETT PACKARD COLOMBIA LTDA;CENS S.A. E.S.P.;2018/12/20 02:43:04 PM;2012/12/10 08:00:00 AM;2026/02/16 05:15:28 AM;Microsoft Windows Server Datacenter;HEWLETT PACKARD COLOMBIA LTDA;;;500;CENS S.A. E.S.P.;.
AO846-2012;AO846-2012-8;ASGADR4FJYMVQAPKBWDKP9ERR3VEWB;Historical;Desconocido;05986400;HEWLETT PACKARD COLOMBIA LTDA;CENS S.A. E.S.P.;2018/12/20 02:43:04 PM;2012/12/10 08:00:00 AM;2026/02/16 05:15:22 AM;Microsoft Lync Server Standard;HEWLETT PACKARD COLOMBIA LTDA;;;12;CENS S.A. E.S.P.;.
AO846-2012;AO846-2012-9;ASGADR4FJYMVQAPKBWDLP9ERR4VEZN;Historical;Desconocido;05986400;HEWLETT PACKARD COLOMBIA LTDA;CENS S.A. E.S.P.;2018/12/20 02:43:04 PM;2012/12/10 08:00:00 AM;2026/02/16 05:15:23 AM;Microsoft Windows Remote Desktop Server;HEWLETT PACKARD COLOMBIA LTDA;;;50;CENS S.A. E.S.P.;.
AO-993-2012;AO-993-2012-01;ASGADR4FJYMVQAPKRHZTP9UDG82EC6;Historical;Desconocido;Unallocated;SCHNEIDER ELECTRIC DE COLOMBIA S.A;CENS S.A. E.S.P.;2018/12/20 02:18:24 PM;2013/11/06 12:00:00 AM;2026/02/16 05:15:21 AM;ION Enterprise;SCHNEIDER ELECTRIC DE COLOMBIA S.A;;;1;EMPRESAS PUBLICAS DE MEDELLIN E.S.P;.
AO-993-2012;AO-993-2012-02;ASGADR4FJYMVQAPKRHZ8P9UDGH2D2A;Historical;Desconocido;Unallocated;SCHNEIDER ELECTRIC DE COLOMBIA S.A;CENS S.A. E.S.P.;2018/12/20 02:18:20 PM;2013/11/06 12:00:00 AM;2026/02/16 05:15:16 AM;WebClient Pinpoint;SCHNEIDER ELECTRIC DE COLOMBIA S.A;;;2;EMPRESAS PUBLICAS DE MEDELLIN E.S.P;.
BS-STE-AOP-0530-13;BS-STE-AOP-0530-13-01;ASGADR4FJYMVQAPKRHZUP9UDG82EDN;Executed;Desconocido;Unallocated;ESRI COLOMBIA S.A.S.;ESSA S.A. E.S.P.;2018/12/20 02:18:24 PM;;2019/03/27 04:59:13 PM;GPS Pathfinder Office;ESRI COLOMBIA S.A.S.;;;3;EMPRESAS PUBLICAS DE MEDELLIN E.S.P;.
CD-2018-001;CD-2018-001-1;ASGADR4FJYMVQAPKRHZTP9UDG82ECP;Executed;NEXSYS DE COLOMBIA S.A.;Unallocated;NEXSYS DE COLOMBIA S.A.;EM VARIAS;2018/12/20 02:18:22 PM;2030/12/31 02:43:00 PM;2025/05/12 12:19:01 PM;Adobe Acrobat 7.0 Standard;NEXSYS DE COLOMBIA S.A.;;;1;EM VARIAS;.
CD-2018-001;CD-2018-001-2;ASGADR4FJYMVQAPKRHZ2P9UDGB2DAF;Executed;NEXSYS DE COLOMBIA S.A.;Unallocated;NEXSYS DE COLOMBIA S.A.;EM VARIAS;2018/12/20 02:18:22 PM;2030/12/30 02:50:00 PM;2025/05/12 12:19:01 PM;Adobe Acrobat 9 Standard;NEXSYS DE COLOMBIA S.A.;;;1;EM VARIAS;.
CENS-20180219;CENS-20180219-01;ASGADR4FJYMVQAPKRHZZP9UDGN2E3H;Historical;Desconocido;Unallocated;INFORIENTE LTDA.;CENS S.A. E.S.P.;2018/12/20 01:39:51 PM;;2026/02/16 05:15:13 AM;Adobe Acrobat 9 Pro;INFORIENTE LTDA.;;;15;EMPRESAS PUBLICAS DE MEDELLIN E.S.P;.
CENS-20180219;CENS-20180219-02;ASGADR4FJYMVQAPKRHZSP9UDG62DYX;Historical;Desconocido;Unallocated;HONEYWELL;CENS S.A. E.S.P.;2018/12/20 01:39:51 PM;;2026/02/16 05:15:14 AM;Metercat;HONEYWELL;;;9999;EMPRESAS PUBLICAS DE MEDELLIN E.S.P;.
CENS-20180219;CENS-20180219-03;ASGADR4FJYMVQAPKRHZXP9UDGM2EJV;Historical;Desconocido;Unallocated;Desconocido;CENS S.A. E.S.P.;2018/12/20 01:39:50 PM;;2026/02/16 05:15:12 AM;DIRANA;Desconocido;;;9999;EMPRESAS PUBLICAS DE MEDELLIN E.S.P;.
CENS-20180219;CENS-20180219-05;ASGADR4FJYMVQAPKRHZVP9UDG92EF0;Historical;Desconocido;Unallocated;Desconocido;CENS S.A. E.S.P.;2018/12/20 01:39:50 PM;;2026/02/16 05:15:13 AM;ION Setup;Desconocido;;;9999;EMPRESAS PUBLICAS DE MEDELLIN E.S.P;.
CENS-20180219;CENS-20180219-06;ASGADR4FJYMVQAPKRHZYP9UDGM2E0K;Historical;Desconocido;Unallocated;Desconocido;CENS S.A. E.S.P.;2018/12/20 01:39:50 PM;;2026/02/16 05:15:13 AM;Telus;Desconocido;;;9999;EMPRESAS PUBLICAS DE MEDELLIN E.S.P;.
CENS-20180220;CENS-20180220-01;ASGADR4FJYMVQAPKRHZVP9UDGK2EGQ;Historical;Desconocido;Unallocated;Desconocido;CENS S.A. E.S.P.;2018/12/20 01:39:50 PM;;2026/02/16 05:15:13 AM;AMPROBE;Desconocido;;;9999;EMPRESAS PUBLICAS DE MEDELLIN E.S.P;.
CENS-20180222;CENS-20180222-01;ASGADR4FJYMVQAPKRIAAP9UDGO2E4L;Historical;Desconocido;Unallocated;Desconocido;CENS S.A. E.S.P.;2018/12/20 01:39:50 PM;;2026/02/16 05:15:12 AM;ABB;Desconocido;;;9999;EMPRESAS PUBLICAS DE MEDELLIN E.S.P;.
CENS-20180222;CENS-20180222-02;ASGADR4FJYMVQAPKRHZXP9UDGM2EJP;Historical;Desconocido;Unallocated;ITRON COMPAÑIA CHILENA DE MEDICION;CENS S.A. E.S.P.;2018/12/20 01:39:50 PM;;2026/02/16 05:15:12 AM;ACE Pilot;ITRON COMPAÑIA CHILENA DE MEDICION;;;9999;EMPRESAS PUBLICAS DE MEDELLIN E.S.P;.
CENS-20180223;CENS-20180223-01;ASGADR4FJYMVQAPKRHZWP9UDGK2EH8;Historical;Desconocido;Unallocated;Desconocido;CENS S.A. E.S.P.;2018/12/20 02:35:11 PM;;2026/02/16 05:15:22 AM;Edraw Office Viewer Component;Desconocido;;;9999;EMPRESAS PUBLICAS DE MEDELLIN E.S.P;.
CENS-20180223;CENS-20180223-02;ASGADR4FJYMVQAPKRHZVP9UDG92EFK;Historical;Desconocido;Unallocated;Desconocido;CENS S.A. E.S.P.;2018/12/20 02:18:24 PM;;2026/02/16 05:15:21 AM;GPS TrackMaker PRO;Desconocido;;;1;EMPRESAS PUBLICAS DE MEDELLIN E.S.P;.
CENS-20180223;CENS-20180223-03;ASGADR4FJYMVQAPKRHZDP9UDFS2C2F;Historical;Desconocido;Unallocated;SAP S.A.;CENS S.A. E.S.P.;2018/12/20 02:35:10 PM;;2026/02/16 05:15:22 AM;HANA Studio;SAP S.A.;;;9999;EMPRESAS PUBLICAS DE MEDELLIN E.S.P;.
CENS-20180223;CENS-20180223-04;ASGADR4FJYMVQAPKRHZUP9UDG92EE8;Historical;Desconocido;Unallocated;Desconocido;CENS S.A. E.S.P.;2018/12/20 02:18:24 PM;;2026/02/16 05:15:21 AM;IDSOS Complemento Office;Desconocido;;;9999;EMPRESAS PUBLICAS DE MEDELLIN E.S.P;.
CENS-20180305;CENS-20180305-01;ASGADR4FJYMVQAPKRHZ7P9UDGF2DIW;Historical;Desconocido;Unallocated;Desconocido;CENS S.A. E.S.P.;2018/12/20 01:39:49 PM;;2026/02/16 05:15:12 AM;RStudio;Desconocido;;;9999;EMPRESAS PUBLICAS DE MEDELLIN E.S.P;.
CENS-20180305;CENS-20180305-02;ASGADR4FJYMVQAPKRHZ3P9UDGC2DBW;Historical;Desconocido;Unallocated;Desconocido;CENS S.A. E.S.P.;2018/12/20 01:39:51 PM;;2026/02/16 05:15:13 AM;R for Windows;Desconocido;;;9999;EMPRESAS PUBLICAS DE MEDELLIN E.S.P;.
CENS-20180315;CENS-20180315-1;ASGADR4FJYMVQAPKRHZ7P9UDGF2DJ2;Historical;Desconocido;Unallocated;Desconocido;CENS S.A. E.S.P.;2018/12/20 01:39:49 PM;;2026/02/16 05:15:13 AM;ExpertGPS;Desconocido;;;9999;EMPRESAS PUBLICAS DE MEDELLIN E.S.P;.
CENS-20180426;CENS-20180426-01;ASGADR4FJYMVQAPKRHZYP9UDGN2E17;Historical;Desconocido;Unallocated;Desconocido;CENS S.A. E.S.P.;2018/12/20 01:39:50 PM;;2026/02/16 05:15:12 AM;Complemente de Excel Metric 6;Desconocido;;;9999;EMPRESAS PUBLICAS DE MEDELLIN E.S.P;.
CENS-20180529;CENS-20180529-01;ASGADR4FJYMVQAPKRHZ8P9UDGG2D0P;Historical;Desconocido;Unallocated;Desconocido;CENS S.A. E.S.P.;2018/12/20 01:39:50 PM;;2026/02/16 05:15:13 AM;FLIR Tools;Desconocido;;;9999;EMPRESAS PUBLICAS DE MEDELLIN E.S.P;.
CHEC-2005-01;CHEC-2005-01-01;ASGADR4FJYMVQAPKRHZTP9UDG82ECT;Executed;Desconocido;Unallocated;Desconocido;CHEC S.A. E.S.P.;2018/12/20 01:39:48 PM;;2021/08/13 01:12:11 PM;WinaXe;Desconocido;;;30;EMPRESAS PUBLICAS DE MEDELLIN E.S.P;.
CHEC-2008-10;CHEC-2008-10-01;ASGADR4FJYMVQAPKRHZ7P9UDGF2DJI;Executed;Desconocido;Unallocated;FUSION F&G CIA LTDA;CHEC S.A. E.S.P.;2018/12/20 02:18:20 PM;;2021/08/13 01:11:02 PM;WinaXe_Plus;FUSION F&G CIA LTDA;;;5;EMPRESAS PUBLICAS DE MEDELLIN E.S.P;.
CHEC-2008-12;CHEC-2008-12-01;ASGADR4FJYMVQAPKRHZYP9UDGM2E1D;Executed;Desconocido;Unallocated;MICROSOFT CORPORATION;CHEC S.A. E.S.P.;2018/12/20 02:18:24 PM;;2021/07/27 09:38:27 AM;Microsoft SharePoint Designer;MICROSOFT CORPORATION;;;999999;EMPRESAS PUBLICAS DE MEDELLIN E.S.P;.
CHEC-2012-05-25;CHEC-2012-05-25-01;ASGADR4FJYMVQAPKRIABP9UDGQ2E7Q;Executed;Desconocido;Unallocated;EPM;CHEC S.A. E.S.P.;2018/12/20 02:18:20 PM;;2021/08/13 01:13:15 PM;Edraw Office Viewer Component;EPM;;;999999;EMPRESAS PUBLICAS DE MEDELLIN E.S.P;.
CHEC-2012-07-12;CHEC-2012-07-12-01;ASGADR4FJYMVQAPKRHZKP9UDGI2D5E;Executed;Desconocido;Unallocated;Desconocido;CHEC S.A. E.S.P.;2018/12/20 01:39:50 PM;;2021/08/13 01:15:09 PM;Metercat;Desconocido;;;999999;EMPRESAS PUBLICAS DE MEDELLIN E.S.P;.
CHEC-2012-08-13;CHEC-2012-08-13-01;ASGADR4FJYMVQAPKRHZ7P9UDGG2D0C;Executed;Desconocido;Unallocated;GEIICO;CHEC S.A. E.S.P.;2018/12/20 02:35:10 PM;2027/08/13 12:16:00 PM;2021/08/13 01:15:42 PM;ACE Pilot;GEIICO;;;999999;EMPRESAS PUBLICAS DE MEDELLIN E.S.P;.
CHEC-2016-06-16;CHEC-2016-06-16-01;ASGADR4FJYMVQAPKRHZTP9UDG72ECJ;Executed;Desconocido;Unallocated;SAP S.A.;CHEC S.A. E.S.P.;2018/12/20 02:18:20 PM;;2021/08/13 01:16:14 PM;HANA Studio;SAP S.A.;;;999999;EMPRESAS PUBLICAS DE MEDELLIN E.S.P;.
CHEC-2016-09-08;CHEC-2016-09-08-01;ASGADR4FJYMVQAPKRHZSP9UDG72EAS;Executed;Desconocido;Unallocated;Desconocido;CHEC S.A. E.S.P.;2018/12/20 01:39:48 PM;;2021/08/13 01:16:26 PM;EZCast;Desconocido;;;1;EMPRESAS PUBLICAS DE MEDELLIN E.S.P;.
CHEC-2016-12;CHEC-2016-12-01;ASGADR4FJYMVQAPKRHZXP9UDGL2EJD;Executed;Desconocido;Unallocated;SCHNEIDER ELECTRIC DE COLOMBIA S.A;CHEC S.A. E.S.P.;2018/12/20 02:18:24 PM;;2021/08/13 01:16:39 PM;ION Setup;SCHNEIDER ELECTRIC DE COLOMBIA S.A;;;999999;EMPRESAS PUBLICAS DE MEDELLIN E.S.P;.
CHEC-2018-02;CHEC-2018-02-01;ASGADR4FJYMVQAPKRIAAP9UDGP2E63;Executed;Desconocido;Unallocated;CHEC S.A. E.S.P.;CHEC S.A. E.S.P.;2018/12/20 02:18:20 PM;;2021/08/13 01:15:22 PM;OMICRON Test Universe;CHEC S.A. E.S.P.;;;999999;EMPRESAS PUBLICAS DE MEDELLIN E.S.P;.
CM-2014-03220;CM-2014-03220-001;ASGADR4FJYMVQAPKRHYVP9UDF92BQ5;Executed;Microdyne;01989080;MICRODYNE S.A.S.;EMPRESAS PUBLICAS DE MEDELLIN E.S.P;2018/12/20 01:39:41 PM;2030/09/15 12:00:00 AM;2025/12/22 03:12:19 PM;"WBS Chart Pro
WBS Chart Pro";MICRODYNE S.A.S.;2035415;;1;EMPRESAS PUBLICAS DE MEDELLIN E.S.P;.
CM-2015-00008;CM-2015-00008-1;ASGADR4FJYMVQAPKBWDNP9ERR6VFDC;Historical;Desconocido;05986200;GIT LTDA;CENS S.A. E.S.P.;2018/12/20 02:43:04 PM;2016/08/02 08:00:00 AM;2026/02/16 05:15:27 AM;ERA;GIT LTDA;31307-31309-31310-31804;;60;CENS S.A. E.S.P.;.
CM-2015-00010;CM-2015-00010-1;ASGADR4FJYMVQAPKBWDLP9ERR4VEYC;Historical;Desconocido;05986200;COMPAÑIA DE INGENIEROS DE SISTEMAS ASOCIADOS COINSA LTDA.;CENS S.A. E.S.P.;2018/12/20 02:43:04 PM;2016/07/28 08:00:00 AM;2026/02/16 05:15:23 AM;Hyperion Strategic Finance Client;COMPAÑIA DE INGENIEROS DE SISTEMAS ASOCIADOS COINSA LTDA.;31804;;1;CENS S.A. E.S.P.;.
CM-2015-000101;CM-2015-000101-1;ASGADR4FJYMVQAPKBWDLP9ERR4VEZJ;Historical;Desconocido;05337700;JV ELECTRONICS EMPRESA;CENS S.A. E.S.P.;2018/12/20 02:43:08 PM;2015/12/19 08:00:00 AM;2026/02/16 05:15:26 AM;Microsoft Project Standard 2016;JV ELECTRONICS EMPRESA;35860-35862;;3;CENS S.A. E.S.P.;.
CM-2015-000101;CM-2015-000101-2;ASGADR4FJYMVQAPKBWDMP9ERR5VFAZ;Historical;Desconocido;05986400;JV ELECTRONICS EMPRESA;CENS S.A. E.S.P.;2018/12/20 02:43:11 PM;2015/12/19 08:00:00 AM;2026/02/16 05:15:28 AM;CorelDRAW Graphics Suite X7;JV ELECTRONICS EMPRESA;35861;;2;CENS S.A. E.S.P.;.
CM-2015-000101;CM-2015-000101-3;ASGADR4FJYMVQAPKBWDLP9ERR4VEZO;Historical;Desconocido;05337700;JV ELECTRONICS EMPRESA;CENS S.A. E.S.P.;2018/12/20 02:43:08 PM;2015/12/19 08:00:00 AM;2026/02/16 05:15:26 AM;Microsoft Project Professional 2016;JV ELECTRONICS EMPRESA;35862;;1;CENS S.A. E.S.P.;.
CM-2015-00019;CM-2015-00019-1;ASGADR4FJYMVQAPKBWDMP9ERR5VFAX;Historical;MICROSOFT;05986400;CONTROLES EMPRESARIALES LTDA;CENS S.A. E.S.P.;2018/12/20 02:43:04 PM;2015/08/27 08:00:00 AM;2026/02/16 05:15:24 AM;Microsoft Visual Studio Professional 2013;CONTROLES EMPRESARIALES LTDA;32172;;3;CENS S.A. E.S.P.;.
CM-2015-00019;CM-2015-00019-2;ASGADR4FJYMVQAPKBWDNP9ERR6VFDA;Historical;Desconocido;05347200;CONTROLES EMPRESARIALES LTDA;CENS S.A. E.S.P.;2018/12/20 02:43:04 PM;2015/08/27 08:00:00 AM;2026/02/16 05:15:27 AM;Microsoft Dynamics CRM para Outlook;CONTROLES EMPRESARIALES LTDA;32172;;6;CENS S.A. E.S.P.;.
CM-2015-00028;CM-2015-00028-1;ASGADR4FJYMVQAPKBWDNP9ERR6VFDI;Historical;Desconocido;05986200;GIT LTDA;CENS S.A. E.S.P.;2018/12/20 02:43:04 PM;2016/09/27 08:00:00 AM;2026/02/16 05:15:27 AM;ERA;GIT LTDA;32652-32653-32654;;44;CENS S.A. E.S.P.;.
CM-2015-00087;CM-2015-00087-1;ASGADR4FJYMVQAPKRHZWP9UDGL2EI6;Historical;Desconocido;Unallocated;XSYSTEM LTDA;CENS S.A. E.S.P.;2018/12/20 02:18:20 PM;2016/12/17 08:00:00 AM;2026/02/16 05:15:16 AM;Autodesk Product Design Suite;XSYSTEM LTDA;35546;;1;EMPRESAS PUBLICAS DE MEDELLIN E.S.P;.
CM-2015-04724;CM-2015-04724-001;ASGADR4FJYMVQAPKRHYPP9UDF42B3U;Executed;ServiSoft S.A.;01985026;MICROCAD SA;EMPRESAS PUBLICAS DE MEDELLIN E.S.P;2018/12/20 01:39:31 PM;2030/09/01 12:00:00 AM;2025/12/22 09:50:16 AM;Color Effex Pro;MICROCAD SA;20137788;;9;EMPRESAS PUBLICAS DE MEDELLIN E.S.P;.
CM-2015-05073;CM-2015-05073-001;ASGADR4FJYMVQAPKRHZVP9UDG92EFE;Executed;ServiSoft S.A.;01980426;Rapid7;EMPRESAS PUBLICAS DE MEDELLIN E.S.P;2018/12/20 01:39:51 PM;2030/10/13 12:00:00 AM;2026/01/05 04:46:42 PM;NEXPOSE ENTERPRISE;Rapid7;2141655;;1;EMPRESAS PUBLICAS DE MEDELLIN E.S.P;.
CM-2016-00043;CM-2016-00043-1;ASGADR4FJYMVQAPKBWDLP9ERR4VEXT;Historical;Desconocido;05986100;GIT LTDA;CENS S.A. E.S.P.;2018/12/20 02:43:04 PM;2018/07/10 08:00:00 AM;2026/02/16 05:15:23 AM;ACL for Windows;GIT LTDA;40016;;1;CENS S.A. E.S.P.;.
CM-2016-00106;CM-2016-00106-01;ASGADR4FJYMVQAPKRHZYP9UDGN2E1Y;Historical;Desconocido;Unallocated;GIT LTDA;CENS S.A. E.S.P.;2018/12/20 02:18:24 PM;2018/08/02 12:00:00 AM;2026/02/16 05:15:20 AM;ERA;GIT LTDA;43920;;104;EMPRESAS PUBLICAS DE MEDELLIN E.S.P;.
CM-2016-00113;CM-2016-00113-01;ASGADR4FJYMVQAPKRHZ8P9UDGH2D21;Historical;Desconocido;Unallocated;BUSINESSMIND COLOMBIA S.A.;CENS S.A. E.S.P.;2018/12/20 02:18:22 PM;;2026/02/16 05:15:18 AM;Toad for Oracle;BUSINESSMIND COLOMBIA S.A.;44079;;5;EMPRESAS PUBLICAS DE MEDELLIN E.S.P;.
CM-2016-00113;CM-2016-00113-02;ASGADR4FJYMVQAPKRHZ6P9UDGE2DGP;Historical;Desconocido;Unallocated;BUSINESSMIND COLOMBIA S.A.;CENS S.A. E.S.P.;2018/12/20 02:18:22 PM;;2026/02/16 05:15:20 AM;Toad for Oracle;BUSINESSMIND COLOMBIA S.A.;44079;;5;EMPRESAS PUBLICAS DE MEDELLIN E.S.P;.
CM-2016-00113;CM-2016-00113-03;ASGADR4FJYMVQAPKRHZ4P9UDGD2DEG;Historical;Desconocido;Unallocated;BUSINESSMIND COLOMBIA S.A.;CENS S.A. E.S.P.;2018/12/20 02:18:22 PM;;2026/02/16 05:15:19 AM;TOAD Professional DBA Suite for Oracle;BUSINESSMIND COLOMBIA S.A.;44079;;1;EMPRESAS PUBLICAS DE MEDELLIN E.S.P;.
CM-2016-01025;CM-2016-01025-001;ASGADR4FJYMVQAPKRHYMP9UDF12BEO;Executed;Adobe Inc.;01985026;Key Market;EMPRESAS PUBLICAS DE MEDELLIN E.S.P;2018/12/20 01:39:31 PM;;2025/11/10 05:45:12 PM;Adobe Creative Cloud;Key Market;1405717;;1;EMPRESAS PUBLICAS DE MEDELLIN E.S.P;.
CM-2016-01025;CM-2016-01025-002;ASGADR4FJYMVQAPKRHYKP9UDFJ2BAO;Executed;Adobe Inc.;01980315;Key Market;EMPRESAS PUBLICAS DE MEDELLIN E.S.P;2018/12/20 01:39:28 PM;;2025/11/10 05:45:14 PM;Adobe Creative Cloud;Key Market;OW2123350;;3;EMPRESAS PUBLICAS DE MEDELLIN E.S.P;.
CM-2016-01025;CM-2016-01025-003;ASGADR4FJYMVQAPKRHYQP9UDF42B4X;Executed;Adobe Inc.;01980335;Key Market;EMPRESAS PUBLICAS DE MEDELLIN E.S.P;2018/12/20 01:39:28 PM;;2025/11/10 05:45:12 PM;Adobe Illustrator CC;Key Market;227320;;1;EMPRESAS PUBLICAS DE MEDELLIN E.S.P;.
CM-2016-01025;CM-2016-01025-004;ASGADR4FJYMVQAPKRHYMP9UDF02BD0;Executed;Adobe Inc.;01980335;Key Market;EMPRESAS PUBLICAS DE MEDELLIN E.S.P;2018/12/20 01:39:28 PM;;2025/11/10 05:45:13 PM;Adobe Photoshop CC;Key Market;227323;;1;EMPRESAS PUBLICAS DE MEDELLIN E.S.P;.
CM-2016-01025;CM-2016-01025-005;ASGADR4FJYMVQAPKRHZ6P9UDGE2DHG;Historical;Desconocido;Unallocated;MICRODYNE S.A.S.;EMPRESAS PUBLICAS DE MEDELLIN E.S.P;2018/12/20 01:39:51 PM;2018/09/12 12:00:00 AM;2026/02/16 05:15:14 AM;Adobe Creative Cloud;MICRODYNE S.A.S.;;;3;EMPRESAS PUBLICAS DE MEDELLIN E.S.P;.
CM-2016-01495;CM-2016-01495-001;ASGADR4FJYMVQAQWLLDAQVMQ3I6IC5;Executed;Fluke;01980294;SUMINISTROS Y CONTROLES ELECTRONICOS;EMPRESAS PUBLICAS DE MEDELLIN E.S.P;2021/07/21 08:51:16 AM;2035/07/01 12:00:00 AM;2025/05/12 12:19:01 PM;METCAL GOLD;SUMINISTROS Y CONTROLES ELECTRONICOS;1400572;;2;EMPRESAS PUBLICAS DE MEDELLIN E.S.P;.
CM-2016-01674;CM-2016-01674-001;ASGADR4FJYMVQAPKRHY9P9UDFH2AWQ;Executed;Adobe Inc.;01980143;Desconocido;EMPRESAS PUBLICAS DE MEDELLIN E.S.P;2018/12/20 01:39:28 PM;;2019/01/03 03:06:16 PM;Adobe Captivate 9;Desconocido;2202793 , 2202799;;2;EMPRESAS PUBLICAS DE MEDELLIN E.S.P;.
CM-2016-01793;CM-2016-01793-001;ASGADR4FJYMVQAPKRHZ5P9UDGE2DG8;Executed;LUMION;01980293;MICRODYNE S.A.S.;EMPRESAS PUBLICAS DE MEDELLIN E.S.P;2018/12/20 01:39:49 PM;2030/06/10 12:00:00 AM;2025/05/12 12:19:01 PM;Lumion 6.5;MICRODYNE S.A.S.;2202322;;4;EMPRESAS PUBLICAS DE MEDELLIN E.S.P;.
CM-2016-03858;CM-2016-03858-001;ASGADR4FJYMVQAPKRHYOP9UDF32B0K;Executed;Adobe Inc.;01980564;MICRODYNE SAS;EMPRESAS PUBLICAS DE MEDELLIN E.S.P;2018/12/20 01:39:28 PM;;2025/11/10 05:45:14 PM;Adobe Photoshop CC;MICRODYNE SAS;1405534;;1;EMPRESAS PUBLICAS DE MEDELLIN E.S.P;.
CM-2016-03858;CM-2016-03858-002;ASGADR4FJYMVQAPKRHYTP9UDF72BL9;Executed;Adobe Inc.;01980635;MICRODYNE SAS;EMPRESAS PUBLICAS DE MEDELLIN E.S.P;2018/12/20 01:39:28 PM;;2025/11/10 05:45:11 PM;WBS Chart Pro;MICRODYNE SAS;1405675;;4;EMPRESAS PUBLICAS DE MEDELLIN E.S.P;.
CM-2016-06466;CM-2016-06466;ASGADR4FJYMVQAPKRHY4P9UDFD2A9J;Executed;;01312014;Desconocido;EMPRESAS PUBLICAS DE MEDELLIN E.S.P;2018/12/20 01:39:21 PM;;2019/01/03 03:06:16 PM;;Desconocido;2255304;;13;;.
CM-2016-06466;CM-2016-06466-001;ASGCX11BEBAG1ATH79G7TH79G7170Q;Executed;Campbell Scientific;01312014;Durespo;EMPRESAS PUBLICAS DE MEDELLIN E.S.P;2025/12/18 04:48:32 PM;2034/04/19 12:00:00 AM;2025/12/18 05:02:06 PM;LoggerNet;Durespo;;;13;EMPRESAS PUBLICAS DE MEDELLIN E.S.P;.
CM-2016-06491;CM-2016-06491-001;ASGADR4FJYMVQAPKRHZVP9UDG92EF7;Executed;Adobe Inc.;01980293;TRACE SOFTWARE INTERNATIONAL;EMPRESAS PUBLICAS DE MEDELLIN E.S.P;2018/12/20 01:39:48 PM;2030/12/20 12:00:00 AM;2026/01/05 03:44:23 PM;Archelios Calc;TRACE SOFTWARE INTERNATIONAL;1408915;;1;EMPRESAS PUBLICAS DE MEDELLIN E.S.P;.
CM-2017-00016;CM-2017-00016-01;ASGADR4FJYMVQAPKRHZ1P9UDGA2CXI;Historical;Desconocido;Unallocated;CONGLOMERADO EMPRESARIAL CEVASING;CENS S.A. E.S.P.;2018/12/20 02:35:10 PM;2019/04/06 12:00:00 AM;2026/02/16 05:15:22 AM;CorelDRAW Graphics Suite 2017;CONGLOMERADO EMPRESARIAL CEVASING;46659;;1;EMPRESAS PUBLICAS DE MEDELLIN E.S.P;.
CM-2017-00025;CM-2017-00025-01;ASGADR4FJYMVQAPKRIABP9UDGP2E6P;Historical;Desconocido;Unallocated;CONTROLES EMPRESARIALES LTDA.;CENS S.A. E.S.P.;2018/12/20 02:35:11 PM;2018/11/30 12:00:00 AM;2026/02/16 05:15:22 AM;Visio Pro Office 365;CONTROLES EMPRESARIALES LTDA.;47055;;20;EMPRESAS PUBLICAS DE MEDELLIN E.S.P;.
CM-2017-00025;CM-2017-00025-02;ASGADR4FJYMVQAPKRHZCP9UDFR2C0F;Historical;Desconocido;Unallocated;CONTROLES EMPRESARIALES LTDA.;CENS S.A. E.S.P.;2018/12/20 02:35:10 PM;2018/11/30 12:00:00 AM;2026/02/16 05:15:22 AM;Project Pro Office 365;CONTROLES EMPRESARIALES LTDA.;47055;;20;EMPRESAS PUBLICAS DE MEDELLIN E.S.P;.
CM-2017-00101;CM-2017-00101-01;ASGADR4FJYMVQAPKRHZ5P9UDGD2DEX;Historical;Desconocido;Unallocated;PRIMESTONE S.A.;CENS S.A. E.S.P.;2018/12/20 02:18:20 PM;;2026/02/16 05:15:18 AM;PrimeRead ES;PRIMESTONE S.A.;50833;;300;EMPRESAS PUBLICAS DE MEDELLIN E.S.P;.
CM-2017-00107;CM-2017-00107-01;ASGADR4FJYMVQAPKRHZCP9UDFR2CJS;Historical;Desconocido;Unallocated;GIT LTDA;ESSA S.A. E.S.P.;2018/12/20 02:35:10 PM;2018/07/19 03:19:00 PM;2026/02/16 05:15:21 AM;ACL Analytics;GIT LTDA;51081;;1;EMPRESAS PUBLICAS DE MEDELLIN E.S.P;.
CM-2017-06813;CM-2017-06813;ASGADR4FJYMVQAPKRHZ8P9UDGH2D18;Executed;Adobe Inc.;01989072;SOFTWARE SHOP;EMPRESAS PUBLICAS DE MEDELLIN E.S.P;2018/12/20 02:18:20 PM;2030/12/15 12:00:00 AM;2025/05/12 12:19:01 PM;TurboFTP;SOFTWARE SHOP;2339587;;4;EMPRESAS PUBLICAS DE MEDELLIN E.S.P;.
CM-2018-00014_;CM-2018-00014-1_;ASGADR4FJYMVQAPKRHZ7P9UDGF2DIR;Historical;Desconocido;Unallocated;PROCYTEC DE COLOMBIA S.A.S.;EM VARIAS;2018/12/20 02:18:20 PM;2020/12/31 08:09:00 AM;2026/02/16 05:15:18 AM;McAfee Agent;PROCYTEC DE COLOMBIA S.A.S.;;;30;EMPRESAS PUBLICAS DE MEDELLIN E.S.P;.
CM-2018-00015;CM-2018-00015-1;ASGADR4FJYMVQAPKRHZSP9UDG62DZH;Historical;Desconocido;Unallocated;GIT LTDA;EM VARIAS;2018/12/20 02:18:24 PM;2019/06/09 11:11:00 AM;2026/02/16 05:15:21 AM;ACL for Windows;GIT LTDA;;;1;EMPRESAS PUBLICAS DE MEDELLIN E.S.P;.
CM-2018-01489;CM-2018-01489;ASGADR4FJYMVQAPKRHZVP9UDG92EFQ;Historical;Desconocido;Unallocated;MICRODYNE S.A.S.;EMPRESAS PUBLICAS DE MEDELLIN E.S.P;2018/12/20 02:04:15 PM;2019/08/08 12:00:00 AM;2026/02/16 05:15:15 AM;mindmeister;MICRODYNE S.A.S.;;;10;EMPRESAS PUBLICAS DE MEDELLIN E.S.P;.
CM-2018-01489;CM-2018-01489-001;ASGADR4FJYMVQAPKRHZSP9UDG72EAE;Historical;Desconocido;Unallocated;Desconocido;EMPRESAS PUBLICAS DE MEDELLIN E.S.P;2018/12/20 02:04:15 PM;2019/05/29 03:04:00 PM;2026/02/16 05:15:14 AM;Archicad;Desconocido;;;2;EMPRESAS PUBLICAS DE MEDELLIN E.S.P;.
CM-2018-02482;CM-2018-02482;ASGADR4FJYMVQAPKRHZXP9UDGM2E0J;Executed;;01989080;Desconocido;EMPRESAS PUBLICAS DE MEDELLIN E.S.P;2018/12/20 01:39:50 PM;2030/01/01 12:00:00 AM;2025/05/12 12:19:01 PM;;Desconocido;1428640;;1;;.
CM-2018-02482;CM-2018-02482-001;ASGJR68LATILOATH79XHTH79XHU1LC;Executed;CYME;01989080;CPS REPRESENTACIONES;EMPRESAS PUBLICAS DE MEDELLIN E.S.P;2025/12/18 05:06:43 PM;2035/10/26 12:00:00 AM;2026/01/06 11:14:58 AM;CymGrd Substation 7.0;CPS REPRESENTACIONES;1428640;;1;EMPRESAS PUBLICAS DE MEDELLIN E.S.P;.
CM-2018-02577;CM-2018-02577-001;ASGADR4FJYMVQAPKRHZ3P9UDGC2DCL;Executed;IBM;Unallocated;GREEN SERVICES AND SOLUTION;EMPRESAS PUBLICAS DE MEDELLIN E.S.P;2018/12/20 02:18:22 PM;;2020/04/14 02:57:25 PM;VMware Workstation;GREEN SERVICES AND SOLUTION;2393767;;1;EMPRESAS PUBLICAS DE MEDELLIN E.S.P;.
CM-2018-02594;CM-2018-02594;ASGADR4FJYMVQAPKRHZ8P9UDGH2D2B;Historical;Desconocido;Unallocated;PROCYTEC DE COLOMBIA S.A.S.;EMPRESAS PUBLICAS DE MEDELLIN E.S.P;2018/12/20 02:18:20 PM;2019/08/14 03:17:00 PM;2026/02/16 05:15:16 AM;Homer Pro;PROCYTEC DE COLOMBIA S.A.S.;2394376;;1;EMPRESAS PUBLICAS DE MEDELLIN E.S.P;.
CM-2018-02719;CM-2018-02719-001;ASGHQUY5ITS9AASU68B6SU68B6CI8V;Executed;Panduit;01337280;SIGMA ENERTEL S.A.S.;EMPRESAS PUBLICAS DE MEDELLIN E.S.P;2025/04/09 10:09:22 AM;2036/08/30 12:00:00 AM;2025/05/12 12:19:01 PM;Easy-Mark Plus;SIGMA ENERTEL S.A.S.;OC-2395165;;1;EMPRESAS PUBLICAS DE MEDELLIN E.S.P;.
CM-2018-03803;CM-2018-03803-01;ASGADR4FJYMVQAPL4FEVPK6ZD97L4M;Executed;Fine Software;01980279;ICC COLOMBIA SAS;EMPRESAS PUBLICAS DE MEDELLIN E.S.P;2019/01/15 04:09:20 PM;2030/01/01 12:00:00 AM;2025/05/12 12:19:01 PM;GEO5;ICC COLOMBIA SAS;1431887;;10;EMPRESAS PUBLICAS DE MEDELLIN E.S.P;.
CM-2018-04131;CM-2018-04131;ASGADR4FJYMVQAPKRHZUP9UDG92EEP;Executed;Desconocido;Unallocated;KEY MARKET S.A.;EMPRESAS PUBLICAS DE MEDELLIN E.S.P;2018/12/20 02:18:22 PM;;2019/01/03 03:06:33 PM;CM-2018-04131;KEY MARKET S.A.;2409390;;1;EMPRESAS PUBLICAS DE MEDELLIN E.S.P;.
CM-2018-04132;CM-2018-04132;ASGADR4FJYMVQAPKRHZ6P9UDGF2DI6;Historical;Desconocido;01989080;COMPUTEL SYSTEM LTDA.;EMPRESAS PUBLICAS DE MEDELLIN E.S.P;2018/12/20 02:18:20 PM;2019/10/19 12:00:00 AM;2026/02/16 05:15:18 AM;Adobe Creative Cloud;COMPUTEL SYSTEM LTDA.;20409399;;1;EMPRESAS PUBLICAS DE MEDELLIN E.S.P;.
CM-2018-04133;CM-2018-04133;ASGADR4FJYMVQAPKRHZ5P9UDGE2DFT;Historical;Desconocido;01989080;COMPUTEL SYSTEM LTDA.;EMPRESAS PUBLICAS DE MEDELLIN E.S.P;2018/12/20 02:18:22 PM;2019/10/19 12:00:00 AM;2026/02/16 05:15:20 AM;Adobe Creative Cloud;COMPUTEL SYSTEM LTDA.;2409401;;1;EMPRESAS PUBLICAS DE MEDELLIN E.S.P;.
CM-2018-05358;CM-2018-05358-001;ASGADR4FJYMVQAPLRCR6PKTWQEWZZD;Historical;CSI;Unallocated;MICRODYNE S.A.S.;EMPRESAS PUBLICAS DE MEDELLIN E.S.P;2019/01/22 03:46:58 PM;2024/01/22 12:00:00 AM;2026/02/16 05:15:33 AM;SAP2000 v20;MICRODYNE S.A.S.;;;2;EMPRESAS PUBLICAS DE MEDELLIN E.S.P;.
CM-2019-00056;CM-2019-00056-001;ASGADR4FJYMVQAQFIU8UQE0ZH8YLID;Historical;Desconocido;Unallocated;GIT LTDA;EDEQ S.A. E.S.P.;2020/02/05 02:51:40 PM;2020/07/18 12:00:00 AM;2026/02/16 05:15:34 AM;ACL Analytics;GIT LTDA;;;1;EDEQ S.A. E.S.P.;.
CM-2019-01521;CM-2019-01521-001;ASGA9TAFB7LH4AQG3CVZQF5FRQ73UU;Historical;Desconocido;Unallocated;Desconocido;EMPRESAS PUBLICAS DE MEDELLIN E.S.P;2020/02/27 08:07:20 AM;2020/05/29 12:00:00 AM;2026/02/16 05:15:35 AM;Archicad 23;Desconocido;;;4;EMPRESAS PUBLICAS DE MEDELLIN E.S.P;.
CM-2020-00592;CM-2020-00592-001;ASGADR4FJYMVQAQ1R7FRQ0T3H6LJOD;Historical;ADOBE SYSTEMS INCORPORATED;01980143;ADOBE SYSTEMS INCORPORATED;EMPRESAS PUBLICAS DE MEDELLIN E.S.P;2020/06/11 07:27:26 AM;2021/03/06 12:00:00 AM;2026/02/16 05:15:36 AM;Adobe Acrobat Pro DC;ADOBE SYSTEMS INCORPORATED;;;1;EMPRESAS PUBLICAS DE MEDELLIN E.S.P;.
CM-2020-00592;CM-2020-00592-002;ASGADR4FJYMVQAQ25LS0Q177TZFUKS;Historical;Adobe;01980143;JV ELECTRONICS;EMPRESAS PUBLICAS DE MEDELLIN E.S.P;2020/06/24 08:10:22 AM;2021/03/06 12:00:00 AM;2026/02/16 05:15:36 AM;Adobe Acrobat Pro DC;JV ELECTRONICS;;;1;EMPRESAS PUBLICAS DE MEDELLIN E.S.P;.
CM-2020-01592;CM-2020-01592-001;ASGA9TAFB7LH4AQ1T46LQ0V0FCY4WD;Historical;Adobe;Unallocated;JV ELECTRONICS;EMPRESAS PUBLICAS DE MEDELLIN E.S.P;2020/06/12 08:26:18 AM;2021/05/07 12:00:00 AM;2026/02/16 05:15:36 AM;Adobe Acrobat Pro DC;JV ELECTRONICS;;;10;EMPRESAS PUBLICAS DE MEDELLIN E.S.P;.
CM-2020-01609;CM-2020-01609-001;ASGA9TAFB7LH4AQ28FV2Q1KAO4H0SD;Historical;Desconocido;01985026;Desconocido;EMPRESAS PUBLICAS DE MEDELLIN E.S.P;2020/06/25 05:18:02 PM;2021/05/15 12:00:00 AM;2026/02/16 05:15:36 AM;Archicad 23;Desconocido;;;4;EMPRESAS PUBLICAS DE MEDELLIN E.S.P;.
CM-2020-01609;CM-2020-01609-002;ASGCWMRSI3E4RAR9QVG7R9QVG7YRWN;Historical;Graphisoft;01985026;Bimtech Solution;EMPRESAS PUBLICAS DE MEDELLIN E.S.P;2022/10/14 08:31:34 AM;2023/05/15 12:00:00 AM;2026/02/16 05:15:44 AM;Archicad;Bimtech Solution;;;6;EMPRESAS PUBLICAS DE MEDELLIN E.S.P;.
CM-2020-01738;CM-2020-01738-001;ASGA9TAFB7LH4AQ924PWQ84AOOLSSK;Executed;CSI;01320244;MICRODYNE S.A.S.;EMPRESAS PUBLICAS DE MEDELLIN E.S.P;2020/11/05 04:41:56 PM;2030/05/15 12:00:00 AM;2025/05/12 12:19:01 PM;SAP 2000 V22;MICRODYNE S.A.S.;;;2;EMPRESAS PUBLICAS DE MEDELLIN E.S.P;.
CM-2020-01738;CM-2020-01738-002;ASGA9TAFB7LH4AQT7A5ZQS81GIB1PL;Executed;CSI;01320244;MICRODYNE S.A.S.;EMPRESAS PUBLICAS DE MEDELLIN E.S.P;2021/05/21 02:00:25 PM;2035/05/15 12:00:00 AM;2025/05/12 12:19:01 PM;SAP2000 V23;MICRODYNE S.A.S.;;;2;EMPRESAS PUBLICAS DE MEDELLIN E.S.P;.
CM-2020-01741;CM-2020-01741-001;ASGA9TAFB7LH4AQKPSNCQ9R2Y8URRN;Executed;DISENO DE SOLUCIONES;01980240;Diseño de Soluciones S.A.S.;EMPRESAS PUBLICAS DE MEDELLIN E.S.P;2020/12/02 08:43:56 AM;2035/06/08 12:00:00 AM;2025/05/12 12:19:01 PM;DC-CAD3 FULL;Diseño de Soluciones S.A.S.;;;1;EMPRESAS PUBLICAS DE MEDELLIN E.S.P;.
CM-2020-02107;CM-2020-02107-001;ASGADR4FJYMVQAQQ9CX4QPK5MH5FC2;Executed;PIX4D;01985021;Galileo Instruments;EMPRESAS PUBLICAS DE MEDELLIN E.S.P;2021/03/25 09:05:28 AM;2030/10/01 12:00:00 AM;2025/05/12 12:19:01 PM;PIX4DMapper;Galileo Instruments;1450386;;1;EMPRESAS PUBLICAS DE MEDELLIN E.S.P;.
CM-2020-02107;CM-2020-02107-002;ASGADR4FJYMVQAQQ9GCAQPK8QT63FR;Executed;CHCNAV;01985021;Galileo Instruments;EMPRESAS PUBLICAS DE MEDELLIN E.S.P;2021/03/25 10:10:34 AM;2035/10/01 12:00:00 AM;2025/05/12 12:19:01 PM;CGO;Galileo Instruments;01450384;;1;EMPRESAS PUBLICAS DE MEDELLIN E.S.P;.
CM-2020-02989;CM-2020-02989-001;ASGA9TAFB7LH4AQ6FGUYQ5GWXO58P3;Historical;ADOBE SYSTEMS INCORPORATED;01980123;ADOBE SYSTEMS INCORPORATED;EMPRESAS PUBLICAS DE MEDELLIN E.S.P;2020/09/04 11:40:56 AM;2021/08/21 12:00:00 AM;2026/02/16 05:15:36 AM;Adobe Captivate 2019;ADOBE SYSTEMS INCORPORATED;;;1;EMPRESAS PUBLICAS DE MEDELLIN E.S.P;.
CM-2020-03153;CM-2020-03153-001;ASGA9TAFB7LH4AQ9N948Q8PEWGZH0E;Historical;Desconocido;01411057;JV ELECTRONICS;EMPRESAS PUBLICAS DE MEDELLIN E.S.P;2020/11/11 04:53:47 PM;2021/09/16 12:00:00 AM;2026/02/16 05:15:36 AM;Adobe Acrobat Pro DC;JV ELECTRONICS;;;1;EMPRESAS PUBLICAS DE MEDELLIN E.S.P;.
CM-2020-03212;CM-2020-03212-001;ASGADR4FJYMVQAQ925TOQ84CDMEU82;Executed;Adobe Inc.;01980240;JV ELECTRONICS;EMPRESAS PUBLICAS DE MEDELLIN E.S.P;2020/11/05 05:02:56 PM;2030/08/03 12:00:00 AM;2025/05/12 12:19:01 PM;Adobe Acrobat Pro 2020;JV ELECTRONICS;;;4;EMPRESAS PUBLICAS DE MEDELLIN E.S.P;.
CM-2020-03636;CM-2020-03636-001;ASGADR4FJYMVQAQ7CMS2Q6E1W6KYPC;Historical;Desconocido;01985026;Desconocido;EMPRESAS PUBLICAS DE MEDELLIN E.S.P;2020/09/22 12:50:21 PM;2021/09/15 12:00:00 AM;2026/02/16 05:15:36 AM;Lumion 10 Pro;Desconocido;;;3;EMPRESAS PUBLICAS DE MEDELLIN E.S.P;.
CM-2020-05393;CM-2020-05393-001;ASGA9TAFB7LH4AQXJSJVQW0W1ZIY55;Historical;Palisade;01989080;FARBIARZ Y ALVAREZ S.A.;EMPRESAS PUBLICAS DE MEDELLIN E.S.P;2021/08/03 10:28:48 AM;2021/12/31 12:00:00 AM;2026/02/16 05:15:41 AM;DecisionTools Suite Industrial;FARBIARZ Y ALVAREZ S.A.;;;7;EMPRESAS PUBLICAS DE MEDELLIN E.S.P;.
CM-2020-05393;CM-2020-05393-002;ASGA9TAFB7LH4AQXJSK1QW0WM6JAG3;Historical;Palisade;01989080;FARBIARZ Y ALVAREZ S.A.;EMPRESAS PUBLICAS DE MEDELLIN E.S.P;2021/08/03 10:35:13 AM;2021/12/31 12:00:00 AM;2026/02/16 05:15:41 AM;DecisionTools Suite Industrial-Standalone;FARBIARZ Y ALVAREZ S.A.;;;2;EMPRESAS PUBLICAS DE MEDELLIN E.S.P;.
CM-2020-05393;CM-2020-05393-003;ASGADR4FJYMVQAQXJSR4QW0WT8FEBD;Historical;Palisade;01989080;FARBIARZ Y ALVAREZ S.A.;EMPRESAS PUBLICAS DE MEDELLIN E.S.P;2021/08/03 10:39:25 AM;2021/12/31 12:00:00 AM;2026/02/16 05:15:41 AM;DecisionTools Suite Profesional-Standalone;FARBIARZ Y ALVAREZ S.A.;;;1;EMPRESAS PUBLICAS DE MEDELLIN E.S.P;.
CM-2020-05479;CM-2020-05479-001;ASGA9TAFB7LH4AQTEBBTQSF1SB5JEJ;Executed;Adobe;01980146;JV ELECTRONICS;EMPRESAS PUBLICAS DE MEDELLIN E.S.P;2021/05/14 01:39:01 PM;2030/12/05 12:00:00 AM;2025/10/08 11:21:58 AM;Adobe Acrobat Pro 2020;JV ELECTRONICS;;;1;EMPRESAS PUBLICAS DE MEDELLIN E.S.P;.
CM-2021-00407;CM-2021-00407-001;ASGADR4FJYMVQAQPP6U4QOQUS4W4JM;Executed;Adobe Inc.;01980475;JV ELECTRONICS;EMPRESAS PUBLICAS DE MEDELLIN E.S.P;2021/03/09 09:15:34 AM;2030/02/26 12:00:00 AM;2025/05/12 12:19:01 PM;Adobe Acrobat Professional 2020;JV ELECTRONICS;;;2;EMPRESAS PUBLICAS DE MEDELLIN E.S.P;.
CM-2021-00444;CM-2021-00444-001;ASGADR4FJYMVQAQVC62QQUDNT4PC59;Historical;Adobe;01980315;MICROCAD LTDA.;EMPRESAS PUBLICAS DE MEDELLIN E.S.P;2021/06/21 02:21:11 PM;2022/02/27 12:00:00 AM;2026/02/16 05:15:39 AM;Adobe Creative Cloud;MICROCAD LTDA.;1457709;;4;EMPRESAS PUBLICAS DE MEDELLIN E.S.P;.
CM-2021-00533;CM-2021-00533-001;ASGA9TAFB7LH4AQQ949KQPKR424C7M;Historical;Trimble;01411027;MICRODYNE S.A.S.;EMPRESAS PUBLICAS DE MEDELLIN E.S.P;2021/03/25 01:13:24 PM;2022/03/11 12:00:00 AM;2026/02/16 05:15:38 AM;Sketchup Pro 2019;MICRODYNE S.A.S.;1457800;;7;EMPRESAS PUBLICAS DE MEDELLIN E.S.P;.
CM-2021-02151;CM-2021-02151-001;ASGADR4FJYMVQAQX0FI6QW1J0KJY1L;Executed;Adobe Inc.;01980143;JV ELECTRONICS;EMPRESAS PUBLICAS DE MEDELLIN E.S.P;2021/08/03 03:08:59 PM;2035/07/16 12:00:00 AM;2025/05/12 12:19:01 PM;Adobe Acrobat Professional 2020;JV ELECTRONICS;1460570;;1;EMPRESAS PUBLICAS DE MEDELLIN E.S.P;.
CM-2021-02369;CM-2021-02369-001;ASGADR4FJYMVQAQWLKP1QVMPZ96EBM;Historical;Adobe;01980335;JV ELECTRONICS;EMPRESAS PUBLICAS DE MEDELLIN E.S.P;2021/07/21 08:42:33 AM;2022/06/24 12:00:00 AM;2026/02/16 05:15:40 AM;Adobe Audition;JV ELECTRONICS;1460942;;1;EMPRESAS PUBLICAS DE MEDELLIN E.S.P;.
CM-2021-02525;CM-2021-02525-001;ASGADR4FJYMVQAQWL9H7QVMO7O5LRH;Executed;Adobe Inc.;01980143;JV ELECTRONICS;EMPRESAS PUBLICAS DE MEDELLIN E.S.P;2021/07/21 08:11:04 AM;2035/07/01 12:00:00 AM;2025/05/12 12:19:01 PM;Adobe Acrobat professional 2020;JV ELECTRONICS;1460812;;2;EMPRESAS PUBLICAS DE MEDELLIN E.S.P;.
CM-2021-02576;CM-2021-02576-001;ASGA9TAFB7LH4AQWL8QRQVMOBAFGI3;Historical;LUMION;01985026;MICROCAD LTDA.;EMPRESAS PUBLICAS DE MEDELLIN E.S.P;2021/07/21 08:00:49 AM;2022/06/07 12:00:00 AM;2026/02/16 05:15:40 AM;Lumion 11.5;MICROCAD LTDA.;1459136;;3;EMPRESAS PUBLICAS DE MEDELLIN E.S.P;.
CM-2021-02660;CM-2021-02660-001;ASGA9TAFB7LH4AQX0F66QW1J8K3IL0;Executed;Adobe Inc.;01980143;JV ELECTRONICS;EMPRESAS PUBLICAS DE MEDELLIN E.S.P;2021/08/03 03:13:15 PM;2035/07/08 12:00:00 AM;2025/05/12 12:19:01 PM;Adobe Acrobat Professional 2020;JV ELECTRONICS;1460570;;1;EMPRESAS PUBLICAS DE MEDELLIN E.S.P;.
CM-2021-03301;CM-2021-03301-001;ASGEEXOECUPJAAQZW0J0QYX0U8NZ4P;Executed;Adobe Inc.;01980240;JV ELECTRONICS;EMPRESAS PUBLICAS DE MEDELLIN E.S.P;2021/09/23 11:12:43 AM;2035/08/23 12:00:00 AM;2025/05/12 12:19:01 PM;Adobe Acrobat Professional 2020;JV ELECTRONICS;1461920;;15;EMPRESAS PUBLICAS DE MEDELLIN E.S.P;.
CM-2021-03535;CM-2021-03535-001;ASGJ6AYODTEI2ARDGTS1RCHSB9SDOU;Executed;Campbell Scientific;01312014;Durespo;EMPRESAS PUBLICAS DE MEDELLIN E.S.P;2021/11/26 11:30:34 AM;2035/08/31 12:00:00 AM;2025/05/12 12:19:01 PM;LoggerNet;Durespo;;;20;EMPRESAS PUBLICAS DE MEDELLIN E.S.P;.
CM-2021-03685;CM-2021-03685-001;ASGGARIOI5LOIARAKPFDQZLPQ1XLKF;Executed;Enviro Sim Associates LTD.;01511063;ENVIROSIM ASSOCIATES LTD;EMPRESAS PUBLICAS DE MEDELLIN E.S.P;2021/10/06 03:36:13 PM;2035/09/28 12:00:00 AM;2025/05/12 12:19:01 PM;BIOWIN;ENVIROSIM ASSOCIATES LTD;;;2;EMPRESAS PUBLICAS DE MEDELLIN E.S.P;.
CM-2021-03724;CM-2021-03724-001;ASGDBP1IIN2UDARIGF2MRHGY92NBWK;Historical;CoolOrange;01980294;IAC INGENIEIRA ASISTIDA POR COMPUTADOR S.A.S.;EMPRESAS PUBLICAS DE MEDELLIN E.S.P;2022/03/03 07:31:48 AM;2023/01/15 12:00:00 AM;2026/02/16 05:15:42 AM;PowerJobsClient22.0_Vault2021;IAC INGENIEIRA ASISTIDA POR COMPUTADOR S.A.S.;;;12;EMPRESAS PUBLICAS DE MEDELLIN E.S.P;.
CM-2021-03724;CM-2021-03724-002;ASGIBV8GHOHZ7ARJHG2ORIHUQOEYGE;Historical;CoolOrange;01980294;IAC INGENIEIRA ASISTIDA POR COMPUTADOR S.A.S.;EMPRESAS PUBLICAS DE MEDELLIN E.S.P;2022/03/23 07:23:27 AM;2023/01/15 12:00:00 AM;2026/02/16 05:15:44 AM;PowerEvents22.0_Vault2021;IAC INGENIEIRA ASISTIDA POR COMPUTADOR S.A.S.;;;12;EMPRESAS PUBLICAS DE MEDELLIN E.S.P;.
CM-2021-03987;CM-2021-03987-001;ASGJ6AYODTEI2ARDHA0MRCHY9UTK60;Executed;EATON;01980240;MICRODYNE S.A.S.;EMPRESAS PUBLICAS DE MEDELLIN E.S.P;2021/11/26 01:51:24 PM;2035/10/04 12:00:00 AM;2025/05/12 12:19:01 PM;CYMGRD;MICRODYNE S.A.S.;;;1;EMPRESAS PUBLICAS DE MEDELLIN E.S.P;.
CM-2021-04093;CM-2021-04093-001;ASGD4FKDJ6N5EARCEJFYRBFH5G4J0P;Historical;Fine Software;01980279;ICC COLOMBIA SAS;EMPRESAS PUBLICAS DE MEDELLIN E.S.P;2021/11/05 03:37:16 PM;2022/10/01 12:00:00 AM;2026/02/16 05:15:41 AM;GEO5;ICC COLOMBIA SAS;1463782;;10;EMPRESAS PUBLICAS DE MEDELLIN E.S.P;.
CM-2021-04248;CM-2021-04248-001;ASGG8DGIDZG4UARHAGHMRGAZ42PRPJ;Executed;MIDAS;01980240;MICRODYNE S.A.S.;EMPRESAS PUBLICAS DE MEDELLIN E.S.P;2022/02/08 03:30:33 PM;2035/11/16 12:00:00 AM;2025/05/12 12:19:01 PM;MIDAS GEN;MICRODYNE S.A.S.;OR 1463122;;2;EMPRESAS PUBLICAS DE MEDELLIN E.S.P;.
CM-2021-04389;CM-2021-04389-001;ASGD4FKDJ6N5EARCEI84RBFGRM4HG5;Executed;Adobe Inc.;01930738;JV ELECTRONICS;EMPRESAS PUBLICAS DE MEDELLIN E.S.P;2021/11/05 03:22:29 PM;2035/10/08 12:00:00 AM;2025/05/12 12:19:01 PM;Adobe Acrobat Professional 2020;JV ELECTRONICS;01463481;;5;EMPRESAS PUBLICAS DE MEDELLIN E.S.P;.
CM-2021-04389;CM-2021-04389-002;ASGJ6AYODTEI2ARCEIS3RBFHBL6SDG;Executed;Adobe Inc.;01980631;JV ELECTRONICS;EMPRESAS PUBLICAS DE MEDELLIN E.S.P;2021/11/05 03:28:27 PM;2035/10/08 12:00:00 AM;2025/05/12 12:19:01 PM;Adobe Acrobat Professional 2020;JV ELECTRONICS;2623483;;2;EMPRESAS PUBLICAS DE MEDELLIN E.S.P;.
CM-2021-04996;CM-2021-04996-001;ASGJFQK9IJBECAREHME3RDI6Z1ZC6I;Executed;UGCS;01980287;Enlaces Inalámbricos Digitales;EMPRESAS PUBLICAS DE MEDELLIN E.S.P;2021/12/16 08:17:28 AM;2035/11/24 12:00:00 AM;2025/05/12 12:19:01 PM;UGCS;Enlaces Inalámbricos Digitales;;;1;EMPRESAS PUBLICAS DE MEDELLIN E.S.P;.
CM-2021-04996;CM-2021-04996-002;ASGI2TV4J0F01AREHOFLRDI9ALYQW1;Executed;Agisoft;01980287;Enlaces Inalámbricos Digitales;EMPRESAS PUBLICAS DE MEDELLIN E.S.P;2021/12/16 08:59:52 AM;2035/11/24 12:00:00 AM;2025/05/12 12:19:01 PM;Agisoft Metashape;Enlaces Inalámbricos Digitales;;;1;EMPRESAS PUBLICAS DE MEDELLIN E.S.P;.
CM-2021-05369;CM-2021-05369-001;ASGJFQK9IJBECAREHNL3RDI861Z9B4;Historical;Adobe;01985026;JV ELECTRONICS;EMPRESAS PUBLICAS DE MEDELLIN E.S.P;2021/12/16 08:48:32 AM;2022/11/23 12:00:00 AM;2026/02/16 05:15:41 AM;Creative Cloud Suite;JV ELECTRONICS;;;2;EMPRESAS PUBLICAS DE MEDELLIN E.S.P;.
CM-2021-05373;CM-2021-05373;ASGCX11BEBAG1ATB9W67TB9W672AS4;Executed;Adobe;01980282;JV ELECTRONICS;EMPRESAS PUBLICAS DE MEDELLIN E.S.P;2025/08/25 08:14:43 AM;2035/11/07 12:00:00 AM;2025/08/25 08:15:46 AM;Adobe Acrobat Professional 2020;JV ELECTRONICS;;;2;EMPRESAS PUBLICAS DE MEDELLIN E.S.P;.
CM-2021-06146;CM-2021-06146-001;ASGFDND9B5J2CARQEYZORQEYZOPJGU;Historical;Teledyne Caris;01312014;Datum Ingenieria S.A.S.;EMPRESAS PUBLICAS DE MEDELLIN E.S.P;2023/02/15 02:20:41 PM;2023/10/10 12:00:00 AM;2026/02/16 05:15:47 AM;CARIS HIPS and SIPS;Datum Ingenieria S.A.S.;2713676;;1;EMPRESAS PUBLICAS DE MEDELLIN E.S.P;.
CM-2022-00691;CM-2022-00691-001;ASGIBV8GHOHZ7ARJ8REYRI958YPAMF;Historical;Adobe;01980335;JV ELECTRONICS;EMPRESAS PUBLICAS DE MEDELLIN E.S.P;2022/03/29 01:26:18 PM;2023/03/14 12:00:00 AM;2026/02/16 05:15:44 AM;Creative Cloud Suite;JV ELECTRONICS;;;3;EMPRESAS PUBLICAS DE MEDELLIN E.S.P;.
CM-2022-00828;CM-2022-00828-001;ASGB80YFE3FF3AR5C8VVR5C8VVS2U5;Historical;Desconocido;01980335;MICRODYNE S.A.S.;EMPRESAS PUBLICAS DE MEDELLIN E.S.P;2022/07/15 10:28:28 AM;2023/03/21 12:00:00 AM;2026/02/16 05:15:44 AM;BrightSign Network;MICRODYNE S.A.S.;;;106;EMPRESAS PUBLICAS DE MEDELLIN E.S.P;.
CM-2022-00973;CM-2022-00973-001;ASGFJ8CVGDZAJAR0KAHNRJKMTVXR8W;Historical;Trimble;01411027;BIM latam;EMPRESAS PUBLICAS DE MEDELLIN E.S.P;2022/04/18 04:14:48 PM;2023/03/28 12:00:00 AM;2026/02/16 05:15:44 AM;SketchUp Pro;BIM latam;;;7;EMPRESAS PUBLICAS DE MEDELLIN E.S.P;.
CM-2022-01033;CM-2022-01033-001;ASGDZ8OPBFVYCAR0KAT0RJKN58UMDZ;Historical;Adobe;01980335;JV ELECTRONICS;EMPRESAS PUBLICAS DE MEDELLIN E.S.P;2022/04/18 04:26:19 PM;2023/03/24 12:00:00 AM;2026/02/16 05:15:44 AM;Audition;JV ELECTRONICS;;;1;EMPRESAS PUBLICAS DE MEDELLIN E.S.P;.
CM-2022-01556;CM-2022-01556-001;ASGCWMRSI3E4RAR93V9FR93V9FCCEU;Historical;ADOBE SYSTEMS INCORPORATED;01980315;MCAD S.A.S;EMPRESAS PUBLICAS DE MEDELLIN E.S.P;2022/10/07 07:52:18 AM;2023/05/03 12:00:00 AM;2026/02/16 05:15:44 AM;Adobe Creative Cloud;MCAD S.A.S;;;4;EMPRESAS PUBLICAS DE MEDELLIN E.S.P;.
CM-2022-02057;CM-2022-02057-001;ASGCFC0LJCD6MAR3HNWJR2IHKDUN0G;Executed;LUMION;01985026;MCAD S.A.S;EMPRESAS PUBLICAS DE MEDELLIN E.S.P;2022/06/09 07:58:10 AM;2035/05/23 12:00:00 AM;2025/05/12 12:19:01 PM;Lumion;MCAD S.A.S;;;3;EMPRESAS PUBLICAS DE MEDELLIN E.S.P;.
CM-2022-02850;CM-2022-02850-001;ASGJ6805CNVJXAR6V27NR6V27NHDAM;Executed;Adobe Inc.;01980240;GTI;EMPRESAS PUBLICAS DE MEDELLIN E.S.P;2022/08/19 10:37:05 AM;2035/07/14 12:00:00 AM;2025/05/12 12:19:01 PM;Adobe Acrobat Professional 2020;GTI;;;15;EMPRESAS PUBLICAS DE MEDELLIN E.S.P;.
CM-2022-02898;CM-2022-02898-001;ASGHR8X2FV5OMAR5BFJZR5BFJZQJUT;Historical;Trimble;01985026;MICROCAD SA;EMPRESAS PUBLICAS DE MEDELLIN E.S.P;2022/07/14 04:36:16 PM;2023/07/03 12:00:00 AM;2026/02/16 05:15:44 AM;SketchUp Pro;MICROCAD SA;;;10;EMPRESAS PUBLICAS DE MEDELLIN E.S.P;.
CM-2022-04999;CM-2022-04999-001;ASGAIQO9ESIREARL7ZQBRL7ZQBDLNQ;Historical;ADOBE SYSTEMS INCORPORATED;01980127;JV ELECTRONICS;EMPRESAS PUBLICAS DE MEDELLIN E.S.P;2022/11/17 10:18:19 AM;2023/11/15 12:00:00 AM;2026/02/16 05:15:44 AM;Adobe Creative Cloud;JV ELECTRONICS;1475172;;1;EMPRESAS PUBLICAS DE MEDELLIN E.S.P;.
CM-2022-05127;CM-2022-05127-001;ASGGALYYHYKWBARLTAQORLTAQOW9QV;Executed;MIDAS;01312014;MIDASOFT S.A.S;EMPRESAS PUBLICAS DE MEDELLIN E.S.P;2022/11/23 09:12:26 AM;2036/10/24 12:00:00 AM;2025/05/12 12:19:01 PM;Midas GTS NX ;MIDASOFT S.A.S;1476037;;1;EMPRESAS PUBLICAS DE MEDELLIN E.S.P;.
CM-2022-05443;CM-2022-05443-001;ASGGALYYHYKWBARLTD1GRLTD1GXOZ5;Executed;Computers and Structures INC;01980250;MICRODYNE S.A.S.;EMPRESAS PUBLICAS DE MEDELLIN E.S.P;2022/11/23 10:08:11 AM;2036/11/18 12:00:00 AM;2025/05/12 12:19:01 PM;SAP2000 24 ADVANCED INTERNATIONAL STANDALONE;MICRODYNE S.A.S.;;;1;EMPRESAS PUBLICAS DE MEDELLIN E.S.P;.
CM-2022-05443;CM-2022-05443-002;ASGGALYYHYKWBARLTDVJRLTDVJYCEU;Executed;Computers and Structures INC;01980250;MICRODYNE S.A.S.;EMPRESAS PUBLICAS DE MEDELLIN E.S.P;2022/11/23 10:19:48 AM;2036/11/18 12:00:00 AM;2025/05/12 12:19:01 PM;SAP2000 24 PLUS INTERNATIONAL STANDALONE;MICRODYNE S.A.S.;;;2;EMPRESAS PUBLICAS DE MEDELLIN E.S.P;.
CM-2022-05444;CM-2022-05444-001;ASGCWMRSI3E4RARL8AS5RL8AS5EQ1C;Executed;Fine Software;01980250;ICC COLOMBIA SAS;EMPRESAS PUBLICAS DE MEDELLIN E.S.P;2022/11/17 10:40:11 AM;2035/10/22 12:00:00 AM;2025/05/12 12:19:01 PM;GEO5;ICC COLOMBIA SAS;1476604;;1;EMPRESAS PUBLICAS DE MEDELLIN E.S.P;.
CM-2022-05594;CM-2022-05594-001;ASGGALYYHYKWBARLTF60RLTF60ZBIV;Historical;ADOBE SYSTEMS INCORPORATED;01985026;JV ELECTRONICS;EMPRESAS PUBLICAS DE MEDELLIN E.S.P;2022/11/23 10:53:48 AM;2023/11/23 12:00:00 AM;2026/02/16 05:15:44 AM;Adobe Creative Cloud;JV ELECTRONICS;1476920;;4;EMPRESAS PUBLICAS DE MEDELLIN E.S.P;.
CM-2022-05725;CM-2022-05725-001;ASGCWMRSI3E4RARMG21YRMG21Y4XPV;Historical;ADOBE SYSTEMS INCORPORATED;01980335;JV ELECTRONICS;EMPRESAS PUBLICAS DE MEDELLIN E.S.P;2022/11/30 01:52:26 PM;2023/11/04 12:00:00 AM;2026/02/16 05:15:44 AM;Adobe Creative Cloud;JV ELECTRONICS;1477001;;1;EMPRESAS PUBLICAS DE MEDELLIN E.S.P;.
CM-2022-05741;CM-2022-05741-001;ASGHLRYUBNEYMARQFFTWRQFFTW7ODT;Executed;AGISOFT LLC;01300222;GEOMARKET SURVEYING S.A.S;EMPRESAS PUBLICAS DE MEDELLIN E.S.P;2023/02/15 04:47:59 PM;2036/01/01 12:00:00 AM;2025/05/12 12:19:01 PM;AGISOFT METASHAPE;GEOMARKET SURVEYING S.A.S;2458916;;1;EMPRESAS PUBLICAS DE MEDELLIN E.S.P;.
CM-2022-05741;CM-2022-05741-002;ASGHLRYUBNEYMARQG1DARQG1DARBNX;Executed;Blue Marble Geographics;01300222;GEOMARKET SURVEYING S.A.S;EMPRESAS PUBLICAS DE MEDELLIN E.S.P;2023/02/16 07:39:01 AM;2036/01/01 12:00:00 AM;2025/05/12 12:19:01 PM;Global Mapper;GEOMARKET SURVEYING S.A.S;2715487;;1;EMPRESAS PUBLICAS DE MEDELLIN E.S.P;.
CM-2022-06340;CM-2022-06340-001;ASGHLRYUBNEYMARQG1X6RQG1X6SF3L;Executed;RST Instruments LTD;01312014;SUPERTEC REPRESENTACIONES S.A.S.;EMPRESAS PUBLICAS DE MEDELLIN E.S.P;2023/02/16 07:58:13 AM;2036/02/06 12:00:00 AM;2025/05/12 12:19:01 PM;RST Inclinalysis;SUPERTEC REPRESENTACIONES S.A.S.;;;1;EMPRESAS PUBLICAS DE MEDELLIN E.S.P;.
CM-2023-00231;CM-2023-00231-001;ASGHLRYUBNEYMARUXHH8RUXHH8DM51;Historical;CoolOrange;01980294;IAC INGENIEIRA ASISTIDA POR COMPUTADOR S.A.S.;EMPRESAS PUBLICAS DE MEDELLIN E.S.P;2023/05/19 02:45:46 PM;2024/01/31 12:00:00 AM;2026/02/16 05:15:46 AM;PowerEvents22.0_Vault2021;IAC INGENIEIRA ASISTIDA POR COMPUTADOR S.A.S.;;;24;EMPRESAS PUBLICAS DE MEDELLIN E.S.P;.
CM-2023-00231;CM-2023-00231-002;ASGBNJ2CGVBTVARUX1RZRUX1RZ4582;Historical;CoolOrange;01980294;IAC INGENIEIRA ASISTIDA POR COMPUTADOR S.A.S.;EMPRESAS PUBLICAS DE MEDELLIN E.S.P;2023/05/19 04:03:52 PM;2024/01/31 12:00:00 AM;2026/02/16 05:15:46 AM;PowerJobsClient22.0_Vault2021;IAC INGENIEIRA ASISTIDA POR COMPUTADOR S.A.S.;;;24;EMPRESAS PUBLICAS DE MEDELLIN E.S.P;.
CM-2023-00829;CM-2023-00829-001;ASGHLRYUBNEYMARUXJ6HRUXJ6HG3V9;Historical;Adobe;01980335;JM MULTISISTEMAS S.A.S;EMPRESAS PUBLICAS DE MEDELLIN E.S.P;2023/05/19 03:13:32 PM;2024/03/24 12:00:00 AM;2026/02/16 05:15:46 AM;Creative Cloud Suite;JM MULTISISTEMAS S.A.S;1480256;;5;EMPRESAS PUBLICAS DE MEDELLIN E.S.P;.
CM-2023-01142;CM-2023-01142-001;ASGFDND9B5J2CARUXG6YRUXG6Y7CY1;Historical;Adobe;01980335;JM MULTISISTEMAS S.A.S.;EMPRESAS PUBLICAS DE MEDELLIN E.S.P;2023/05/19 02:09:22 PM;2024/03/24 12:00:00 AM;2026/02/16 05:15:46 AM;Audition;JM MULTISISTEMAS S.A.S.;;;2;EMPRESAS PUBLICAS DE MEDELLIN E.S.P;.
CM-2023-01910;CM-2023-01910-001;ASGBZBM7ITT46ARXMTUFRXMTUFCFNH;Historical;Adobe;01980315;JV ELECTRONICS;EMPRESAS PUBLICAS DE MEDELLIN E.S.P;2023/07/11 07:42:54 AM;2024/05/03 12:00:00 AM;2026/02/16 05:15:47 AM;Creative Cloud Suite;JV ELECTRONICS;1482084;;4;EMPRESAS PUBLICAS DE MEDELLIN E.S.P;.
CM-2023-01982;CM-2023-01982-001;ASGIB6OPATU8SARY2T1JRY2T1JP3A1;Historical;Graphisoft;01985026;Bimtech Solution;EMPRESAS PUBLICAS DE MEDELLIN E.S.P;2023/07/25 08:27:13 AM;2024/05/30 12:00:00 AM;2026/02/16 05:15:47 AM;Archicad;Bimtech Solution;;;6;EMPRESAS PUBLICAS DE MEDELLIN E.S.P;.
CM-2023-02124;CM-2023-02124-001;ASGJSFNSJXX24ASAWEO9SAWEO99WCD;Historical;Desconocido;01980294;Desconocido;EMPRESAS PUBLICAS DE MEDELLIN E.S.P;2023/09/12 03:55:55 PM;2024/09/07 12:00:00 AM;2026/02/16 05:15:47 AM;Phenix Technologies;Desconocido;;;1;EMPRESAS PUBLICAS DE MEDELLIN E.S.P;.
CM-2023-02307_;CM-2023-02307-001;ASGJSFNSJXX24ARY2UCERY2UCECT16;Historical;LUMION;01985026;MCAD S.A.S;EMPRESAS PUBLICAS DE MEDELLIN E.S.P;2023/07/25 08:43:43 AM;2024/06/07 12:00:00 AM;2026/02/16 05:15:47 AM;Lumion;MCAD S.A.S;;;3;EMPRESAS PUBLICAS DE MEDELLIN E.S.P;.
CM-2023-02626;CM-2023-02626-001;ASGBZBM7ITT46ARY2U9ZRY2U9ZBW01;Executed;Trimble;01985026;MCAD S.A.S;EMPRESAS PUBLICAS DE MEDELLIN E.S.P;2023/07/25 08:54:13 AM;2026/07/04 12:00:00 AM;2025/05/12 12:19:01 PM;SketchUp Pro;MCAD S.A.S;1483238;;10;EMPRESAS PUBLICAS DE MEDELLIN E.S.P;.
CM-2023-02626;CM-2023-02626-002;ASGBZBM7ITT46ARY2VDPRY2VDPCJEY;Historical;Trimble;01985026;MCAD S.A.S;EMPRESAS PUBLICAS DE MEDELLIN E.S.P;2023/07/25 09:06:03 AM;2024/06/04 12:00:00 AM;2026/02/16 05:15:47 AM;SketchUp Studio;MCAD S.A.S;1483238;;1;EMPRESAS PUBLICAS DE MEDELLIN E.S.P;.
CM-2023-02890;CM-2023-02890-001;ASGJSFNSJXX24ARY67D5RY67D5YLII;Executed;MIDASOFT;01985026;MIDASOFT S.A.S;EMPRESAS PUBLICAS DE MEDELLIN E.S.P;2023/07/27 07:53:50 AM;2036/07/14 12:00:00 AM;2025/05/12 12:19:01 PM;MIDAS DESIGN +;MIDASOFT S.A.S;1482145;;1;EMPRESAS PUBLICAS DE MEDELLIN E.S.P;.
CM-2023-02890;CM-2023-02890-002;ASGIB6OPATU8SARY6788RY6788J0RI;Executed;MIDASOFT;01985026;MIDASOFT S.A.S;EMPRESAS PUBLICAS DE MEDELLIN E.S.P;2023/07/27 08:03:55 AM;2034/07/14 12:00:00 AM;2025/05/12 12:19:01 PM;MIDAS GEN;MIDASOFT S.A.S;1482145;;1;EMPRESAS PUBLICAS DE MEDELLIN E.S.P;.
CM-2023-03650;CM-2023-03650-001;ASGIB6OPATU8SASBYWQPSBYWQPSSAW;Executed;CYPE Ingenieros SA;01985026;ICC COLOMBIA SAS;EMPRESAS PUBLICAS DE MEDELLIN E.S.P;2023/10/03 02:30:11 PM;2035/09/14 12:00:00 AM;2025/05/12 12:19:01 PM;CYPE;ICC COLOMBIA SAS;;;1;EMPRESAS PUBLICAS DE MEDELLIN E.S.P;.
CM-2024-00268;CM-2024-00268-001;ASGDZQ5CAJVXTAS13K69S13K694V1O;Historical;CoolOrange;01980294;Desconocido;EMPRESAS PUBLICAS DE MEDELLIN E.S.P;2024/04/03 11:37:58 AM;2025/01/31 12:00:00 AM;2026/02/16 05:15:48 AM;PowerJobsClient24.0_Vault2024;Desconocido;;;12;EMPRESAS PUBLICAS DE MEDELLIN E.S.P;.
CM-2024-01272;CM-2024-01272-001;ASGFK816BYORHASP8TD7SP8TD7X5WP;Executed;FLIR Systems Inc;01337024;Equipos y Controles Industriales ECI;EMPRESAS PUBLICAS DE MEDELLIN E.S.P;2025/01/03 11:14:56 AM;2036/12/26 12:00:00 AM;2025/05/12 12:19:01 PM;FLIR Thermal Studio Pro;Equipos y Controles Industriales ECI;1491828;;2;EMPRESAS PUBLICAS DE MEDELLIN E.S.P;.
CM-2024-01919;CM-2024-01919-001;ASGFKP5SJ89E3AS4OC8DS4OC8DO52R;Historical;Chaos;01985026;MCAD S.A.S;EMPRESAS PUBLICAS DE MEDELLIN E.S.P;2024/06/06 11:16:44 AM;2025/06/04 12:00:00 AM;2026/02/16 05:15:49 AM;Enscape;MCAD S.A.S;1492990;;3;EMPRESAS PUBLICAS DE MEDELLIN E.S.P;.
CM-2024-01919;CM-2024-01919-002;ASGDZQ5CAJVXTAS4OCVNS4OCVN9LAF;Executed;LUMION;01985026;MCAD S.A.S;EMPRESAS PUBLICAS DE MEDELLIN E.S.P;2024/06/06 11:24:54 AM;2026/06/04 12:00:00 AM;2025/05/12 12:19:01 PM;Lumion;MCAD S.A.S;1492990;;3;EMPRESAS PUBLICAS DE MEDELLIN E.S.P;.
CM-2024-01919;CM-2024-01919-003;ASGDZQ5CAJVXTAS4OD67S4OD679V6H;Historical;Trimble;01985026;MCAD S.A.S;EMPRESAS PUBLICAS DE MEDELLIN E.S.P;2024/06/06 11:37:23 AM;2025/06/04 12:00:00 AM;2026/02/16 05:15:49 AM;SketchUp Studio;MCAD S.A.S;1492990;;2;EMPRESAS PUBLICAS DE MEDELLIN E.S.P;.
CM-2024-03569;CM-2024-03569-001;ASGFKP5SJ89E3AS9BJQFS9BJQFDFCP;Historical;Chaos;01980278;MCAD S.A.S;EMPRESAS PUBLICAS DE MEDELLIN E.S.P;2024/08/30 08:37:51 AM;2025/08/27 12:00:00 AM;2026/02/16 05:15:48 AM;Enscape;MCAD S.A.S;1492990;;2;EMPRESAS PUBLICAS DE MEDELLIN E.S.P;.
CM-2024-03569;CM-2024-03569-002;ASGAWGX7AQANSAS9B0K4S9B0K4AP5P;Historical;Gamma Technologies;01980278;MCAD TRAINING Y CONSULTING SAS;EMPRESAS PUBLICAS DE MEDELLIN E.S.P;2024/08/30 08:54:20 AM;2025/08/28 12:00:00 AM;2026/02/16 05:15:49 AM;Gamma AR;MCAD TRAINING Y CONSULTING SAS;1492990;;20;EMPRESAS PUBLICAS DE MEDELLIN E.S.P;.
CM-2024-03962;CM-2024-03962-001;ASGFK816BYORHASLV9NWSLV9NW5C9V;Executed;Leica Geosystems AG;01312014;ACRE SURVEYING SOLUTIONS;EMPRESAS PUBLICAS DE MEDELLIN E.S.P;2024/10/24 02:06:08 PM;2036/10/08 12:00:00 AM;2025/05/12 12:19:01 PM;Wetransfer-leica infinity;ACRE SURVEYING SOLUTIONS;1496594;00111-60168-00039-15486-82D59;1;EMPRESAS PUBLICAS DE MEDELLIN E.S.P;.
CM-2024-04112;CM-2024-04112-001;ASGBB9V3IYZC0ATDPUQ6TDPUQ638KI;Historical;Teledyne Caris;01312014;Datum Ingenieria S.A.S.;EMPRESAS PUBLICAS DE MEDELLIN E.S.P;2025/10/06 10:27:02 AM;2025/10/10 12:00:00 AM;2026/02/16 05:15:51 AM;CARIS HIPS and SIPS;Datum Ingenieria S.A.S.;;;1;EMPRESAS PUBLICAS DE MEDELLIN E.S.P;.
CM-2024-05341;CM-2024-05341-001;ASGHQUY5ITS9AASP8YYCSP8YYC6JWX;Executed;Schweitzer Engineering Laboratories Inc;01337383;Schweitzer Engineering Laboratories Inc;EMPRESAS PUBLICAS DE MEDELLIN E.S.P;2025/01/03 01:25:50 PM;2036/12/06 12:00:00 AM;2025/05/12 12:19:01 PM;SEL-5601-2 Synchrowave Event;Schweitzer Engineering Laboratories Inc;1499012;;4;EMPRESAS PUBLICAS DE MEDELLIN E.S.P;.
CM-2024-05762;CM-2024-05762-001;ASGHQUY5ITS9AASP8S67SP8S672T9U;Executed;FLIR Systems Inc;01337024;Equipos y Controles Industriales ECI;EMPRESAS PUBLICAS DE MEDELLIN E.S.P;2025/01/03 11:01:42 AM;2036/12/26 12:00:00 AM;2025/05/12 12:19:01 PM;FLIR Thermal Studio Pro;Equipos y Controles Industriales ECI;1499702;;7;EMPRESAS PUBLICAS DE MEDELLIN E.S.P;.
CM-2024-05885;CM-2024-05885-001;ASGGY5F7DCJYMASP8TWBSP8TWB8882;Historical;Vectric Ltd.;01985026;CTL Company SAS;EMPRESAS PUBLICAS DE MEDELLIN E.S.P;2025/01/03 11:32:22 AM;2025/12/12 12:00:00 AM;2026/02/16 05:15:50 AM;Vcarve pro;CTL Company SAS;1498991;;2;EMPRESAS PUBLICAS DE MEDELLIN E.S.P;.
CM-2024-05885;CM-2024-05885-002;ASGHQUY5ITS9AASP8U9XSP8U9X4DNK;Historical;LightBurn Software;01985026;CTL Company SAS;EMPRESAS PUBLICAS DE MEDELLIN E.S.P;2025/01/03 11:46:37 AM;2025/12/12 12:00:00 AM;2026/02/16 05:15:51 AM;LightBurn Pro;CTL Company SAS;1498991;;3;EMPRESAS PUBLICAS DE MEDELLIN E.S.P;.
CM-2025-00597;CM-2025-00597-001;ASGFK816BYORHASU69PXSU69PX3OHS;Historical;CoolOrange;01980294;IAC INGENIEIRA ASISTIDA POR COMPUTADOR S.A.S.;EMPRESAS PUBLICAS DE MEDELLIN E.S.P;2025/04/09 10:46:25 AM;2026/01/31 12:00:00 AM;2026/02/16 05:15:50 AM;PowerJobsClient24.0_Vault2024;IAC INGENIEIRA ASISTIDA POR COMPUTADOR S.A.S.;;;12;EMPRESAS PUBLICAS DE MEDELLIN E.S.P;.
CM-2025-01135;CM-2025-01135;ASGJR68LATILOATDPSSNTDPSSNCREV;Executed;MTE/EMH;01980294;GEIICO;EMPRESAS PUBLICAS DE MEDELLIN E.S.P;2025/10/06 09:42:11 AM;2036/08/27 12:00:00 AM;2025/10/07 07:17:47 AM;CALegration;GEIICO;;;2;EMPRESAS PUBLICAS DE MEDELLIN E.S.P;.
CM-2025-04854;CM-2025-04854-001;ASGBB9V3IYZC0ATIY72HTIY72HNFTG;Executed;QPS;1003120130;GRUPO DAZ S.A.C.;EMPRESAS PUBLICAS DE MEDELLIN E.S.P;2026/01/16 07:01:13 AM;2026/12/08 12:00:00 AM;2026/01/16 08:54:07 AM;Qimera;GRUPO DAZ S.A.C.;2952113;;1;EMPRESAS PUBLICAS DE MEDELLIN E.S.P;.
CM-21802;CM-21802-001;ASGADR4FJYMVQAQFIVRWQE1A69YWZY;Historical;Desconocido;Unallocated;JV ELECTRONICS;EDEQ S.A. E.S.P.;2020/02/05 03:21:36 PM;2020/03/01 12:00:00 AM;2026/02/16 05:15:35 AM;Adobe Suid Cloud Computing;JV ELECTRONICS;;;4;EDEQ S.A. E.S.P.;.
CM-21802;CM-21802-002;ASGADR4FJYMVQAQFIWUDQE1B8RZFOO;Historical;Desconocido;Unallocated;JV ELECTRONICS;EDEQ S.A. E.S.P.;2020/02/05 03:30:25 PM;2020/03/01 12:00:00 AM;2026/02/16 05:15:35 AM;Adobe Suid Cloud Computing;JV ELECTRONICS;;;4;EDEQ S.A. E.S.P.;.
CM-21802;CM-21802-003;ASGA9TAFB7LH4AQFIXAPQE1B7Q9E6A;Historical;Desconocido;Unallocated;JV ELECTRONICS;EDEQ S.A. E.S.P.;2020/02/05 03:33:39 PM;2020/03/01 12:00:00 AM;2026/02/16 05:15:34 AM;Adobe Suid Cloud Computing;JV ELECTRONICS;;;4;EDEQ S.A. E.S.P.;.
CM-21802;CM-21802-004;ASGA9TAFB7LH4AQFIXDPQE1BKR9EN3;Historical;Desconocido;Unallocated;JV ELECTRONICS;EDEQ S.A. E.S.P.;2020/02/05 03:35:06 PM;2020/03/01 12:00:00 AM;2026/02/16 05:15:34 AM;Adobe Suid Cloud Computing;JV ELECTRONICS;;;4;EDEQ S.A. E.S.P.;.
CM-21802;CM-21802-005;ASGA9TAFB7LH4AQFIZ6YQE1DYA9L46;Historical;Desconocido;Unallocated;JV ELECTRONICS;EDEQ S.A. E.S.P.;2020/02/05 04:27:21 PM;2020/03/01 12:00:00 AM;2026/02/16 05:15:34 AM;Acrobat Pro Suscripcion;JV ELECTRONICS;;;3;EDEQ S.A. E.S.P.;.
CM-OC9324;CM-OC9324-1;ASGADR4FJYMVQAPKBWDNP9ERR6VFCQ;Executed;Desconocido;06337500;SIEMENS S.A.;EDEQ S.A. E.S.P.;2018/12/20 02:43:04 PM;2030/09/29 12:00:00 AM;2020/02/06 03:18:06 PM;TOOL BOX;SIEMENS S.A.;;;1;EDEQ S.A. E.S.P.;.
CO60097;CO60097-1;ASGADR4FJYMVQAPKRHZBP9UDFQ2CIJ;Executed;Desconocido;Unallocated;Desconocido;FUNDACION EPM;2018/12/20 01:39:49 PM;;2019/03/27 05:06:46 PM;Microsoft Windows 7 PRO 32-BIT Spanish 1PK DSP OEI 64 DVD NP;Desconocido;;;1;EMPRESAS PUBLICAS DE MEDELLIN E.S.P;.
CO-82368;CO-82368-1;ASGADR4FJYMVQAPKRHZ9P9UDGH2D2L;Executed;Desconocido;Unallocated;Desconocido;FUNDACION EPM;2018/12/20 01:39:49 PM;;2019/03/27 05:07:34 PM;Adobe Suite CS6 Design STD Mult Plat Esp 1USR TLP 5.0 ED;Desconocido;;;1;EMPRESAS PUBLICAS DE MEDELLIN E.S.P;.
CO-GTD-USD-992-0017-10;CO-GTD-USD-992-0017-10-01;ASGADR4FJYMVQAPKBWDMP9ERR4VFAP;Historical;Desconocido;07337100;SCHNEIDER ELECTRIC DE COLOMBIA S.A;ESSA S.A. E.S.P.;2018/12/20 02:43:04 PM;2011/12/06 01:22:00 PM;2026/02/16 05:15:25 AM;ION Setup;SCHNEIDER ELECTRIC DE COLOMBIA S.A;CO-GTD-USD-992-0017-10;;15;ESSA S.A. E.S.P.;.
CO-SAF-ATI-0156-2012;CO-SAF-ATI-0156-2012-1;ASGADR4FJYMVQAPKBWDLP9ERR4VEZ1;Historical;Desconocido;07986400;GEOSPATIAL;ESSA S.A. E.S.P.;2018/12/20 02:43:04 PM;2015/12/14 08:00:00 AM;2026/02/16 05:15:24 AM;AutoCAD LT;GEOSPATIAL;CO-SAF-ATI-0156-2012;No aplica;3;ESSA S.A. E.S.P.;.
CO-SAF-ATI-114-2012;CO-SAF-ATI-114-2012-1;ASGADR4FJYMVQAPKBWDMP9ERR5VFBC;Historical;Desconocido;07986400;SOXA LTDA.;ESSA S.A. E.S.P.;2018/12/20 02:43:04 PM;2013/06/29 08:00:00 AM;2026/02/16 05:15:25 AM;XRT Universe;SOXA LTDA.;CO-SAF-ATI-114-2012;No aplica;1;ESSA S.A. E.S.P.;.
CRW151130;CRW151130-001;ASGIBV8GHOHZ7ARJHGAZRIHU4ZEXFD;Historical;GIT LTDA;01989074;GIT LTDA;EMPRESAS PUBLICAS DE MEDELLIN E.S.P;2022/03/23 07:16:31 AM;2024/12/23 12:00:00 AM;2026/02/16 05:15:44 AM;ACL;GIT LTDA;;;13;EMPRESAS PUBLICAS DE MEDELLIN E.S.P;.
CRW243209;CRW243209-001;ASGJSFNSJXX24ARZVBM8RZVBM8MAHO;Historical;XEGMENTA S.A.S;01989072;XEGMENTA S.A.S;EMPRESAS PUBLICAS DE MEDELLIN E.S.P;2023/08/23 03:17:39 PM;2023/12/03 12:00:00 AM;2026/02/16 05:15:47 AM;Scala 360;XEGMENTA S.A.S;;;111;EMPRESAS PUBLICAS DE MEDELLIN E.S.P;.
CRW243265;CRW243265-001;ASGDZQ5CAJVXTAS24L04S24L04RI1Q;Historical;Itron;01989072;ITRON COMPAÑIA CHILENA DE MEDICION;EMPRESAS PUBLICAS DE MEDELLIN E.S.P;2024/04/23 11:23:00 AM;2025/06/24 12:00:00 AM;2026/02/16 05:15:49 AM;MV90xi;ITRON COMPAÑIA CHILENA DE MEDICION;;;7500;EMPRESAS PUBLICAS DE MEDELLIN E.S.P;.
CT-100000.236.13-R2;CT-100000.236.13-R2-1;ASGADR4FJYMVQAPKBWDLP9ERR3VEXK;Historical;Desconocido;02337100;PRIMESTONE S.A.;CHEC S.A. E.S.P.;2018/12/20 02:43:04 PM;2016/12/28 08:00:00 AM;2026/02/16 05:15:23 AM;PrimeRead;PRIMESTONE S.A.;;;806;CHEC S.A. E.S.P.;.
CT-1709077;CT-1709077-001;ASGADR4FJYMVQAPKRHY6P9UDFF2APA;Executed;Desconocido;01312202;Desconocido;EMPRESAS PUBLICAS DE MEDELLIN E.S.P;2018/12/20 01:39:26 PM;;2019/01/03 03:06:17 PM;Gobe Software;Desconocido;;;6;EMPRESAS PUBLICAS DE MEDELLIN E.S.P;.
CT-2009-0330R2;CT-2009-0330R2-001;ASGADR4FJYMVQAPKRHY5P9UDFE2AM6;Historical;Desconocido;01312203;Desconocido;EMPRESAS PUBLICAS DE MEDELLIN E.S.P;2018/12/20 01:39:26 PM;;2026/02/16 05:15:00 AM;SDDP;Desconocido;;;4;EMPRESAS PUBLICAS DE MEDELLIN E.S.P;.
CT-2009-0387;CT-2009-0387-001;ASGADR4FJYMVQAPKRHYMP9UDF02BEI;Executed;Adobe Inc.;01727170;VALREX LTDA;EMPRESAS PUBLICAS DE MEDELLIN E.S.P;2018/12/20 01:39:26 PM;2030/12/01 08:00:00 AM;2026/01/05 04:06:43 PM;SynerGEE Gas;VALREX LTDA;1263114;;3;EMPRESAS PUBLICAS DE MEDELLIN E.S.P;.
CT-2009-0674;CT-2009-0674-001;ASGA9TAFB7LH4AQ903K5Q81Z9GC9BG;Executed;UE System;01411054;Uesystems INC;EMPRESAS PUBLICAS DE MEDELLIN E.S.P;2020/11/04 02:21:33 PM;2031/08/21 12:00:00 AM;2025/05/12 12:19:01 PM;Ultratrend DMS;Uesystems INC;;;1;EMPRESAS PUBLICAS DE MEDELLIN E.S.P;.
CT-2009-0674;CT-2009-0674-002;ASGA9TAFB7LH4AQ9YB5SQ8ZMX6HKYL;Executed;UE System;01411054;Uesystems INC;EMPRESAS PUBLICAS DE MEDELLIN E.S.P;2020/11/17 09:02:30 AM;2031/08/21 12:00:00 AM;2025/05/12 12:19:01 PM;Spectralyzer;Uesystems INC;;;1;EMPRESAS PUBLICAS DE MEDELLIN E.S.P;.
CT-2010-0386;CT-2010-0386-001;ASGADR4FJYMVQAPKRHYMP9UDF12BFI;Executed;Adobe Inc.;01980335;CyS;EMPRESAS PUBLICAS DE MEDELLIN E.S.P;2018/12/20 01:39:28 PM;;2025/11/10 05:45:15 PM;Adobe Illustrator CS5.1;CyS;1823909;;1;EMPRESAS PUBLICAS DE MEDELLIN E.S.P;.
CT-2010-0386;CT-2010-0386-002;ASGADR4FJYMVQAPKRHZ4P9UDGD2DDU;Executed;Adobe Inc.;01980585;CyS;EMPRESAS PUBLICAS DE MEDELLIN E.S.P;2018/12/20 01:39:51 PM;;2025/11/10 05:45:12 PM;Adobe Acrobat 9 Pro;CyS;1662071;;1;EMPRESAS PUBLICAS DE MEDELLIN E.S.P;.
CT-2010-0386;CT-2010-0386-003;ASGADR4FJYMVQAPKRHYKP9UDFI2AYQ;Executed;Adobe Inc.;01411054;CyS;EMPRESAS PUBLICAS DE MEDELLIN E.S.P;2018/12/20 01:39:26 PM;;2025/11/10 05:45:11 PM;Adobe Acrobat 9 Pro;CyS;1662078;;1;EMPRESAS PUBLICAS DE MEDELLIN E.S.P;.
CT-2010-0386;CT-2010-0386-004;ASGADR4FJYMVQAPKRHY9P9UDFI2AXM;Executed;Adobe Inc.;01980146;CyS;EMPRESAS PUBLICAS DE MEDELLIN E.S.P;2018/12/20 01:39:28 PM;;2025/11/10 05:45:12 PM;Adobe Acrobat 9 Pro;CyS;1662094;;1;EMPRESAS PUBLICAS DE MEDELLIN E.S.P;.
CT-2010-0386;CT-2010-0386-005;ASGADR4FJYMVQAPKRHY3P9UDFC2A7I;Executed;Adobe Inc.;01312001;CyS;EMPRESAS PUBLICAS DE MEDELLIN E.S.P;2018/12/20 01:39:21 PM;;2025/11/10 05:45:15 PM;Adobe Acrobat 9 Pro;CyS;1662094;;1;EMPRESAS PUBLICAS DE MEDELLIN E.S.P;.
CT-2010-0386;CT-2010-0386-006;ASGADR4FJYMVQAPKRHY4P9UDFC2A86;Executed;Adobe Inc.;01511063;CyS;EMPRESAS PUBLICAS DE MEDELLIN E.S.P;2018/12/20 01:39:26 PM;;2025/11/10 05:45:13 PM;Adobe Acrobat X Pro;CyS;1783942-1783981;;4;EMPRESAS PUBLICAS DE MEDELLIN E.S.P;.
CT-2010-0386;CT-2010-0386-007;ASGADR4FJYMVQAPKRHYNP9UDF12BFW;Executed;Adobe Inc.;01985080;CyS;EMPRESAS PUBLICAS DE MEDELLIN E.S.P;2018/12/20 01:39:31 PM;;2025/11/10 05:45:13 PM;Adobe Acrobat X Pro;CyS;1755893-1756053;;1;EMPRESAS PUBLICAS DE MEDELLIN E.S.P;.
CT-2010-0386;CT-2010-0386-008;ASGADR4FJYMVQAPKRHYVP9UDF92BQG;Executed;Adobe Inc.;01985020;CyS;EMPRESAS PUBLICAS DE MEDELLIN E.S.P;2018/12/20 01:39:31 PM;;2025/11/10 05:45:13 PM;Adobe Acrobat X Pro;CyS;1755893-1756053;;6;EMPRESAS PUBLICAS DE MEDELLIN E.S.P;.
CT-2010-0386;CT-2010-0386-009;ASGADR4FJYMVQAPKRHYNP9UDF22BHX;Executed;Adobe Inc.;01980200;CyS;EMPRESAS PUBLICAS DE MEDELLIN E.S.P;2018/12/20 01:39:28 PM;;2025/11/10 05:45:13 PM;Adobe Acrobat X Pro;CyS;1755893-1756053;;4;EMPRESAS PUBLICAS DE MEDELLIN E.S.P;.
CT-2010-0386;CT-2010-0386-010;ASGADR4FJYMVQAPKRHY7P9UDFG2AR6;Executed;Adobe Inc.;01411032;CyS;EMPRESAS PUBLICAS DE MEDELLIN E.S.P;2018/12/20 01:39:26 PM;;2025/11/10 05:45:11 PM;Adobe Acrobat X Pro;CyS;1783942-1783981;;4;EMPRESAS PUBLICAS DE MEDELLIN E.S.P;.
CT-2010-0386;CT-2010-0386-011;ASGADR4FJYMVQAPKRHY6P9UDFE2ANJ;Executed;Adobe Inc.;01980146;CyS;EMPRESAS PUBLICAS DE MEDELLIN E.S.P;2018/12/20 01:39:28 PM;;2025/11/10 05:45:15 PM;Adobe Acrobat X Pro;CyS;1783942-1783981;;1;EMPRESAS PUBLICAS DE MEDELLIN E.S.P;.
CT-2010-0386;CT-2010-0386-012;ASGADR4FJYMVQAPKRHYRP9UDF62B80;Executed;Adobe Inc.;01989070;CyS;EMPRESAS PUBLICAS DE MEDELLIN E.S.P;2018/12/20 01:39:37 PM;;2025/11/10 05:45:14 PM;Adobe Acrobat X Pro;CyS;1783942-1783981;;1;EMPRESAS PUBLICAS DE MEDELLIN E.S.P;.
CT-2010-0386;CT-2010-0386-013;ASGADR4FJYMVQAPKRHYRP9UDF62B7V;Executed;Adobe Inc.;01985080;CyS;EMPRESAS PUBLICAS DE MEDELLIN E.S.P;2018/12/20 01:39:31 PM;;2025/11/10 05:45:11 PM;Adobe Acrobat X Pro;CyS;1789408-1789409-1789411-1789428;;2;EMPRESAS PUBLICAS DE MEDELLIN E.S.P;.
CT-2010-0386;CT-2010-0386-014;ASGADR4FJYMVQAPKRHYPP9UDF42B35;Executed;Adobe Inc.;01989070;CyS;EMPRESAS PUBLICAS DE MEDELLIN E.S.P;2018/12/20 01:39:37 PM;;2025/11/10 05:45:14 PM;Adobe Acrobat X Pro;CyS;1789408-1789409-1789411-1789428;;1;EMPRESAS PUBLICAS DE MEDELLIN E.S.P;.
CT-2010-0386;CT-2010-0386-015;ASGADR4FJYMVQAPKRHY5P9UDFE2AMA;Executed;Adobe Inc.;01312014;CyS;EMPRESAS PUBLICAS DE MEDELLIN E.S.P;2018/12/20 01:39:21 PM;;2025/11/10 05:45:13 PM;Adobe Acrobat X Pro;CyS;1789408-1789409-1789411-1789428;;1;EMPRESAS PUBLICAS DE MEDELLIN E.S.P;.
CT-2010-0386;CT-2010-0386-016;ASGADR4FJYMVQAPKRHYMP9UDF12BEU;Executed;Adobe Inc.;01985060;CyS;EMPRESAS PUBLICAS DE MEDELLIN E.S.P;2018/12/20 01:39:31 PM;;2025/11/10 05:45:13 PM;Adobe Acrobat X Pro;CyS;1789408-1789409-1789411-1789428;;1;EMPRESAS PUBLICAS DE MEDELLIN E.S.P;.
CT-2010-0386;CT-2010-0386-017;ASGADR4FJYMVQAPKRHYLP9UDF02BC2;Executed;Adobe Inc.;01411057;CyS;EMPRESAS PUBLICAS DE MEDELLIN E.S.P;2018/12/20 01:39:26 PM;;2025/11/10 05:45:13 PM;Adobe Acrobat X Pro;CyS;1789408-1789409-1789411-1789428;;1;EMPRESAS PUBLICAS DE MEDELLIN E.S.P;.
CT-2010-0386;CT-2010-0386-018;ASGADR4FJYMVQAPKRHY8P9UDFH2AVM;Executed;Adobe Inc.;01980282;CyS;EMPRESAS PUBLICAS DE MEDELLIN E.S.P;2018/12/20 01:39:28 PM;;2025/11/10 05:45:11 PM;Adobe Acrobat X Pro;CyS;1798674;;1;EMPRESAS PUBLICAS DE MEDELLIN E.S.P;.
CT-2010-0386;CT-2010-0386-019;ASGADR4FJYMVQAPKRHY8P9UDFH2AV3;Executed;Adobe Inc.;01980615;CyS;EMPRESAS PUBLICAS DE MEDELLIN E.S.P;2018/12/20 01:39:31 PM;;2025/11/10 05:45:13 PM;Adobe Acrobat X Pro;CyS;1809189;;2;EMPRESAS PUBLICAS DE MEDELLIN E.S.P;.
CT-2010-0386;CT-2010-0386-020;ASGADR4FJYMVQAPKRHY7P9UDFF2AQE;Executed;Adobe Inc.;01337500;CyS;EMPRESAS PUBLICAS DE MEDELLIN E.S.P;2018/12/20 01:39:26 PM;;2025/11/10 05:45:13 PM;Adobe Acrobat X Pro;CyS;1823916;;1;EMPRESAS PUBLICAS DE MEDELLIN E.S.P;.
CT-2010-0386;CT-2010-0386-021;ASGADR4FJYMVQAPKRHY9P9UDFH2AVS;Executed;Adobe Inc.;01980282;CyS;EMPRESAS PUBLICAS DE MEDELLIN E.S.P;2018/12/20 01:39:28 PM;;2025/11/10 05:45:13 PM;Adobe Acrobat X Pro;CyS;1798674;;1;EMPRESAS PUBLICAS DE MEDELLIN E.S.P;.
CT-2010-0386;CT-2010-0386-022;ASGADR4FJYMVQAPKRHY9P9UDFI2AXY;Executed;Adobe Inc.;01980146;CyS;EMPRESAS PUBLICAS DE MEDELLIN E.S.P;2018/12/20 01:39:28 PM;;2025/11/10 05:45:12 PM;Adobe Acrobat XI Pro;CyS;;;6;EMPRESAS PUBLICAS DE MEDELLIN E.S.P;.
CT-2010-0386;CT-2010-0386-023;ASGADR4FJYMVQAPKRHY3P9UDFB2A5P;Executed;Adobe Inc.;01411032;CyS;EMPRESAS PUBLICAS DE MEDELLIN E.S.P;2018/12/20 01:39:26 PM;;2025/11/10 05:45:12 PM;Adobe Acrobat XI Pro;CyS;1917150;;1;EMPRESAS PUBLICAS DE MEDELLIN E.S.P;.
CT-2010-0386;CT-2010-0386-024;ASGADR4FJYMVQAPKRHYRP9UDF62B7K;Executed;Adobe Inc.;01985080;CyS;EMPRESAS PUBLICAS DE MEDELLIN E.S.P;2018/12/20 01:39:31 PM;;2025/11/10 05:45:13 PM;Adobe Acrobat XI Pro;CyS;1917148;;1;EMPRESAS PUBLICAS DE MEDELLIN E.S.P;.
CT-2010-0386;CT-2010-0386-025;ASGADR4FJYMVQAPKRHYLP9UDF02BC6;Executed;Adobe Inc.;01989070;CyS;EMPRESAS PUBLICAS DE MEDELLIN E.S.P;2018/12/20 01:39:39 PM;;2025/11/10 05:45:12 PM;Adobe Acrobat XI Pro;CyS;1917148;;1;EMPRESAS PUBLICAS DE MEDELLIN E.S.P;.
CT-2010-0386;CT-2010-0386-026;ASGADR4FJYMVQAPKRHY4P9UDFC2A9B;Executed;Adobe Inc.;01312010;CyS;EMPRESAS PUBLICAS DE MEDELLIN E.S.P;2018/12/20 01:39:21 PM;;2025/11/10 05:45:15 PM;Adobe Acrobat XI Pro;CyS;1935256;;1;EMPRESAS PUBLICAS DE MEDELLIN E.S.P;.
CT-2010-0386;CT-2010-0386-027;ASGADR4FJYMVQAPKRHYRP9UDF62B7Z;Executed;Adobe Inc.;01980509;CyS;EMPRESAS PUBLICAS DE MEDELLIN E.S.P;2018/12/20 01:39:28 PM;;2025/11/10 05:45:12 PM;Adobe Acrobat 9 Pro;CyS;1671290;;1;EMPRESAS PUBLICAS DE MEDELLIN E.S.P;.
CT-2010-0386;CT-2010-0386-028;ASGADR4FJYMVQAPKRHYOP9UDF22BI8;Executed;Adobe Inc.;01940836;CyS;EMPRESAS PUBLICAS DE MEDELLIN E.S.P;2018/12/20 01:39:26 PM;;2025/11/10 05:45:15 PM;Adobe Acrobat 9 Pro;CyS;1675057;;1;EMPRESAS PUBLICAS DE MEDELLIN E.S.P;.
CT-2010-0386;CT-2010-0386-029;ASGADR4FJYMVQAPKRHYTP9UDF82BNO;Executed;Adobe Inc.;01989025;CyS;EMPRESAS PUBLICAS DE MEDELLIN E.S.P;2018/12/20 01:39:37 PM;;2025/11/10 05:45:12 PM;Adobe Acrobat 9 Pro;CyS;1675057;;1;EMPRESAS PUBLICAS DE MEDELLIN E.S.P;.
CT-2010-0386;CT-2010-0386-030;ASGADR4FJYMVQAPKRHY6P9UDFE2AO2;Executed;Adobe Inc.;01312070;CyS;EMPRESAS PUBLICAS DE MEDELLIN E.S.P;2018/12/20 01:39:26 PM;;2025/11/10 05:45:14 PM;Adobe Acrobat 9 Pro;CyS;1687443;;1;EMPRESAS PUBLICAS DE MEDELLIN E.S.P;.
CT-2010-0386;CT-2010-0386-031;ASGADR4FJYMVQAPKRHY5P9UDFD2AL2;Executed;Adobe Inc.;01312014;CyS;EMPRESAS PUBLICAS DE MEDELLIN E.S.P;2018/12/20 01:39:21 PM;;2025/11/10 05:45:13 PM;Adobe Acrobat 9 Pro;CyS;1695338;;1;EMPRESAS PUBLICAS DE MEDELLIN E.S.P;.
CT-2010-0386;CT-2010-0386-032;ASGADR4FJYMVQAPKRHY3P9UDFC2A7V;Executed;Adobe Inc.;01312014;CyS;EMPRESAS PUBLICAS DE MEDELLIN E.S.P;2018/12/20 01:39:21 PM;;2025/11/10 05:45:13 PM;Adobe Acrobat 9 Pro;CyS;1695338;;1;EMPRESAS PUBLICAS DE MEDELLIN E.S.P;.
CT-2010-0386;CT-2010-0386-033;ASGADR4FJYMVQAPKRHY5P9UDFE2ALU;Executed;Adobe Inc.;01312014;CyS;EMPRESAS PUBLICAS DE MEDELLIN E.S.P;2018/12/20 01:39:21 PM;;2025/11/10 05:45:14 PM;Adobe Acrobat 9 Pro;CyS;1695338;;1;EMPRESAS PUBLICAS DE MEDELLIN E.S.P;.
CT-2010-0386;CT-2010-0386-034;ASGADR4FJYMVQAPKRHY4P9UDFC2A8V;Executed;Adobe Inc.;01312014;CyS;EMPRESAS PUBLICAS DE MEDELLIN E.S.P;2018/12/20 01:39:21 PM;;2025/11/10 05:45:13 PM;Adobe Acrobat 9 Pro;CyS;1695338;;1;EMPRESAS PUBLICAS DE MEDELLIN E.S.P;.
CT-2010-0386;CT-2010-0386-035;ASGADR4FJYMVQAPKRHY4P9UDFC2A8B;Executed;Adobe Inc.;01312014;CyS;EMPRESAS PUBLICAS DE MEDELLIN E.S.P;2018/12/20 01:39:21 PM;;2025/11/10 05:45:11 PM;Adobe Acrobat 9 Pro;CyS;1695338;;1;EMPRESAS PUBLICAS DE MEDELLIN E.S.P;.
CT-2010-0386;CT-2010-0386-036;ASGADR4FJYMVQAPKRHY5P9UDFD2ALG;Executed;Adobe Inc.;01312014;CyS;EMPRESAS PUBLICAS DE MEDELLIN E.S.P;2018/12/20 01:39:21 PM;;2025/11/10 05:45:11 PM;Adobe Acrobat 9 Pro;CyS;1695338;;1;EMPRESAS PUBLICAS DE MEDELLIN E.S.P;.
CT-2010-0386;CT-2010-0386-037;ASGADR4FJYMVQAPKRHZ3P9UDGB2DBF;Executed;Adobe Inc.;01980568;CyS;EMPRESAS PUBLICAS DE MEDELLIN E.S.P;2018/12/20 01:39:50 PM;;2025/11/10 05:45:15 PM;Adobe Captivate 5;CyS;1671290;;10;EMPRESAS PUBLICAS DE MEDELLIN E.S.P;.
CT-2010-0386;CT-2010-0386-038;ASGADR4FJYMVQAPKRHYQP9UDF52B5I;Executed;Adobe Inc.;01980335;CyS;EMPRESAS PUBLICAS DE MEDELLIN E.S.P;2018/12/20 01:39:28 PM;;2025/11/10 05:45:12 PM;Adobe Contribute CS5;CyS;1917153;;1;EMPRESAS PUBLICAS DE MEDELLIN E.S.P;.
CT-2010-0386;CT-2010-0386-039;ASGADR4FJYMVQAPKRHYPP9UDF42B32;Executed;Adobe Inc.;01989080;CyS;EMPRESAS PUBLICAS DE MEDELLIN E.S.P;2018/12/20 01:39:39 PM;;2025/11/10 05:45:12 PM;Adobe Contribute CS5;CyS;1690047;;1;EMPRESAS PUBLICAS DE MEDELLIN E.S.P;.
CT-2010-0386;CT-2010-0386-040;ASGADR4FJYMVQAPKRHYSP9UDF72BKP;Executed;Adobe Inc.;01980631;CyS;EMPRESAS PUBLICAS DE MEDELLIN E.S.P;2018/12/20 01:39:28 PM;;2025/11/10 05:45:15 PM;Adobe Contribute CS5;CyS;1671290;;1;EMPRESAS PUBLICAS DE MEDELLIN E.S.P;.
CT-2010-0386;CT-2010-0386-041;ASGADR4FJYMVQAPKRHYSP9UDF72BKD;Executed;Adobe Inc.;01989070;CyS;EMPRESAS PUBLICAS DE MEDELLIN E.S.P;2018/12/20 01:39:37 PM;;2025/11/10 05:45:14 PM;Adobe Contribute CS5;CyS;1783942-1783981;;1;EMPRESAS PUBLICAS DE MEDELLIN E.S.P;.
CT-2010-0386;CT-2010-0386-042;ASGADR4FJYMVQAPKRHYPP9UDF42B2T;Executed;Adobe Inc.;01980315;CyS;EMPRESAS PUBLICAS DE MEDELLIN E.S.P;2018/12/20 01:39:28 PM;;2025/11/10 05:45:15 PM;Adobe Creative Suite 5 Master Collection;CyS;1687443-1690047;;1;EMPRESAS PUBLICAS DE MEDELLIN E.S.P;.
CT-2010-0386;CT-2010-0386-043;ASGADR4FJYMVQAPKRHYNP9UDF12BGE;Executed;Adobe Inc.;01980315;CyS;EMPRESAS PUBLICAS DE MEDELLIN E.S.P;2018/12/20 01:39:28 PM;;2025/11/10 05:45:12 PM;Adobe Creative Suite 5 Master Collection;CyS;1687443-1690047;;1;EMPRESAS PUBLICAS DE MEDELLIN E.S.P;.
CT-2010-0386;CT-2010-0386-044;ASGADR4FJYMVQAPKRHYLP9UDFJ2BB8;Executed;Adobe Inc.;01980315;CyS;EMPRESAS PUBLICAS DE MEDELLIN E.S.P;2018/12/20 01:39:28 PM;;2025/11/10 05:45:14 PM;Adobe Creative Suite 5 Master Collection;CyS;1783942-1783981;;1;EMPRESAS PUBLICAS DE MEDELLIN E.S.P;.
CT-2010-0386;CT-2010-0386-045;ASGADR4FJYMVQAPKRHYLP9UDFJ2BBO;Executed;Adobe Inc.;01980315;CyS;EMPRESAS PUBLICAS DE MEDELLIN E.S.P;2018/12/20 01:39:28 PM;;2025/11/10 05:45:13 PM;Adobe Design Premium CS5;CyS;1687443-1690047;;1;EMPRESAS PUBLICAS DE MEDELLIN E.S.P;.
CT-2010-0386;CT-2010-0386-046;ASGADR4FJYMVQAPKRHY7P9UDFF2APU;Executed;Adobe Inc.;01337330;CyS;EMPRESAS PUBLICAS DE MEDELLIN E.S.P;2018/12/20 01:39:26 PM;;2025/11/10 05:45:11 PM;Adobe Design Premium CS5.5;CyS;178-9408-1789409-1789411-1789428;;1;EMPRESAS PUBLICAS DE MEDELLIN E.S.P;.
CT-2010-0386;CT-2010-0386-047;ASGADR4FJYMVQAPKRHYOP9UDF22BIZ;Executed;Adobe Inc.;01980315;CyS;EMPRESAS PUBLICAS DE MEDELLIN E.S.P;2018/12/20 01:39:28 PM;;2025/11/10 05:45:13 PM;Adobe Design Premium CS5;CyS;1742824-174226;;2;EMPRESAS PUBLICAS DE MEDELLIN E.S.P;.
CT-2010-0386;CT-2010-0386-048;ASGADR4FJYMVQAPKRHYQP9UDF42B4S;Executed;Adobe Inc.;01985026;CyS;EMPRESAS PUBLICAS DE MEDELLIN E.S.P;2018/12/20 01:39:31 PM;;2025/11/10 05:45:11 PM;Adobe Illustrator CC;CyS;2137797-2137801;;1;EMPRESAS PUBLICAS DE MEDELLIN E.S.P;.
CT-2010-0386;CT-2010-0386-049;ASGADR4FJYMVQAPKRHYMP9UDF02BEG;Executed;Adobe Inc.;01985026;CyS;EMPRESAS PUBLICAS DE MEDELLIN E.S.P;2018/12/20 01:39:31 PM;;2025/11/10 05:45:13 PM;Adobe Photoshop CC;CyS;2137797-2137801;;1;EMPRESAS PUBLICAS DE MEDELLIN E.S.P;.
CT-2010-0386;CT-2010-0386-050;ASGADR4FJYMVQAPKRHYMP9UDF02BEA;Executed;Adobe Inc.;01985024;CyS;EMPRESAS PUBLICAS DE MEDELLIN E.S.P;2018/12/20 01:39:31 PM;;2025/11/10 05:45:12 PM;Adobe Photoshop CS6;CyS;2012925;;1;EMPRESAS PUBLICAS DE MEDELLIN E.S.P;.
CT-2010-0386;CT-2010-0386-051;ASGADR4FJYMVQAPKRHY6P9UDFF2APE;Executed;Desconocido;01337385;CyS;EMPRESAS PUBLICAS DE MEDELLIN E.S.P;2018/12/20 01:39:26 PM;;2025/11/10 05:45:13 PM;OpenEnterprise SCADA System;CyS;1410469;;1;EMPRESAS PUBLICAS DE MEDELLIN E.S.P;.
CT-2010-0386;CT-2010-0386-052;ASGADR4FJYMVQAPKRHYVP9UDF92BQN;Executed;Adobe Inc.;01989080;CyS;EMPRESAS PUBLICAS DE MEDELLIN E.S.P;2018/12/20 01:39:39 PM;;2025/11/10 05:45:14 PM;DC-CAD;CyS;1398036;;1;EMPRESAS PUBLICAS DE MEDELLIN E.S.P;.
CT-2010-0386;CT-2010-0386-053;ASGADR4FJYMVQAPKRHYSP9UDF62B9B;Executed;Adobe Inc.;01980564;CyS;EMPRESAS PUBLICAS DE MEDELLIN E.S.P;2018/12/20 01:39:28 PM;;2025/11/10 05:45:12 PM;Goanimate software;CyS;SP: 519894;;3;EMPRESAS PUBLICAS DE MEDELLIN E.S.P;.
CT-2010-0386;CT-2010-0386-054;ASGADR4FJYMVQAPKRHZRP9UDG62DYS;Executed;GOOGLE;01980293;MICRODYNE S.A.S.;EMPRESAS PUBLICAS DE MEDELLIN E.S.P;2018/12/20 01:39:51 PM;2030/08/02 12:00:00 AM;2025/05/12 12:19:01 PM;Google SketchUp Pro 2015;MICRODYNE S.A.S.;2137765;;9;EMPRESAS PUBLICAS DE MEDELLIN E.S.P;.
CT-2010-0386;CT-2010-0386-055;ASGADR4FJYMVQAPKRHYMP9UDF12BE8;Executed;ServiSoft S.A.;01985026;CyS;EMPRESAS PUBLICAS DE MEDELLIN E.S.P;2018/12/20 01:39:31 PM;;2025/11/10 05:45:15 PM;Archicad;CyS;2140040;;2;EMPRESAS PUBLICAS DE MEDELLIN E.S.P;.
CT-2010-0386;CT-2010-0386-056;ASGADR4FJYMVQAPKRHYWP9UDFK2BSQ;Executed;Adobe Inc.;01989080;CyS;EMPRESAS PUBLICAS DE MEDELLIN E.S.P;2018/12/20 01:39:39 PM;;2025/11/10 05:45:12 PM;LabVIEW 2015;CyS;1401435;;1;EMPRESAS PUBLICAS DE MEDELLIN E.S.P;.
CT-2010-0386;CT-2010-0386-057;ASGADR4FJYMVQAPKRHYPP9UDF42B38;Executed;LUMION;01985026;MICRODYNE S.A.S.;EMPRESAS PUBLICAS DE MEDELLIN E.S.P;2018/12/20 01:39:31 PM;;2019/01/03 03:06:21 PM;Lumion 8.5;MICRODYNE S.A.S.;2137313;;3;EMPRESAS PUBLICAS DE MEDELLIN E.S.P;.
CT-2010-0386;CT-2010-0386-058;ASGADR4FJYMVQAPKRHYMP9UDF02BE2;Executed;LUMION;01985026;MICRODYNE S.A.S.;EMPRESAS PUBLICAS DE MEDELLIN E.S.P;2018/12/20 01:39:31 PM;2030/10/13 12:00:00 AM;2025/05/12 12:19:01 PM;Lumion 6.5;MICRODYNE S.A.S.;2147863;;1;EMPRESAS PUBLICAS DE MEDELLIN E.S.P;.
CT-2010-0386;CT-2010-0386-059;ASGADR4FJYMVQAPKRHY9P9UDFI2AXR;Executed;Adobe Inc.;01980294;CyS;EMPRESAS PUBLICAS DE MEDELLIN E.S.P;2018/12/20 01:39:28 PM;;2025/11/10 05:45:13 PM;METCAL;CyS;1400572;;1;EMPRESAS PUBLICAS DE MEDELLIN E.S.P;.
CT-2010-0386;CT-2010-0386-060;ASGADR4FJYMVQAPKRHY3P9UDFB2A5U;Executed;Business Objects;01312002;CyS;EMPRESAS PUBLICAS DE MEDELLIN E.S.P;2018/12/20 01:39:21 PM;;2025/11/10 05:45:14 PM;PVsyst;CyS;SP 507751;;1;EMPRESAS PUBLICAS DE MEDELLIN E.S.P;.
CT-2010-0386;CT-2010-0386-061;ASGADR4FJYMVQAPKRHY5P9UDFE2AMM;Executed;QLIK;01980143;Manar Technologies SA;EMPRESAS PUBLICAS DE MEDELLIN E.S.P;2018/12/20 01:39:28 PM;2030/12/27 12:00:00 AM;2025/05/12 12:19:01 PM;QlikView;Manar Technologies SA;1403793;;3;EMPRESAS PUBLICAS DE MEDELLIN E.S.P;.
CT-2010-0386;CT-2010-0386-062;ASGADR4FJYMVQAPKRHY2P9UDFB2A53;Executed;GOOGLE;01411027;MICRODYNE S.A.S.;EMPRESAS PUBLICAS DE MEDELLIN E.S.P;2018/12/20 01:39:26 PM;2030/09/18 12:00:00 AM;2025/05/12 12:19:01 PM;Google SketchUp Pro 2015;MICRODYNE S.A.S.;2137765;;3;EMPRESAS PUBLICAS DE MEDELLIN E.S.P;.
CT-2010-0386;CT-2010-0386-063;ASGADR4FJYMVQAPKRHY4P9UDFD2A90;Executed;Adobe Inc.;01727170;CyS;EMPRESAS PUBLICAS DE MEDELLIN E.S.P;2018/12/20 01:39:26 PM;;2025/11/10 05:45:15 PM;SynerGEE Gas;CyS;1387112;;1;EMPRESAS PUBLICAS DE MEDELLIN E.S.P;.
CT-2010-0386;CT-2010-0386-064;ASGADR4FJYMVQAPKRHYLP9UDF02BCG;Executed;ServiSoft S.A.;01980315;CyS;EMPRESAS PUBLICAS DE MEDELLIN E.S.P;2018/12/20 01:39:28 PM;;2025/11/10 05:45:12 PM;V-Ray;CyS;1406138;;1;EMPRESAS PUBLICAS DE MEDELLIN E.S.P;.
CT-2010-0386;CT-2010-0386-065;ASGADR4FJYMVQAPKRHZ9P9UDGI2D4D;Executed;Oracle;Unallocated;MICRODYNE S.A.S.;EMPRESAS PUBLICAS DE MEDELLIN E.S.P;2018/12/20 01:39:50 PM;;2019/01/03 03:06:32 PM;Dragon Naturally Speaking;MICRODYNE S.A.S.;2297755;;1;EMPRESAS PUBLICAS DE MEDELLIN E.S.P;.
CT-2010-0630;CT-2010-0630-001;ASGADR4FJYMVQAPKRHYKP9UDFI2AZI;Executed;Adobe Inc.;01411056;Colsein Ltda.;EMPRESAS PUBLICAS DE MEDELLIN E.S.P;2018/12/20 01:39:26 PM;;2025/11/10 05:45:12 PM;Commubox FXA195;Colsein Ltda.;;;3;EMPRESAS PUBLICAS DE MEDELLIN E.S.P;.
CT-2010-0630;CT-2010-0630-002;ASGADR4FJYMVQAPKRHY3P9UDFC2A7E;Executed;Adobe Inc.;01411056;Colsein Ltda.;EMPRESAS PUBLICAS DE MEDELLIN E.S.P;2018/12/20 01:39:26 PM;;2025/11/10 05:45:14 PM;FieldCare 2.0.08;Colsein Ltda.;;;3;EMPRESAS PUBLICAS DE MEDELLIN E.S.P;.
CT-2010-1153;CT-2010-1153-001;ASGADR4FJYMVQAPKRHY7P9UDFG2ASC;Executed;ServiSoft S.A.;01411032;NIVEL 5 LTDA.;EMPRESAS PUBLICAS DE MEDELLIN E.S.P;2018/12/20 01:39:26 PM;2030/11/29 12:00:00 AM;2026/01/05 05:16:21 PM;Statgraphics Centurion XVI;NIVEL 5 LTDA.;OC-1687812;;2;EMPRESAS PUBLICAS DE MEDELLIN E.S.P;.
CT-2011-000631;CT-2011-000631-001;ASGADR4FJYMVQAPKRHYUP9UDF82BNR;Historical;Desconocido;01989073;Desconocido;EMPRESAS PUBLICAS DE MEDELLIN E.S.P;2018/12/20 01:39:39 PM;;2026/02/16 05:15:05 AM;Geomedia essentials;Desconocido;;;31;EMPRESAS PUBLICAS DE MEDELLIN E.S.P;.
CT-2011-000631;CT-2011-000631-002;ASGADR4FJYMVQAPKRHYTP9UDF82BNE;Historical;Desconocido;01989073;Desconocido;EMPRESAS PUBLICAS DE MEDELLIN E.S.P;2018/12/20 01:39:39 PM;;2026/02/16 05:15:05 AM;Geomedia essentials;Desconocido;;;88;EMPRESAS PUBLICAS DE MEDELLIN E.S.P;.
CT-2011-000631;CT-2011-000631-003;ASGADR4FJYMVQAPKRHYTP9UDF82BNL;Historical;INTERGRAPH CORPORATION;01989073;Desconocido;EMPRESAS PUBLICAS DE MEDELLIN E.S.P;2018/12/20 01:39:39 PM;;2026/02/16 05:15:05 AM;GeoMedia Professional;Desconocido;;;13;EMPRESAS PUBLICAS DE MEDELLIN E.S.P;.
CT-2011-000631;CT-2011-000631-004;ASGADR4FJYMVQAPKRHYNP9UDF22BGZ;Historical;Desconocido;01989073;Desconocido;EMPRESAS PUBLICAS DE MEDELLIN E.S.P;2018/12/20 01:39:39 PM;;2026/02/16 05:15:07 AM;GeoMedia WebMap;Desconocido;;;1;EMPRESAS PUBLICAS DE MEDELLIN E.S.P;.
CT-2011-000631;CT-2011-000631-005;ASGADR4FJYMVQAPKRHYTP9UDF82BMS;Historical;Desconocido;01989073;Desconocido;EMPRESAS PUBLICAS DE MEDELLIN E.S.P;2018/12/20 01:39:39 PM;;2026/02/16 05:15:05 AM;G Design Studio;Desconocido;;;49;EMPRESAS PUBLICAS DE MEDELLIN E.S.P;.
CT-2011-000631;CT-2011-000631-006;ASGADR4FJYMVQAPKRHYTP9UDF82BMN;Historical;Desconocido;01989073;Desconocido;EMPRESAS PUBLICAS DE MEDELLIN E.S.P;2018/12/20 01:39:37 PM;;2026/02/16 05:15:10 AM;G Suite Administrator;Desconocido;;;4;EMPRESAS PUBLICAS DE MEDELLIN E.S.P;.
CT-2011-000631;CT-2011-000631-007;ASGADR4FJYMVQAPKRHYTP9UDF72BME;Historical;INTERGRAPH CORPORATION;01989073;Desconocido;EMPRESAS PUBLICAS DE MEDELLIN E.S.P;2018/12/20 01:39:37 PM;;2026/02/16 05:15:10 AM;GeoMedia Viewer;Desconocido;;;3;EMPRESAS PUBLICAS DE MEDELLIN E.S.P;.
CT-2011-000631;CT-2011-000631-008;ASGADR4FJYMVQAPKRHYTP9UDF82BM6;Historical;INTERGRAPH CORPORATION;01989073;Desconocido;EMPRESAS PUBLICAS DE MEDELLIN E.S.P;2018/12/20 01:39:37 PM;;2026/02/16 05:15:10 AM;GeoMedia Viewer;Desconocido;;;1;EMPRESAS PUBLICAS DE MEDELLIN E.S.P;.
CT-2011-000631;CT-2011-000631-009;ASGADR4FJYMVQAPKRHYNP9UDF22BH1;Historical;INTERGRAPH CORPORATION;01989073;Desconocido;EMPRESAS PUBLICAS DE MEDELLIN E.S.P;2018/12/20 01:39:39 PM;;2026/02/16 05:15:08 AM;GeoMedia Viewer;Desconocido;;;1;EMPRESAS PUBLICAS DE MEDELLIN E.S.P;.
CT-2011-000631;CT-2011-000631-010;ASGADR4FJYMVQAPKRHYTP9UDF82BMY;Historical;INTERGRAPH CORPORATION;01989073;Desconocido;EMPRESAS PUBLICAS DE MEDELLIN E.S.P;2018/12/20 01:39:39 PM;;2026/02/16 05:15:05 AM;GeoMedia Viewer;Desconocido;;;6;EMPRESAS PUBLICAS DE MEDELLIN E.S.P;.
CT-2011-000631;CT-2011-000631-011;ASGADR4FJYMVQAPKRHYNP9UDF22BHF;Historical;Desconocido;01989073;Desconocido;EMPRESAS PUBLICAS DE MEDELLIN E.S.P;2018/12/20 01:39:39 PM;;2026/02/16 05:15:08 AM;G Net Plot;Desconocido;;;4;EMPRESAS PUBLICAS DE MEDELLIN E.S.P;.
CT-2011-000631;CT-2011-000631-012;ASGADR4FJYMVQAPKRHYNP9UDF12BGS;Historical;Desconocido;01989073;Desconocido;EMPRESAS PUBLICAS DE MEDELLIN E.S.P;2018/12/20 01:39:39 PM;;2026/02/16 05:15:07 AM;G Net Export;Desconocido;;;1;EMPRESAS PUBLICAS DE MEDELLIN E.S.P;.
CT-2011-000631;CT-2011-000631-013;ASGADR4FJYMVQAPKRHYUP9UDF82BOL;Historical;Desconocido;01989073;Desconocido;EMPRESAS PUBLICAS DE MEDELLIN E.S.P;2018/12/20 01:39:39 PM;;2026/02/16 05:15:06 AM;G Analyst software;Desconocido;;;6;EMPRESAS PUBLICAS DE MEDELLIN E.S.P;.
CT-2011-000631;CT-2011-000631-014;ASGADR4FJYMVQAPKRHYTP9UDF82BN5;Historical;Desconocido;01989073;Desconocido;EMPRESAS PUBLICAS DE MEDELLIN E.S.P;2018/12/20 01:39:39 PM;;2026/02/16 05:15:05 AM;MapWorks;Desconocido;;;13;EMPRESAS PUBLICAS DE MEDELLIN E.S.P;.
CT-2011-000631;CT-2011-000631-015;ASGADR4FJYMVQAPKRHYTP9UDF72BM0;Historical;Desconocido;01989073;Desconocido;EMPRESAS PUBLICAS DE MEDELLIN E.S.P;2018/12/20 01:39:37 PM;;2026/02/16 05:15:10 AM;G-Manager;Desconocido;;;1;EMPRESAS PUBLICAS DE MEDELLIN E.S.P;.
CT-2011-000631;CT-2011-000631-016;ASGADR4FJYMVQAPKRHYMP9UDF12BFF;Historical;Desconocido;01989073;Desconocido;EMPRESAS PUBLICAS DE MEDELLIN E.S.P;2018/12/20 01:39:39 PM;;2026/02/16 05:15:06 AM;ERDAS IMAGINE;Desconocido;;;1;EMPRESAS PUBLICAS DE MEDELLIN E.S.P;.
CT-2011-000631;CT-2011-000631-017;ASGADR4FJYMVQAPKRHYMP9UDF12BET;Historical;Desconocido;01989073;Desconocido;EMPRESAS PUBLICAS DE MEDELLIN E.S.P;2018/12/20 01:39:39 PM;;2026/02/16 05:15:06 AM;ERDAS IMAGINE;Desconocido;;;1;EMPRESAS PUBLICAS DE MEDELLIN E.S.P;.
CT-2011-000740;CT-2011-000740-01;ASGADR4FJYMVQAPKRHZ8P9UDGH2D24;Executed;ServiSoft S.A.;Unallocated;GIT LTDA;EMPRESAS PUBLICAS DE MEDELLIN E.S.P;2018/12/20 02:18:20 PM;;2019/01/03 03:06:31 PM;ERA;GIT LTDA;1890773;;27;EMPRESAS PUBLICAS DE MEDELLIN E.S.P;.
CT-2012-000014;CT-2012-000014-001;ASGADR4FJYMVQAPKRHY3P9UDFB2A58;Executed;INTERGRAPH CORPORATION;01312001;HEXAGON ESPATIAL - INTERGRAPH COLOMBIA S.A.S;EMPRESAS PUBLICAS DE MEDELLIN E.S.P;2018/12/20 01:39:21 PM;2030/03/30 12:00:00 AM;2025/12/22 11:29:13 AM;ERDAS IMAGINE;HEXAGON ESPATIAL - INTERGRAPH COLOMBIA S.A.S;;;1;EMPRESAS PUBLICAS DE MEDELLIN E.S.P;.
CT-2012-000036;CT- 2012- 000036-001;ASGAIQO9ESIREARLFDSTRLFDST56YI;Executed;Campbell Scientific;01300223;CONSORCIO CCCI;EMPRESAS PUBLICAS DE MEDELLIN E.S.P;2022/11/10 11:16:34 AM;2035/11/09 12:00:00 AM;2025/05/12 12:19:01 PM;LoggerNet;CONSORCIO CCCI;;;10;EMPRESAS PUBLICAS DE MEDELLIN E.S.P;.
CT-2012-000047;CT-2012-000047-001;ASGADR4FJYMVQAPKRHYMP9UDF02BDW;Executed;Adobe Inc.;01511064;SETINGE LTDA;EMPRESAS PUBLICAS DE MEDELLIN E.S.P;2018/12/20 01:39:26 PM;2030/10/01 12:00:00 AM;2026/01/05 02:31:19 PM;Granite XP;SETINGE LTDA;;;6;EMPRESAS PUBLICAS DE MEDELLIN E.S.P;.
CT-2012-000414;CT-2012-000414-001;ASGADR4FJYMVQAPKRHYRP9UDF62B7N;Executed;Adobe Inc.;01989070;EDrawSoft;EMPRESAS PUBLICAS DE MEDELLIN E.S.P;2018/12/20 01:39:37 PM;2030/06/25 08:00:00 AM;2026/01/05 04:35:29 PM;Edraw Office Viewer Component;EDrawSoft;1330751;;1;EMPRESAS PUBLICAS DE MEDELLIN E.S.P;.
CT-2012-000433;CT-2012-000433-001;ASGADR4FJYMVQAPKRHYWP9UDFK2BTN;Executed;CorelDRAW;01989080;Equipos y Controles Industriales ECI;EMPRESAS PUBLICAS DE MEDELLIN E.S.P;2018/12/20 01:39:39 PM;2030/03/30 12:00:00 AM;2025/12/22 11:55:52 AM;FLIR Tools;Equipos y Controles Industriales ECI;;;5;EMPRESAS PUBLICAS DE MEDELLIN E.S.P;.
CT-2012000526;CT-2012000526-001;ASGADR4FJYMVQAPKRHYPP9UDF32B0Q;Executed;Adobe Inc.;01980127;C&S;EMPRESAS PUBLICAS DE MEDELLIN E.S.P;2018/12/20 01:39:28 PM;;2025/11/10 05:45:12 PM;Adobe Acrobat XI Pro;C&S;1877991;;1;EMPRESAS PUBLICAS DE MEDELLIN E.S.P;.
CT-2012000526;CT-2012000526-002;ASGADR4FJYMVQAPKRHYKP9UDFJ2AZM;Executed;Adobe Inc.;01980717;C&S;EMPRESAS PUBLICAS DE MEDELLIN E.S.P;2018/12/20 01:39:31 PM;;2025/11/10 05:45:15 PM;Adobe Acrobat XI Pro;C&S;1877995;;1;EMPRESAS PUBLICAS DE MEDELLIN E.S.P;.
CT-2012000526;CT-2012000526-003;ASGADR4FJYMVQAPKRHY7P9UDFG2AR7;Executed;Adobe Inc.;01337383;C&S;EMPRESAS PUBLICAS DE MEDELLIN E.S.P;2018/12/20 01:39:26 PM;;2025/11/10 05:45:15 PM;Adobe Acrobat XI Pro;C&S;1877988;;2;EMPRESAS PUBLICAS DE MEDELLIN E.S.P;.
CT-2012000526;CT-2012000526-004;ASGADR4FJYMVQAPKRHYVP9UDF92BQR;Executed;Adobe Inc.;01989080;C&S;EMPRESAS PUBLICAS DE MEDELLIN E.S.P;2018/12/20 01:39:41 PM;;2025/11/10 05:45:11 PM;Adobe Acrobat XI Pro;C&S;1877977;;1;EMPRESAS PUBLICAS DE MEDELLIN E.S.P;.
CT-2012-000526;CT-2012-000526-001;ASGADR4FJYMVQAPKRHZDP9UDFS2C2Q;Executed;Adobe Inc.;01989080;C&S;EMPRESAS PUBLICAS DE MEDELLIN E.S.P;2018/12/20 01:39:39 PM;;2025/11/10 05:45:11 PM;Adobe Acrobat XI Pro;C&S;2033753 2033754;;1;EMPRESAS PUBLICAS DE MEDELLIN E.S.P;.
CT-2012-000526;CT-2012-000526-002;ASGADR4FJYMVQAPKRHYQP9UDF42B5B;Executed;Adobe Inc.;01989070;C&S;EMPRESAS PUBLICAS DE MEDELLIN E.S.P;2018/12/20 01:39:37 PM;;2025/11/10 05:45:15 PM;Adobe Acrobat XI Pro;C&S;1939453;;1;EMPRESAS PUBLICAS DE MEDELLIN E.S.P;.
CT-2012-000526;CT-2012-000526-003;ASGADR4FJYMVQAPKRHYLP9UDF02BDA;Executed;Adobe Inc.;01989070;C&S;EMPRESAS PUBLICAS DE MEDELLIN E.S.P;2018/12/20 01:39:39 PM;;2025/11/10 05:45:11 PM;Adobe Acrobat XI Pro;C&S;1939456;;1;EMPRESAS PUBLICAS DE MEDELLIN E.S.P;.
CT-2012-000526;CT-2012-000526-004;ASGADR4FJYMVQAPKRHY4P9UDFD2AKD;Executed;Adobe Inc.;01312030;C&S;EMPRESAS PUBLICAS DE MEDELLIN E.S.P;2018/12/20 01:39:21 PM;;2025/11/10 05:45:11 PM;Adobe Acrobat XI Pro;C&S;1956266;;1;EMPRESAS PUBLICAS DE MEDELLIN E.S.P;.
CT-2012-000526;CT-2012-000526-005;ASGADR4FJYMVQAPKRHYLP9UDFJ2BBL;Executed;Adobe Inc.;01989070;C&S;EMPRESAS PUBLICAS DE MEDELLIN E.S.P;2018/12/20 01:39:39 PM;;2025/11/10 05:45:15 PM;Adobe Acrobat XI Pro;C&S;1955641;;1;EMPRESAS PUBLICAS DE MEDELLIN E.S.P;.
CT-2012-000526;CT-2012-000526-006;ASGADR4FJYMVQAPKRHYTP9UDF82BNH;Executed;Adobe Inc.;01980801;C&S;EMPRESAS PUBLICAS DE MEDELLIN E.S.P;2018/12/20 01:39:31 PM;;2025/11/10 05:45:13 PM;Adobe Acrobat XI Pro;C&S;1955641;;1;EMPRESAS PUBLICAS DE MEDELLIN E.S.P;.
CT-2012-000526;CT-2012-000526-007;ASGADR4FJYMVQAPKRHY5P9UDFE2AMO;Executed;Adobe Inc.;01312030;C&S;EMPRESAS PUBLICAS DE MEDELLIN E.S.P;2018/12/20 01:39:21 PM;;2025/11/10 05:45:12 PM;Adobe Acrobat XI Pro;C&S;1955654-1956266;;16;EMPRESAS PUBLICAS DE MEDELLIN E.S.P;.
CT-2012-000526;CT-2012-000526-008;ASGADR4FJYMVQAPKRHY5P9UDFE2AM8;Executed;Adobe Inc.;01312030;C&S;EMPRESAS PUBLICAS DE MEDELLIN E.S.P;2018/12/20 01:39:21 PM;;2025/11/10 05:45:14 PM;Adobe Acrobat XI Pro;C&S;1956266;;3;EMPRESAS PUBLICAS DE MEDELLIN E.S.P;.
CT-2012-000526;CT-2012-000526-009;ASGADR4FJYMVQAPKRHZUP9UDG92EE5;Executed;Adobe Inc.;01980278;C&S;EMPRESAS PUBLICAS DE MEDELLIN E.S.P;2018/12/20 01:39:51 PM;;2025/11/10 05:45:14 PM;Adobe Acrobat XI Pro;C&S;1967430;;1;EMPRESAS PUBLICAS DE MEDELLIN E.S.P;.
CT-2012-000526;CT-2012-000526-010;ASGADR4FJYMVQAPKRHYKP9UDFI2AYY;Executed;Adobe Inc.;01980717;C&S;EMPRESAS PUBLICAS DE MEDELLIN E.S.P;2018/12/20 01:39:31 PM;;2025/11/10 05:45:15 PM;Adobe Acrobat XI Pro;C&S;1967427;;1;EMPRESAS PUBLICAS DE MEDELLIN E.S.P;.
CT-2012-000526;CT-2012-000526-011;ASGADR4FJYMVQAPKRHY2P9UDFA2A3H;Executed;Adobe Inc.;01300223;C&S;EMPRESAS PUBLICAS DE MEDELLIN E.S.P;2018/12/20 01:39:21 PM;;2025/11/10 05:45:15 PM;Adobe Acrobat XI Pro;C&S;1976561;;2;EMPRESAS PUBLICAS DE MEDELLIN E.S.P;.
CT-2012-000526;CT-2012-000526-012;ASGADR4FJYMVQAPKRHY2P9UDFA2A2U;Executed;Adobe Inc.;01300222;C&S;EMPRESAS PUBLICAS DE MEDELLIN E.S.P;2018/12/20 01:39:21 PM;;2025/11/10 05:45:12 PM;Adobe Acrobat XI Pro;C&S;1980247;;1;EMPRESAS PUBLICAS DE MEDELLIN E.S.P;.
CT-2012-000526;CT-2012-000526-013;ASGADR4FJYMVQAPKRHY2P9UDFA2A2V;Executed;Adobe Inc.;01300223;C&S;EMPRESAS PUBLICAS DE MEDELLIN E.S.P;2018/12/20 01:39:21 PM;;2025/11/10 05:45:12 PM;Adobe Acrobat XI Pro;C&S;2022682;;13;EMPRESAS PUBLICAS DE MEDELLIN E.S.P;.
CT-2012-000526;CT-2012-000526-014;ASGADR4FJYMVQAPKRHZ3P9UDGC2DC4;Executed;Adobe Inc.;01980279;C&S;EMPRESAS PUBLICAS DE MEDELLIN E.S.P;2018/12/20 01:39:51 PM;;2025/11/10 05:45:13 PM;Adobe Acrobat XI Pro;C&S;2033753 2033754;;1;EMPRESAS PUBLICAS DE MEDELLIN E.S.P;.
CT-2012-000526;CT-2012-000526-015;ASGADR4FJYMVQAPKRHY9P9UDFI2AY0;Executed;Adobe Inc.;01980683;C&S;EMPRESAS PUBLICAS DE MEDELLIN E.S.P;2018/12/20 01:39:31 PM;;2025/11/10 05:45:13 PM;Adobe Acrobat XI Pro;C&S;2047721-2047722;;3;EMPRESAS PUBLICAS DE MEDELLIN E.S.P;.
CT-2012-000526;CT-2012-000526-016;ASGADR4FJYMVQAPKRHY2P9UDFA2A33;Executed;Adobe Inc.;01300223;C&S;EMPRESAS PUBLICAS DE MEDELLIN E.S.P;2018/12/20 01:39:21 PM;;2025/11/10 05:45:11 PM;Adobe Acrobat XI Pro;C&S;2047721-2047722;;1;EMPRESAS PUBLICAS DE MEDELLIN E.S.P;.
CT-2012-000526;CT-2012-000526-017;ASGADR4FJYMVQAPKRHY6P9UDFF2AP1;Executed;Adobe Inc.;01337000;C&S;EMPRESAS PUBLICAS DE MEDELLIN E.S.P;2018/12/20 01:39:26 PM;;2025/11/10 05:45:15 PM;Adobe Acrobat XI Pro;C&S;2051354-2051351;;1;EMPRESAS PUBLICAS DE MEDELLIN E.S.P;.
CT-2012-000526;CT-2012-000526-018;ASGADR4FJYMVQAPKRHY2P9UDFA2A3V;Executed;Adobe Inc.;01300223;C&S;EMPRESAS PUBLICAS DE MEDELLIN E.S.P;2018/12/20 01:39:21 PM;;2025/11/10 05:45:12 PM;Adobe Acrobat XI Pro;C&S;2051354-2051351;;1;EMPRESAS PUBLICAS DE MEDELLIN E.S.P;.
CT-2012-000526;CT-2012-000526-019;ASGADR4FJYMVQAPKRHZ5P9UDGE2DFW;Executed;Adobe Inc.;01980568;C&S;EMPRESAS PUBLICAS DE MEDELLIN E.S.P;2018/12/20 01:39:51 PM;;2025/11/10 05:45:11 PM;Adobe Captivate 8;C&S;2069222;;5;EMPRESAS PUBLICAS DE MEDELLIN E.S.P;.
CT-2012-000526;CT-2012-000526-020;ASGADR4FJYMVQAPKRHY3P9UDFC2A7Q;Executed;Adobe Inc.;01411033;C&S;EMPRESAS PUBLICAS DE MEDELLIN E.S.P;2018/12/20 01:39:26 PM;;2025/11/10 05:45:13 PM;Adobe Captivate 6;C&S;1877988;;1;EMPRESAS PUBLICAS DE MEDELLIN E.S.P;.
CT-2012-000526;CT-2012-000526-021;ASGADR4FJYMVQAPKRHYMP9UDF02BE1;Executed;Adobe Inc.;01989070;C&S;EMPRESAS PUBLICAS DE MEDELLIN E.S.P;2018/12/20 01:39:39 PM;;2025/11/10 05:45:12 PM;Adobe Captivate 6;C&S;1877977;;1;EMPRESAS PUBLICAS DE MEDELLIN E.S.P;.
CT-2012-000526;CT-2012-000526-022;ASGADR4FJYMVQAPKRHYLP9UDF02BCS;Executed;Adobe Inc.;01980335;C&S;EMPRESAS PUBLICAS DE MEDELLIN E.S.P;2018/12/20 01:39:28 PM;;2025/11/10 05:45:12 PM;Adobe Creative Suite 6 Production Premium;C&S;1877995;;3;EMPRESAS PUBLICAS DE MEDELLIN E.S.P;.
CT-2012-000526;CT-2012-000526-023;ASGADR4FJYMVQAPKRHY4P9UDFD2AKJ;Executed;Adobe Inc.;01312030;C&S;EMPRESAS PUBLICAS DE MEDELLIN E.S.P;2018/12/20 01:39:21 PM;;2025/11/10 05:45:11 PM;Adobe Creative Suite 6 Master Collection;C&S;1956266;;1;EMPRESAS PUBLICAS DE MEDELLIN E.S.P;.
CT-2012-000526;CT-2012-000526-024;ASGADR4FJYMVQAPKRHYQP9UDF42B4J;Executed;Adobe Inc.;01985026;C&S;EMPRESAS PUBLICAS DE MEDELLIN E.S.P;2018/12/20 01:39:31 PM;;2025/11/10 05:45:11 PM;Adobe Design Standard CS6;C&S;2033753 2033754;;25;EMPRESAS PUBLICAS DE MEDELLIN E.S.P;.
CT-2012000526a;CT-2012000526a;ASGADR4FJYMVQAPKRHYSP9UDF62B98;Executed;Adobe Inc.;01989080;CYME INTERNACIONAL INC.;EMPRESAS PUBLICAS DE MEDELLIN E.S.P;2018/12/20 02:35:10 PM;;2019/01/03 03:06:27 PM;Adobe Acrobat XI Pro;CYME INTERNACIONAL INC.;18779777;CLAVE ;1;EMPRESAS PUBLICAS DE MEDELLIN E.S.P;.
CT-2012-001144;CT-2012-001144-001;ASGADR4FJYMVQAPKRHYOP9UDF32B0A;Executed;CorelDRAW;01989080;Gestión Tecnología Informática;EMPRESAS PUBLICAS DE MEDELLIN E.S.P;2018/12/20 01:39:39 PM;;2025/11/10 05:45:12 PM;CorelDRAW Graphics Suite X6;Gestión Tecnología Informática;1339483;;1;EMPRESAS PUBLICAS DE MEDELLIN E.S.P;.
CT-2012-001144;CT-2012-001144-002;ASGADR4FJYMVQAPKRHZXP9UDGL2EIZ;Executed;CorelDRAW;01980568;Gestión Tecnología Informática;EMPRESAS PUBLICAS DE MEDELLIN E.S.P;2018/12/20 01:39:48 PM;;2025/11/10 05:45:15 PM;CorelDRAW Graphics Suite X6;Gestión Tecnología Informática;1323690;;1;EMPRESAS PUBLICAS DE MEDELLIN E.S.P;.
CT-2012-001144;CT-2012-001144-003;ASGADR4FJYMVQAPKRHY7P9UDFG2ASG;Executed;CorelDRAW;01337330;Gestión Tecnología Informática;EMPRESAS PUBLICAS DE MEDELLIN E.S.P;2018/12/20 01:39:26 PM;;2025/11/10 05:45:11 PM;CorelDRAW Graphics Suite X6;Gestión Tecnología Informática;134388;;2;EMPRESAS PUBLICAS DE MEDELLIN E.S.P;.
CT-2012-001144;CT-2012-001144-004;ASGADR4FJYMVQAPKRHYUP9UDF92BP9;Executed;CorelDRAW;01985020;Gestión Tecnología Informática;EMPRESAS PUBLICAS DE MEDELLIN E.S.P;2018/12/20 01:39:31 PM;;2025/11/10 05:45:11 PM;CorelDRAW Graphics Suite X6;Gestión Tecnología Informática;1339661;;1;EMPRESAS PUBLICAS DE MEDELLIN E.S.P;.
CT-2012-001367;CT-2012-001367-004;ASGADR4FJYMVQAPKRHZ7P9UDGG2DJX;Executed;Adobe Inc.;01312030;Rhino3d Colombia S.A.S;EMPRESAS PUBLICAS DE MEDELLIN E.S.P;2018/12/20 01:39:50 PM;;2025/11/10 05:45:14 PM;MindManager 14;Rhino3d Colombia S.A.S;;;3;EMPRESAS PUBLICAS DE MEDELLIN E.S.P;.
CT-2012-001367;CT-2012-001367-005;ASGADR4FJYMVQAPKRHY7P9UDFF2APZ;Executed;ServiSoft S.A.;01337330;Rhino3d Colombia S.A.S;EMPRESAS PUBLICAS DE MEDELLIN E.S.P;2018/12/20 01:39:26 PM;;2025/11/10 05:45:13 PM;Rhinoceros;Rhino3d Colombia S.A.S;134015;;2;EMPRESAS PUBLICAS DE MEDELLIN E.S.P;.
CT-2012-001491;CT-2012-001491-001;ASGADR4FJYMVQAPKRHY9P9UDFH2AWW;Executed;Trimble;01989070;Datum Ingenieria S.A.S.;EMPRESAS PUBLICAS DE MEDELLIN E.S.P;2018/12/20 01:39:37 PM;2030/11/16 12:00:00 AM;2025/05/12 12:19:01 PM;Trimble Business Center;Datum Ingenieria S.A.S.;;;33;EMPRESAS PUBLICAS DE MEDELLIN E.S.P;.
CT-2012-001491;CT-2012-001491-002;ASGADR4FJYMVQAPKRHY8P9UDFG2ASK;Executed;Trimble;01411033;Datum Ingenieria S.A.S.;EMPRESAS PUBLICAS DE MEDELLIN E.S.P;2018/12/20 01:39:26 PM;2030/11/30 12:00:00 AM;2025/05/12 12:19:01 PM;Trimble Business Center;Datum Ingenieria S.A.S.;1330445;;33;EMPRESAS PUBLICAS DE MEDELLIN E.S.P;.
CT-2012-001618-R1_;CT-2012-001618-R1-001;ASGADR4FJYMVQAPKRHZCP9UDFR2CJN;Historical;Desconocido;01989080;Desconocido;EMPRESAS PUBLICAS DE MEDELLIN E.S.P;2018/12/20 01:39:39 PM;;2026/02/16 05:15:09 AM;DecisionTools Suite;Desconocido;;;1;EMPRESAS PUBLICAS DE MEDELLIN E.S.P;.
CT-2012-001618-R1_;CT-2012-001618-R1-002;ASGADR4FJYMVQAPKRHYPP9UDF42B2Z;Historical;Desconocido;01989080;Desconocido;EMPRESAS PUBLICAS DE MEDELLIN E.S.P;2018/12/20 01:39:39 PM;;2026/02/16 05:15:11 AM;DecisionTools Suite;Desconocido;;;1;EMPRESAS PUBLICAS DE MEDELLIN E.S.P;.
CT-2012-001618-R1_;CT-2012-001618-R1-003;ASGADR4FJYMVQAPKRHYPP9UDF32B1N;Historical;Desconocido;01989080;Desconocido;EMPRESAS PUBLICAS DE MEDELLIN E.S.P;2018/12/20 01:39:39 PM;;2026/02/16 05:15:11 AM;DecisionTools Suite;Desconocido;;;1;EMPRESAS PUBLICAS DE MEDELLIN E.S.P;.
CT-2012-001618-R1_;CT-2012-001618-R1-004;ASGADR4FJYMVQAPKRHYTP9UDF82BMV;Historical;Desconocido;01989080;Desconocido;EMPRESAS PUBLICAS DE MEDELLIN E.S.P;2018/12/20 01:39:39 PM;;2026/02/16 05:15:06 AM;DecisionTools Suite;Desconocido;;;7;EMPRESAS PUBLICAS DE MEDELLIN E.S.P;.
CT-2012-001618-R1_;CT-2012-001618-R1-005;ASGADR4FJYMVQAPKRHYWP9UDFK2BSR;Historical;Desconocido;01989080;Desconocido;EMPRESAS PUBLICAS DE MEDELLIN E.S.P;2018/12/20 01:39:41 PM;;2026/02/16 05:15:11 AM;DecisionTools Suite;Desconocido;;;3;EMPRESAS PUBLICAS DE MEDELLIN E.S.P;.
CT-2012-001618-R1_;CT-2012-001618-R1-006;ASGADR4FJYMVQAPKRHYYP9UDFN2CBR;Historical;Desconocido;01989080;Desconocido;EMPRESAS PUBLICAS DE MEDELLIN E.S.P;2018/12/20 01:39:41 PM;;2026/02/16 05:15:07 AM;DecisionTools Suite;Desconocido;;;5;EMPRESAS PUBLICAS DE MEDELLIN E.S.P;.
CT-2012-001618-R1_;CT-2012-001618-R1-007;ASGADR4FJYMVQAPKRHYRP9UDF62B85;Historical;Desconocido;01989080;Desconocido;EMPRESAS PUBLICAS DE MEDELLIN E.S.P;2018/12/20 01:39:39 PM;;2026/02/16 05:15:10 AM;Risk Professional 4.0;Desconocido;;;6;EMPRESAS PUBLICAS DE MEDELLIN E.S.P;.
CT-2012-001618-R1_;CT-2012-001618-R1-008;ASGADR4FJYMVQAPKRHYVP9UDFK2BS2;Historical;Desconocido;01989080;Desconocido;EMPRESAS PUBLICAS DE MEDELLIN E.S.P;2018/12/20 01:39:39 PM;;2026/02/16 05:15:08 AM;RISK Industrial 4.0;Desconocido;;;1;EMPRESAS PUBLICAS DE MEDELLIN E.S.P;.
CT-2012-00526;CT-2012-00526-001;ASGADR4FJYMVQAPKRIAAP9UDGO2E58;Executed;Adobe Inc.;01980568;C&S;EMPRESAS PUBLICAS DE MEDELLIN E.S.P;2018/12/20 01:39:51 PM;;2025/11/10 05:45:14 PM;Adobe Creative Suite 6 Master Collection;C&S;1877995;;1;EMPRESAS PUBLICAS DE MEDELLIN E.S.P;.
CT-2012-00526;CT-2012-00526-002;ASGADR4FJYMVQAPKRHZWP9UDGL2EIB;Executed;Adobe Inc.;01980568;C&S;EMPRESAS PUBLICAS DE MEDELLIN E.S.P;2018/12/20 01:39:51 PM;;2025/11/10 05:45:11 PM;Adobe Creative Suite 6 Master Collection;C&S;1877995;;1;EMPRESAS PUBLICAS DE MEDELLIN E.S.P;.
CT-2012-00526;CT-2012-00526-003;ASGADR4FJYMVQAPKRHYQP9UDF52B5R;Executed;Adobe Inc.;01980335;C&S;EMPRESAS PUBLICAS DE MEDELLIN E.S.P;2018/12/20 01:39:28 PM;;2025/11/10 05:45:14 PM;Adobe Creative Suite 6 Master Collection;C&S;1877995;;2;EMPRESAS PUBLICAS DE MEDELLIN E.S.P;.
CT-2012-00526;CT-2012-00526-004;ASGADR4FJYMVQAPKRHZ2P9UDGA2CZI;Executed;Adobe Inc.;01980568;C&S;EMPRESAS PUBLICAS DE MEDELLIN E.S.P;2018/12/20 01:39:50 PM;;2025/11/10 05:45:13 PM;Adobe Creative Suite 6 Master Collection;C&S;;;1;EMPRESAS PUBLICAS DE MEDELLIN E.S.P;.
CT-2013-000212;CT-2013-000212-001;ASGADR4FJYMVQAPKRHY4P9UDFC2A8P;Executed;ServiSoft S.A.;01312014;CARIS;EMPRESAS PUBLICAS DE MEDELLIN E.S.P;2018/12/20 01:39:21 PM;2030/01/13 08:00:00 AM;2026/01/05 02:44:35 PM;CARIS;CARIS;;;99;EMPRESAS PUBLICAS DE MEDELLIN E.S.P;.
CT-2013-000388;CT-2013-000388-001;ASGADR4FJYMVQAPKRHY7P9UDFF2AQA;Executed;POWER LINES SYSTEM;01337010;POWER LINES SYSTEM;EMPRESAS PUBLICAS DE MEDELLIN E.S.P;2018/12/20 01:39:26 PM;2030/04/26 12:00:00 AM;2025/05/12 12:19:01 PM;PLS-CADD;POWER LINES SYSTEM;;;20;EMPRESAS PUBLICAS DE MEDELLIN E.S.P;.
CT-2013-000388;CT-2013-000388-002;ASGADR4FJYMVQAPKRHYSP9UDF72BK4;Executed;POWER LINES SYSTEM;01989080;POWER LINES SYSTEM;EMPRESAS PUBLICAS DE MEDELLIN E.S.P;2018/12/20 01:39:41 PM;2030/04/26 12:00:00 AM;2025/05/12 12:19:01 PM;PLS-CADD;POWER LINES SYSTEM;;;20;EMPRESAS PUBLICAS DE MEDELLIN E.S.P;.
CT-2013-000954;CT-2013-000954;ASGADR4FJYMVQAPKRHZ4P9UDGD2DEM;Executed;Adobe Inc.;Unallocated;POLCO S.A;EMPRESAS PUBLICAS DE MEDELLIN E.S.P;2018/12/20 01:39:51 PM;;2025/11/10 05:45:12 PM;Metrohm tiamo;POLCO S.A;;;1;EMPRESAS PUBLICAS DE MEDELLIN E.S.P;.
CT-2013-000954;CT-2013-000954-001;ASGADR4FJYMVQAPKRHY3P9UDFB2A5X;Executed;Symantec;01411053;POLCO S.A;EMPRESAS PUBLICAS DE MEDELLIN E.S.P;2018/12/20 01:39:26 PM;;2025/11/10 05:45:14 PM;METROHM;POLCO S.A;1348998;;1;EMPRESAS PUBLICAS DE MEDELLIN E.S.P;.
CT-2013-00133-01;CT-2013-00133-01-001;ASGADR4FJYMVQAPKRHYTP9UDF82BN0;Historical;Desconocido;01989073;Desconocido;EMPRESAS PUBLICAS DE MEDELLIN E.S.P;2018/12/20 01:39:39 PM;;2026/02/16 05:15:05 AM;ArcGIS for Desktop;Desconocido;;;4;EMPRESAS PUBLICAS DE MEDELLIN E.S.P;.
CT-2013-00133-01;CT-2013-00133-01-002;ASGADR4FJYMVQAPKRHYNP9UDF22BHZ;Historical;Desconocido;01989073;Desconocido;EMPRESAS PUBLICAS DE MEDELLIN E.S.P;2018/12/20 01:39:39 PM;;2026/02/16 05:15:08 AM;ArcGIS for Desktop;Desconocido;;;4;EMPRESAS PUBLICAS DE MEDELLIN E.S.P;.
CT-2013-00133-01;CT-2013-00133-01-003;ASGADR4FJYMVQAPKRHYUP9UDF82BOJ;Historical;Desconocido;01989073;Desconocido;EMPRESAS PUBLICAS DE MEDELLIN E.S.P;2018/12/20 01:39:39 PM;;2026/02/16 05:15:06 AM;ArcGIS for Desktop;Desconocido;;;1;EMPRESAS PUBLICAS DE MEDELLIN E.S.P;.
CT-2013-00133-01;CT-2013-00133-01-004;ASGADR4FJYMVQAPKRHYNP9UDF22BHN;Historical;Desconocido;01989073;Desconocido;EMPRESAS PUBLICAS DE MEDELLIN E.S.P;2018/12/20 01:39:39 PM;;2026/02/16 05:15:08 AM;ArcGIS for Desktop;Desconocido;;;1;EMPRESAS PUBLICAS DE MEDELLIN E.S.P;.
CT-2013-00133-01;CT-2013-00133-01-005;ASGADR4FJYMVQAPKRHYNP9UDF12BG0;Historical;Desconocido;01989073;Desconocido;EMPRESAS PUBLICAS DE MEDELLIN E.S.P;2018/12/20 01:39:39 PM;;2026/02/16 05:15:07 AM;ArcGIS for Desktop;Desconocido;;;4;EMPRESAS PUBLICAS DE MEDELLIN E.S.P;.
CT-2013-00133-01;CT-2013-00133-01-006;ASGADR4FJYMVQAPKRHYNP9UDF12BG6;Historical;Desconocido;01989073;Desconocido;EMPRESAS PUBLICAS DE MEDELLIN E.S.P;2018/12/20 01:39:39 PM;;2026/02/16 05:15:07 AM;ArcGIS for Desktop;Desconocido;;;2;EMPRESAS PUBLICAS DE MEDELLIN E.S.P;.
CT-2013-00133-01;CT-2013-00133-01-007;ASGADR4FJYMVQAPKRHYMP9UDF12BF7;Historical;Desconocido;01989073;Desconocido;EMPRESAS PUBLICAS DE MEDELLIN E.S.P;2018/12/20 01:39:39 PM;;2026/02/16 05:15:06 AM;ArcGIS for Desktop;Desconocido;;;4;EMPRESAS PUBLICAS DE MEDELLIN E.S.P;.
CT-2013-00133-01;CT-2013-00133-01-008;ASGADR4FJYMVQAPKRHYUP9UDF82BOD;Historical;Desconocido;01989073;Desconocido;EMPRESAS PUBLICAS DE MEDELLIN E.S.P;2018/12/20 01:39:39 PM;;2026/02/16 05:15:06 AM;ArcGIS for Desktop;Desconocido;;;4;EMPRESAS PUBLICAS DE MEDELLIN E.S.P;.
CT-2013-00133-01;CT-2013-00133-01-009;ASGADR4FJYMVQAPKRHYNP9UDF12BFY;Historical;Desconocido;01989073;Desconocido;EMPRESAS PUBLICAS DE MEDELLIN E.S.P;2018/12/20 01:39:39 PM;;2026/02/16 05:15:07 AM;ArcGIS for Desktop;Desconocido;;;15;EMPRESAS PUBLICAS DE MEDELLIN E.S.P;.
CT-2013-00133-01;CT-2013-00133-01-010;ASGADR4FJYMVQAPKRHYUP9UDF82BO5;Historical;Desconocido;01989073;Desconocido;EMPRESAS PUBLICAS DE MEDELLIN E.S.P;2018/12/20 01:39:39 PM;;2026/02/16 05:15:06 AM;ArcGIS for Desktop;Desconocido;;;28;EMPRESAS PUBLICAS DE MEDELLIN E.S.P;.
CT-2013-00133-01;CT-2013-00133-01-011;ASGADR4FJYMVQAPKRHYNP9UDF22BH7;Historical;Desconocido;01989073;Desconocido;EMPRESAS PUBLICAS DE MEDELLIN E.S.P;2018/12/20 01:39:39 PM;;2026/02/16 05:15:08 AM;ArcGIS for Desktop;Desconocido;;;17;EMPRESAS PUBLICAS DE MEDELLIN E.S.P;.
CT-2013-00133-01;CT-2013-00133-01-012;ASGADR4FJYMVQAPKRHYNP9UDF22BIF;Historical;Desconocido;01989073;Desconocido;EMPRESAS PUBLICAS DE MEDELLIN E.S.P;2018/12/20 01:39:39 PM;;2026/02/16 05:15:08 AM;ArcGIS for Desktop;Desconocido;;;22;EMPRESAS PUBLICAS DE MEDELLIN E.S.P;.
CT-2013-00133-01;CT-2013-00133-01-013;ASGADR4FJYMVQAPKRHYUP9UDF82BNX;Historical;Desconocido;01989073;Desconocido;EMPRESAS PUBLICAS DE MEDELLIN E.S.P;2018/12/20 01:39:39 PM;;2026/02/16 05:15:06 AM;ArcGIS for Desktop;Desconocido;;;22;EMPRESAS PUBLICAS DE MEDELLIN E.S.P;.
CT-2013-00133-01;CT-2013-00133-01-014;ASGADR4FJYMVQAPKRHYUP9UDF82BOR;Historical;Desconocido;01989073;Desconocido;EMPRESAS PUBLICAS DE MEDELLIN E.S.P;2018/12/20 01:39:39 PM;;2026/02/16 05:15:06 AM;ArcGIS for Desktop;Desconocido;;;1;EMPRESAS PUBLICAS DE MEDELLIN E.S.P;.
CT-2013-00133-01;CT-2013-00133-01-015;ASGADR4FJYMVQAPKRHYNP9UDF22BHT;Historical;Desconocido;01989073;Desconocido;EMPRESAS PUBLICAS DE MEDELLIN E.S.P;2018/12/20 01:39:39 PM;;2026/02/16 05:15:08 AM;ArcGIS for Desktop;Desconocido;;;1;EMPRESAS PUBLICAS DE MEDELLIN E.S.P;.
CT-2013-001462;CT-2013-001462-001;ASGADR4FJYMVQAPKRHY3P9UDFB2A6G;Executed;ServiSoft S.A.;01312004;GTECH SOLUTIOS;EMPRESAS PUBLICAS DE MEDELLIN E.S.P;2018/12/20 01:39:21 PM;2030/09/13 12:00:00 AM;2026/01/06 09:13:13 AM;IHMS;GTECH SOLUTIOS;;;3;EMPRESAS PUBLICAS DE MEDELLIN E.S.P;.
CT-2013-001463;CT-2013-001463-001;ASGADR4FJYMVQAPKRHY3P9UDFB2A6A;Executed;ServiSoft S.A.;01312003;GTECH SOLUTIOS;EMPRESAS PUBLICAS DE MEDELLIN E.S.P;2018/12/20 01:39:21 PM;2030/09/13 12:00:00 AM;2026/01/06 09:23:17 AM;TurbnPro;GTECH SOLUTIOS;;;1;EMPRESAS PUBLICAS DE MEDELLIN E.S.P;.
CT-2013-001961;CT-2013-001961-001;ASGADR4FJYMVQAPKRHYSP9UDF62B9V;Executed;Desconocido;01989080;Desconocido;EMPRESAS PUBLICAS DE MEDELLIN E.S.P;2018/12/20 01:39:39 PM;;2019/01/03 03:06:27 PM;GeoStructures;Desconocido;;;1;EMPRESAS PUBLICAS DE MEDELLIN E.S.P;.
CT-2013-002296-r2;CT-2013-002296-r2-001;ASGADR4FJYMVQAPKRHYQP9UDF52B52;Executed;Adobe Inc.;01989080;Desconocido;EMPRESAS PUBLICAS DE MEDELLIN E.S.P;2018/12/20 01:39:41 PM;;2019/01/03 03:17:44 PM;McAfee Agent;Desconocido;;;8107;EMPRESAS PUBLICAS DE MEDELLIN E.S.P;.
CT-2013-002297-A200;CT-2013-002297-A200-1;ASGADR4FJYMVQAPKBWDOP9ERR6VFDZ;Historical;Desconocido;10416000;EMPRESAS PUBLICAS DE MEDELLIN E.S.P;AGUAS DE MALAMBO S.A. E.S.P.;2018/12/20 02:43:04 PM;2017/09/30 08:00:00 PM;2026/02/16 05:15:28 AM;Gestion Juridica;EMPRESAS PUBLICAS DE MEDELLIN E.S.P;;;1;AGUAS DE MALAMBO S.A. E.S.P.;.
CT-2013-002297-A231;CT-2013-002297-A231-1;ASGADR4FJYMVQAPKRHZSP9UDG72EAT;Historical;Desconocido;Unallocated;EMPRESAS PUBLICAS DE MEDELLIN E.S.P;CENS S.A. E.S.P.;2018/12/20 02:18:24 PM;2017/12/31 11:05:00 AM;2026/02/16 05:15:21 AM;Sirius Lecturas;EMPRESAS PUBLICAS DE MEDELLIN E.S.P;;;80;EMPRESAS PUBLICAS DE MEDELLIN E.S.P;.
CT-2013-002297-A231;CT-2013-002297-A231-2;ASGADR4FJYMVQAPKRHZXP9UDGL2EIT;Historical;Desconocido;Unallocated;EMPRESAS PUBLICAS DE MEDELLIN E.S.P;CENS S.A. E.S.P.;2018/12/20 02:18:24 PM;2017/12/31 11:11:00 AM;2026/02/16 05:15:21 AM;Sirius Revisiones Técnicas;EMPRESAS PUBLICAS DE MEDELLIN E.S.P;;;80;EMPRESAS PUBLICAS DE MEDELLIN E.S.P;.
CT-2013-002297-A231;CT-2013-002297-A231-3;ASGADR4FJYMVQAPKRHZ2P9UDGB2CZZ;Historical;Desconocido;Unallocated;EMPRESAS PUBLICAS DE MEDELLIN E.S.P;CENS S.A. E.S.P.;2018/12/20 02:18:20 PM;2017/12/31 11:21:00 AM;2026/02/16 05:15:16 AM;Sirius Revisiones Comerciales;EMPRESAS PUBLICAS DE MEDELLIN E.S.P;;;80;EMPRESAS PUBLICAS DE MEDELLIN E.S.P;.
CT-2013-002297 -A86;CT-2013-002297 -A86-1;ASGADR4FJYMVQAPKBWDMP9ERR5VFCJ;Historical;Desconocido;10417100;EMPRESAS PUBLICAS DE MEDELLIN E.S.P;AGUAS DE MALAMBO S.A. E.S.P.;2018/12/20 02:43:04 PM;2017/02/11 07:35:00 AM;2026/02/16 05:15:27 AM;IDSOS Complemento Office;EMPRESAS PUBLICAS DE MEDELLIN E.S.P;;;1;AGUAS DE MALAMBO S.A. E.S.P.;.
CT 2013 002633;CT 2013 002633-001;ASGIZ29ZJE3A7ARO0DOGRO0DOGTFU3;Executed;PIPELOGIX INC;01511064;V.E. COLOMBIA S.AS;EMPRESAS PUBLICAS DE MEDELLIN E.S.P;2023/01/10 11:43:23 AM;2035/01/04 12:00:00 AM;2025/05/12 12:19:01 PM;PIPELOGIX;V.E. COLOMBIA S.AS;;;3;EMPRESAS PUBLICAS DE MEDELLIN E.S.P;.
CT-2013-2297-A188;CT-2013-2297-A188-1;ASGADR4FJYMVQAPKBWDLP9ERR3VEX8;Executed;Desconocido;06337600;EPM;EDEQ S.A. E.S.P.;2018/12/20 02:43:04 PM;;2019/01/03 03:06:31 PM;COMPRASE;EPM;;;1;EDEQ S.A. E.S.P.;.
CT2013-2297-A199;CT2013-2297-A199-1;ASGADR4FJYMVQAPKBWDLP9ERR3VEXS;Executed;Desconocido;06986300;EPM;EDEQ S.A. E.S.P.;2018/12/20 02:43:04 PM;;2019/01/03 03:06:29 PM;Gestion Juridica;EPM;;;1;EDEQ S.A. E.S.P.;.
CT-2013-2297-A77;CT-2013-2297-A77-1;ASGADR4FJYMVQAPKBWDNP9ERR6VFCU;Executed;Desconocido;06347200;EPM;EDEQ S.A. E.S.P.;2018/12/20 02:43:04 PM;;2019/01/03 03:06:27 PM;Sirius Center;EPM;;;1;EDEQ S.A. E.S.P.;.
CT-2014-000031;CT-2014-000031-1;ASGADR4FJYMVQAPKBWDMP9ERR5VFAU;Historical;Desconocido;07986400;Desconocido;ESSA S.A. E.S.P.;2018/12/20 02:43:04 PM;2016/01/21 08:00:00 AM;2026/02/16 05:15:25 AM;Citrix XenDesktop Enterprise;Desconocido;CT-2014-000031;LA-0001510734-50793 LA-0001511740-51106 LA-000170;0;ESSA S.A. E.S.P.;.
CT-2014-000110-R2;CT-2014-000110-R2-1;ASGADR4FJYMVQAPKBWDKP9ERR3VEW6;Historical;Desconocido;02986400;ENERGY COMPUTER SOFTWARE;CHEC S.A. E.S.P.;2018/12/20 02:43:04 PM;2016/08/05 08:00:00 AM;2026/02/16 05:15:22 AM;SPARD;ENERGY COMPUTER SOFTWARE;;;11;CHEC S.A. E.S.P.;.
CT-2014-000144-R1;CT-2014-000144-R1-1;ASGADR4FJYMVQAPKBWDMP9ERR5VFB7;Historical;Desconocido;02986400;EMPRESAS PUBLICAS DE MEDELLIN E.S.P;CHEC S.A. E.S.P.;2018/12/20 02:51:00 PM;2016/09/23 08:00:00 AM;2026/02/16 05:15:29 AM;SIGCE;EMPRESAS PUBLICAS DE MEDELLIN E.S.P;;;0;CHEC S.A. E.S.P.;.
CT-2014-000155-R1;CT-2014-000155-R1-1;ASGADR4FJYMVQAPKBWDKP9ERR3VEVK;Historical;Desconocido;02347200;EMPRESAS PUBLICAS DE MEDELLIN E.S.P;CHEC S.A. E.S.P.;2018/12/20 02:43:04 PM;2016/10/07 08:00:00 AM;2026/02/16 05:15:22 AM;Sirius Center;EMPRESAS PUBLICAS DE MEDELLIN E.S.P;;;110;CHEC S.A. E.S.P.;.
CT-2014-000165;CT-2014-000165-1;ASGADR4FJYMVQAPKBWDLP9ERR3VEXR;Historical;Desconocido;02986400;ALBERTO ALVAREZ LOPEZ - GTI;CHEC S.A. E.S.P.;2018/12/20 02:43:04 PM;2017/09/30 08:00:00 AM;2026/02/16 05:15:23 AM;VMware vCenter Converter Standalone;ALBERTO ALVAREZ LOPEZ - GTI;;;1;CHEC S.A. E.S.P.;.
CT-2014-000165;CT-2014-000165-2;ASGADR4FJYMVQAPKBWDNP9ERR5VFC2;Historical;Desconocido;02986400;ALBERTO ALVAREZ LOPEZ - GTI;CHEC S.A. E.S.P.;2018/12/20 02:43:04 PM;2017/09/30 08:00:00 AM;2026/02/16 05:15:26 AM;VMware vSphere Enterprise Plus;ALBERTO ALVAREZ LOPEZ - GTI;;;14;CHEC S.A. E.S.P.;.
CT-2014-000165;CT-2014-000165-3;ASGADR4FJYMVQAPKBWDMP9ERR5VFBV;Historical;Desconocido;02986400;ALBERTO ALVAREZ LOPEZ - GTI;CHEC S.A. E.S.P.;2018/12/20 02:43:04 PM;2017/09/30 08:00:00 AM;2026/02/16 05:15:25 AM;VMware vSphere Enterprise Plus;ALBERTO ALVAREZ LOPEZ - GTI;;;2;CHEC S.A. E.S.P.;.
CT-2014-000173-R1;CT-2014-000173-R1-1;ASGADR4FJYMVQAPKBWDMP9ERR5VFBM;Historical;Desconocido;02986400;ADS SOFTWARE S.A.S;CHEC S.A. E.S.P.;2018/12/20 02:43:04 PM;2016/11/17 08:00:00 AM;2026/02/16 05:15:26 AM;Audisoft auditoria y control interno;ADS SOFTWARE S.A.S;;;8;CHEC S.A. E.S.P.;.
CT-2014-000190;CT-2014-000190-01;ASGADR4FJYMVQAPKBWDOP9ERR7VFEL;Historical;Desconocido;07337100;GERS S.A.;ESSA S.A. E.S.P.;2018/12/20 02:43:04 PM;2014/09/23 11:56:00 AM;2026/02/16 05:15:28 AM;Dran-View 7;GERS S.A.;CT-2014-000190;;3;ESSA S.A. E.S.P.;.
CT-2014-000197;CT-2014-000197-1;ASGADR4FJYMVQAPKRHZ2P9UDGA2CZO;Historical;Desconocido;Unallocated;CONTROLES EMPRESARIALES LTDA;CENS S.A. E.S.P.;2018/12/20 02:18:22 PM;;2026/02/16 05:15:18 AM;Microsoft Lync;CONTROLES EMPRESARIALES LTDA;;;350;EMPRESAS PUBLICAS DE MEDELLIN E.S.P;.
CT-2014-000197-R1;CT-2014-000197-R1-1;ASGADR4FJYMVQAPKBW6XP9ESEQVGFN;Historical;Desconocido;02986400;CONTROLES EMPRESARIALES;CHEC S.A. E.S.P.;2018/12/20 02:51:00 PM;2016/12/29 08:00:00 AM;2026/02/16 05:15:29 AM;Microsoft Dynamics CRM Pro;CONTROLES EMPRESARIALES;;;8;CHEC S.A. E.S.P.;.
CT-2014-000197-R1;CT-2014-000197-R1-10;ASGADR4FJYMVQAPKBW6XP9ESEQVGG0;Historical;Desconocido;02986400;CONTROLES EMPRESARIALES;CHEC S.A. E.S.P.;2018/12/20 02:51:00 PM;2016/12/29 08:00:00 AM;2026/02/16 05:15:29 AM;Skype for Business Server;CONTROLES EMPRESARIALES;;;665;CHEC S.A. E.S.P.;.
CT-2014-000197-R1;CT-2014-000197-R1-11;ASGADR4FJYMVQAPKBW6XP9ESEQVGGJ;Historical;Desconocido;02986400;CONTROLES EMPRESARIALES;CHEC S.A. E.S.P.;2018/12/20 02:51:00 PM;2016/12/29 08:00:00 AM;2026/02/16 05:15:29 AM;Microsoft SQL;CONTROLES EMPRESARIALES;;;10;CHEC S.A. E.S.P.;.
CT-2014-000197-R1;CT-2014-000197-R1-12;ASGADR4FJYMVQAPKBW6WP9ESEPVGF2;Historical;Desconocido;02986400;CONTROLES EMPRESARIALES;CHEC S.A. E.S.P.;2018/12/20 02:51:03 PM;2016/12/29 08:00:00 AM;2026/02/16 05:15:30 AM;Microsoft SQL Standard;CONTROLES EMPRESARIALES;;;3;CHEC S.A. E.S.P.;.
CT-2014-000197-R1;CT-2014-000197-R1-13;ASGADR4FJYMVQAPKBW6XP9ESEPVGF7;Historical;Desconocido;02986400;CONTROLES EMPRESARIALES;CHEC S.A. E.S.P.;2018/12/20 02:51:00 PM;2016/12/29 08:00:00 AM;2026/02/16 05:15:29 AM;Microsoft SQL Standard;CONTROLES EMPRESARIALES;;;16;CHEC S.A. E.S.P.;.
CT-2014-000197-R1;CT-2014-000197-R1-14;ASGADR4FJYMVQAPKBW6XP9ESEPVGF8;Historical;Desconocido;02986400;CONTROLES EMPRESARIALES;CHEC S.A. E.S.P.;2018/12/20 02:51:03 PM;2016/12/29 08:00:00 AM;2026/02/16 05:15:30 AM;Microsoft SQL Enterprice;CONTROLES EMPRESARIALES;;;6;CHEC S.A. E.S.P.;.
CT-2014-000197-R1;CT-2014-000197-R1-15;ASGADR4FJYMVQAPKBW6XP9ESEQVGGF;Historical;Desconocido;02986400;CONTROLES EMPRESARIALES;CHEC S.A. E.S.P.;2018/12/20 02:51:00 PM;2016/12/29 08:00:00 AM;2026/02/16 05:15:29 AM;System Center Configuration Manager;CONTROLES EMPRESARIALES;;;1223;CHEC S.A. E.S.P.;.
CT-2014-000197-R1;CT-2014-000197-R1-16;ASGADR4FJYMVQAPKBW6XP9ESEQVGG4;Historical;Desconocido;02986400;CONTROLES EMPRESARIALES;CHEC S.A. E.S.P.;2018/12/20 02:51:00 PM;2016/12/29 08:00:00 AM;2026/02/16 05:15:30 AM;System Center Configuration Manager;CONTROLES EMPRESARIALES;;;1223;CHEC S.A. E.S.P.;.
CT-2014-000197-R1;CT-2014-000197-R1-17;ASGADR4FJYMVQAPKBW6XP9ESEPVGFM;Historical;Desconocido;02986400;CONTROLES EMPRESARIALES;CHEC S.A. E.S.P.;2018/12/20 02:51:00 PM;2016/12/29 08:00:00 AM;2026/02/16 05:15:29 AM;System Center Endpoint Protection;CONTROLES EMPRESARIALES;;;1223;CHEC S.A. E.S.P.;.
CT-2014-000197-R1;CT-2014-000197-R1-18;ASGADR4FJYMVQAPKBW6XP9ESEPVGF6;Historical;Desconocido;02986400;CONTROLES EMPRESARIALES;CHEC S.A. E.S.P.;2018/12/20 02:51:00 PM;2016/12/29 08:00:00 AM;2026/02/16 05:15:29 AM;System Center Standard;CONTROLES EMPRESARIALES;;;43;CHEC S.A. E.S.P.;.
CT-2014-000197-R1;CT-2014-000197-R1-19;ASGADR4FJYMVQAPKBW6XP9ESEQVGGI;Historical;Desconocido;02986400;CONTROLES EMPRESARIALES;CHEC S.A. E.S.P.;2018/12/20 02:51:00 PM;2016/12/29 08:00:00 AM;2026/02/16 05:15:29 AM;Microsoft Visio Professional 2013;CONTROLES EMPRESARIALES;;;9;CHEC S.A. E.S.P.;.
CT-2014-000197-R1;CT-2014-000197-R1-2;ASGADR4FJYMVQAPKBW6XP9ESEQVGGD;Historical;Desconocido;02986400;CONTROLES EMPRESARIALES;CHEC S.A. E.S.P.;2018/12/20 02:51:00 PM;2016/12/29 08:00:00 AM;2026/02/16 05:15:29 AM;Forefront Identity Manager;CONTROLES EMPRESARIALES;;;1200;CHEC S.A. E.S.P.;.
CT-2014-000197-R1;CT-2014-000197-R1-20;ASGADR4FJYMVQAPKBW6XP9ESEQVGG1;Historical;Desconocido;02986400;CONTROLES EMPRESARIALES;CHEC S.A. E.S.P.;2018/12/20 02:51:00 PM;2016/12/29 08:00:00 AM;2026/02/16 05:15:29 AM;Microsoft Visual Studio Professional SA;CONTROLES EMPRESARIALES;;;3;CHEC S.A. E.S.P.;.
CT-2014-000197-R1;CT-2014-000197-R1-21;ASGADR4FJYMVQAPKBW6XP9ESEQVGFO;Historical;Desconocido;02986400;CONTROLES EMPRESARIALES;CHEC S.A. E.S.P.;2018/12/20 02:51:00 PM;2016/12/29 08:00:00 AM;2026/02/16 05:15:29 AM;Microsoft Visual Studio Professional SA;CONTROLES EMPRESARIALES;;;6;CHEC S.A. E.S.P.;.
CT-2014-000197-R1;CT-2014-000197-R1-22;ASGADR4FJYMVQAPKBW6XP9ESEPVGFL;Historical;Desconocido;02986400;CONTROLES EMPRESARIALES;CHEC S.A. E.S.P.;2018/12/20 02:51:03 PM;2016/12/29 08:00:00 AM;2026/02/16 05:15:30 AM;Microsoft Windows Remote Desktop Server;CONTROLES EMPRESARIALES;;;350;CHEC S.A. E.S.P.;.
CT-2014-000197-R1;CT-2014-000197-R1-23;ASGADR4FJYMVQAPKBW6XP9ESEPVGF9;Historical;Desconocido;02986400;CONTROLES EMPRESARIALES;CHEC S.A. E.S.P.;2018/12/20 02:51:00 PM;2016/12/29 08:00:00 AM;2026/02/16 05:15:29 AM;Microsoft Windows Server;CONTROLES EMPRESARIALES;;;1223;CHEC S.A. E.S.P.;.
CT-2014-000197-R1;CT-2014-000197-R1-24;ASGADR4FJYMVQAPKBW6XP9ESEQVGG3;Historical;Desconocido;02986400;CONTROLES EMPRESARIALES;CHEC S.A. E.S.P.;2018/12/20 02:51:00 PM;2016/12/29 08:00:00 AM;2026/02/16 05:15:29 AM;Microsoft Windows  External Connector;CONTROLES EMPRESARIALES;;;1;CHEC S.A. E.S.P.;.
CT-2014-000197-R1;CT-2014-000197-R1-25;ASGADR4FJYMVQAPKBW6WP9ESEPVGF0;Historical;Desconocido;02986400;CONTROLES EMPRESARIALES;CHEC S.A. E.S.P.;2018/12/20 02:51:00 PM;2016/12/29 08:00:00 AM;2026/02/16 05:15:29 AM;Microsoft Windows Server Standard;CONTROLES EMPRESARIALES;;;47;CHEC S.A. E.S.P.;.
CT-2014-000197-R1;CT-2014-000197-R1-3;ASGADR4FJYMVQAPKBW6XP9ESEQVGG5;Historical;Desconocido;02986400;CONTROLES EMPRESARIALES;CHEC S.A. E.S.P.;2018/12/20 02:51:00 PM;2016/12/29 08:00:00 AM;2026/02/16 05:15:30 AM;Microsoft Office 365 E1;CONTROLES EMPRESARIALES;;;192;CHEC S.A. E.S.P.;.
CT-2014-000197-R1;CT-2014-000197-R1-4;ASGADR4FJYMVQAPKBW6WP9ESEPVGF4;Historical;Desconocido;02986400;CONTROLES EMPRESARIALES;CHEC S.A. E.S.P.;2018/12/20 02:51:03 PM;2016/12/29 08:00:00 AM;2026/02/16 05:15:30 AM;Microsoft Office 365 ProPlus;CONTROLES EMPRESARIALES;;;895;CHEC S.A. E.S.P.;.
CT-2014-000197-R1;CT-2014-000197-R1-5;ASGADR4FJYMVQAPKBW6WP9ESEPVGFG;Historical;Desconocido;02986400;CONTROLES EMPRESARIALES;CHEC S.A. E.S.P.;2018/12/20 02:51:00 PM;2016/12/29 08:00:00 AM;2026/02/16 05:15:29 AM;Microsoft Office 365 ProPlus;CONTROLES EMPRESARIALES;;;2;CHEC S.A. E.S.P.;.
CT-2014-000197-R1;CT-2014-000197-R1-6;ASGADR4FJYMVQAPKBW6WP9ESEPVGF3;Historical;Desconocido;02986400;CONTROLES EMPRESARIALES;CHEC S.A. E.S.P.;2018/12/20 02:51:00 PM;2016/12/29 08:00:00 AM;2026/02/16 05:15:29 AM;Microsoft Office 365 ProPlus;CONTROLES EMPRESARIALES;;;3;CHEC S.A. E.S.P.;.
CT-2014-000197-R1;CT-2014-000197-R1-7;ASGADR4FJYMVQAPKBW6WP9ESEPVGF1;Historical;Desconocido;02986400;CONTROLES EMPRESARIALES;CHEC S.A. E.S.P.;2018/12/20 02:51:00 PM;2016/12/29 08:00:00 AM;2026/02/16 05:15:29 AM;Microsoft Office 365 ProPlus;CONTROLES EMPRESARIALES;;;1223;CHEC S.A. E.S.P.;.
CT-2014-000197-R1;CT-2014-000197-R1-8;ASGADR4FJYMVQAPKBW6XP9ESEQVGGH;Historical;Desconocido;02986400;CONTROLES EMPRESARIALES;CHEC S.A. E.S.P.;2018/12/20 02:51:00 PM;2016/12/29 08:00:00 AM;2026/02/16 05:15:29 AM;Microsoft Project Professional SA;CONTROLES EMPRESARIALES;;;66;CHEC S.A. E.S.P.;.
CT-2014-000197-R1;CT-2014-000197-R1-9;ASGADR4FJYMVQAPKBW6XP9ESEPVGFK;Historical;Desconocido;02986400;CONTROLES EMPRESARIALES;CHEC S.A. E.S.P.;2018/12/20 02:51:03 PM;2016/12/29 08:00:00 AM;2026/02/16 05:15:30 AM;Microsoft Office 365 ProPlus;CONTROLES EMPRESARIALES;;;1223;CHEC S.A. E.S.P.;.
CT-2014-000197-R2;CT-2014-000197-R2-1;ASGADR4FJYMVQAPKRIAAP9UDGP2E5O;Historical;Desconocido;Unallocated;CONTROLES EMPRESARIALES LTDA;CENS S.A. E.S.P.;2018/12/20 02:18:20 PM;;2026/02/16 05:15:16 AM;Microsoft Dynamics CRM Pro;CONTROLES EMPRESARIALES LTDA;;;5;EMPRESAS PUBLICAS DE MEDELLIN E.S.P;.
CT-2014-000200-R1;CT-2014-000200-R1-1;ASGADR4FJYMVQAPKBWDNP9ERR6VFCK;Historical;Desconocido;02986400;INGENIERÍA ESPECIALIZADA S.A.;CHEC S.A. E.S.P.;2018/12/20 02:43:04 PM;2017/01/20 08:00:00 AM;2026/02/16 05:15:26 AM;DIgSILENT PowerFactory  Server;INGENIERÍA ESPECIALIZADA S.A.;;;1;CHEC S.A. E.S.P.;.
CT-2014-000200-R1;CT-2014-000200-R1-2;ASGADR4FJYMVQAPKBWDLP9ERR4VEZG;Historical;Desconocido;02986400;INGENIERÍA ESPECIALIZADA S.A.;CHEC S.A. E.S.P.;2018/12/20 02:43:04 PM;2017/01/20 08:00:00 AM;2026/02/16 05:15:24 AM;DIgSILENT PowerFactory Workstation;INGENIERÍA ESPECIALIZADA S.A.;;;3;CHEC S.A. E.S.P.;.
CT-2014-000200-R2;CT-2014-000200-R2-01;ASGADR4FJYMVQAPKRHZTP9UDG82EDD;Historical;Desconocido;Unallocated;IEB INGENIERÍA ESPECIALIZADA S.A.;CENS S.A. E.S.P.;2018/12/20 02:18:22 PM;2018/01/16 10:17:00 AM;2026/02/16 05:15:18 AM;DIgSILENT PowerFactory;IEB INGENIERÍA ESPECIALIZADA S.A.;;;999999;EMPRESAS PUBLICAS DE MEDELLIN E.S.P;.
CT-2014-000212;CT-2014-000212-1;ASGADR4FJYMVQAPKRHZ9P9UDGI2D43;Historical;Desconocido;Unallocated;PRIMESTONE S.A.;CENS S.A. E.S.P.;2018/12/20 02:18:20 PM;;2026/02/16 05:15:17 AM;PrimeRead ES;PRIMESTONE S.A.;;;300;EMPRESAS PUBLICAS DE MEDELLIN E.S.P;.
CT-2014-000232;CT-2014-000232-1;ASGADR4FJYMVQAPKBWDLP9ERR4VEZF;Historical;Desconocido;05347200;ESRI COLOMBIA S.A.S.;CENS S.A. E.S.P.;2018/12/20 02:43:08 PM;2016/06/05 08:00:00 AM;2026/02/16 05:15:26 AM;ArcGIS for Desktop;ESRI COLOMBIA S.A.S.;;;5;CENS S.A. E.S.P.;.
CT-2014-000237;CT-2014-000237-01;ASGADR4FJYMVQAPKRHZYP9UDGN2E1S;Historical;Desconocido;Unallocated;MICROCAD LTDA.;CENS S.A. E.S.P.;2018/12/20 02:18:20 PM;2013/04/06 12:00:00 AM;2026/02/16 05:15:17 AM;Autodesk Infrastructure Map Server;MICROCAD LTDA.;;;1;EMPRESAS PUBLICAS DE MEDELLIN E.S.P;.
CT-2014-000254;CT-2014-000254-1;ASGADR4FJYMVQAPKBWDMP9ERR5VFAY;Historical;Desconocido;07986400;ORACLE;ESSA S.A. E.S.P.;2018/12/20 02:43:04 PM;2018/01/30 08:00:00 AM;2026/02/16 05:15:25 AM;Oracle Database Enterprise Edition;ORACLE;CT-2014-000254;No aplica;6;ESSA S.A. E.S.P.;.
CT-2014-000254;CT-2014-000254-2;ASGADR4FJYMVQAPKBWDKP9ERR3VEWO;Historical;Desconocido;07986400;ORACLE;ESSA S.A. E.S.P.;2018/12/20 02:43:04 PM;2018/01/30 08:00:00 AM;2026/02/16 05:15:23 AM;Weblogic Server Enterprise Edition;ORACLE;CT-2014-000254;No aplica;2;ESSA S.A. E.S.P.;.
CT-2014-000345;CT-2014-000345-001;ASGADR4FJYMVQAQVK8WBQULQ2PGTQ9;Executed;Schneider Electric;01985024;SCHNEIDER ELECTRIC DE COLOMBIA S.A;EMPRESAS PUBLICAS DE MEDELLIN E.S.P;2021/07/01 08:32:51 AM;2035/06/28 12:00:00 AM;2025/05/12 12:19:01 PM;Power Monitoring Expert;SCHNEIDER ELECTRIC DE COLOMBIA S.A;;;1;EMPRESAS PUBLICAS DE MEDELLIN E.S.P;.
CT-2014-000459_;CT-2014-000459-001_;ASGADR4FJYMVQAPKRHYOP9UDF22BJF;Historical;Desconocido;01989076;Desconocido;EMPRESAS PUBLICAS DE MEDELLIN E.S.P;2018/12/20 01:39:39 PM;2021/03/02 12:00:00 AM;2026/02/16 05:15:09 AM;Toad for Oracle;Desconocido;;;1;EMPRESAS PUBLICAS DE MEDELLIN E.S.P;.
CT-2014-000459_;CT-2014-000459-002_;ASGADR4FJYMVQAPKRHYOP9UDF22BIN;Historical;Desconocido;01989076;Desconocido;EMPRESAS PUBLICAS DE MEDELLIN E.S.P;2018/12/20 01:39:39 PM;2021/03/02 12:00:00 AM;2026/02/16 05:15:09 AM;Toad for Oracle;Desconocido;;;23;EMPRESAS PUBLICAS DE MEDELLIN E.S.P;.
CT-2014-000459_;CT-2014-000459-003_;ASGADR4FJYMVQAPKRHYOP9UDF22BI7;Historical;Desconocido;01989076;Desconocido;EMPRESAS PUBLICAS DE MEDELLIN E.S.P;2018/12/20 01:39:39 PM;2021/03/02 12:00:00 AM;2026/02/16 05:15:09 AM;Toad for Oracle;Desconocido;;;6;EMPRESAS PUBLICAS DE MEDELLIN E.S.P;.
CT-2014-000459_;CT-2014-000459-004_;ASGADR4FJYMVQAPKRHYUP9UDF92BPD;Historical;Desconocido;01989076;Desconocido;EMPRESAS PUBLICAS DE MEDELLIN E.S.P;2018/12/20 01:39:39 PM;2021/03/02 12:00:00 AM;2026/02/16 05:15:06 AM;Toad for Oracle;Desconocido;;;1;EMPRESAS PUBLICAS DE MEDELLIN E.S.P;.
CT-2014-000459_;CT-2014-000459-005_;ASGADR4FJYMVQAPKRHYUP9UDF92BP5;Historical;Desconocido;01989076;Desconocido;EMPRESAS PUBLICAS DE MEDELLIN E.S.P;2018/12/20 01:39:39 PM;2021/03/02 12:00:00 AM;2026/02/16 05:15:07 AM;Toad for Oracle;Desconocido;;;70;EMPRESAS PUBLICAS DE MEDELLIN E.S.P;.
CT-2014-000459_;CT-2014-000459-006_;ASGADR4FJYMVQAPKRHYOP9UDF22BIT;Historical;Desconocido;01989076;Desconocido;EMPRESAS PUBLICAS DE MEDELLIN E.S.P;2018/12/20 01:39:39 PM;2021/03/02 12:00:00 AM;2026/02/16 05:15:09 AM;Toad for Oracle;Desconocido;;;2;EMPRESAS PUBLICAS DE MEDELLIN E.S.P;.
CT-2014-001199;CT-2014-001199-001;ASGADR4FJYMVQAPKRHYZP9UDFN2CCR;Executed;Desconocido;01989080;Desconocido;EMPRESAS PUBLICAS DE MEDELLIN E.S.P;2018/12/20 01:39:39 PM;;2019/01/03 03:06:23 PM;loading software;Desconocido;;;1;EMPRESAS PUBLICAS DE MEDELLIN E.S.P;.
CT-2014-002317;CT-2014-002317-001;ASGADR4FJYMVQAPKRHY5P9UDFE2AM2;Executed;Adobe Inc.;01312014;SANAMBIENTE SAS;EMPRESAS PUBLICAS DE MEDELLIN E.S.P;2018/12/20 01:39:21 PM;2030/05/06 08:00:00 AM;2026/01/06 09:20:07 AM;River Surveyor;SANAMBIENTE SAS;1383581;;20;EMPRESAS PUBLICAS DE MEDELLIN E.S.P;.
CT-2014-002503-R2;CT-2014-002503-R2-001;ASGDBP1IIN2UDARGLIWWRFMCDMMZF9;Executed;SPARX SYSTEMS;01989074;UNIVERSAL TECHNOLOGY SAS;EMPRESAS PUBLICAS DE MEDELLIN E.S.P;2022/01/31 02:06:04 PM;2027/01/31 12:00:00 AM;2025/05/12 12:19:01 PM;Enterprise Architect;UNIVERSAL TECHNOLOGY SAS;;;97;EMPRESAS PUBLICAS DE MEDELLIN E.S.P;.
CT-2014-002503-R2;CT-2014-002503-R2-002;ASGDBP1IIN2UDARGLJJNRFMC63NCIT;Executed;SPARX SYSTEMS;01989074;UNIVERSAL TECHNOLOGY SAS;EMPRESAS PUBLICAS DE MEDELLIN E.S.P;2022/01/31 02:11:49 PM;2027/01/31 12:00:00 AM;2025/05/12 12:19:01 PM;Enterprise Architect;UNIVERSAL TECHNOLOGY SAS;;;2;EMPRESAS PUBLICAS DE MEDELLIN E.S.P;.
CT-2014-004;CT-2014-004-1;ASGADR4FJYMVQAPKBWDMP9ERR5VFCD;Executed;Desconocido;10416400;SOFTNET S.A.;AGUAS DE MALAMBO S.A. E.S.P.;2018/12/20 02:43:04 PM;;2019/01/03 03:17:45 PM;McAfee Agent;SOFTNET S.A.;;;40;AGUAS DE MALAMBO S.A. E.S.P.;.
CT-2014-004;CT-2014-004-2;ASGADR4FJYMVQAPKBWDKP9ERR3VEVU;Executed;Desconocido;10416400;SOFTNET S.A.;AGUAS DE MALAMBO S.A. E.S.P.;2018/12/20 02:43:08 PM;;2019/01/03 03:06:31 PM;Microsoft Windows Server;SOFTNET S.A.;;;1;AGUAS DE MALAMBO S.A. E.S.P.;.
CT-2014-029;CT-2014-029-1;ASGADR4FJYMVQAPKBW6XP9ESEPVGF5;Historical;Desconocido;10416000;AUDIT SOFTWARE DE COLOMBIA;AGUAS DE MALAMBO S.A. E.S.P.;2018/12/20 02:51:04 PM;2014/09/29 08:00:00 PM;2026/02/16 05:15:30 AM;Audisoft auditoria y control interno;AUDIT SOFTWARE DE COLOMBIA;;;1;AGUAS DE MALAMBO S.A. E.S.P.;.
CT-2014-047;CT-2014-047-1;ASGADR4FJYMVQAPKBWDKP9ERR3VEWG;Historical;Desconocido;10416400;SOFTNET S.A.;AGUAS DE MALAMBO S.A. E.S.P.;2018/12/20 02:43:08 PM;2015/01/22 07:33:00 AM;2026/02/16 05:15:26 AM;Microsoft Office 365 ProPlus;SOFTNET S.A.;;;14;AGUAS DE MALAMBO S.A. E.S.P.;.
CT2015-000049;CT2015-000049-1;ASGADR4FJYMVQAPKBWDNP9ERR6VFDT;Executed;Desconocido;06986400;ACTSIS LTDA.;EDEQ S.A. E.S.P.;2018/12/20 02:43:04 PM;;2019/01/03 03:06:29 PM;Sirius Server;ACTSIS LTDA.;;;1;EDEQ S.A. E.S.P.;.
CT-2015-000108-R1_;CT-2015-000108-R1 -001;ASGADR4FJYMVQAPKRHYXP9UDFM2BZO;Historical;Desconocido;01989080;Desconocido;EMPRESAS PUBLICAS DE MEDELLIN E.S.P;2018/12/20 01:39:39 PM;;2026/02/16 05:15:05 AM;Autodesk Autocad Desing Suite Premium Red;Desconocido;;;76;EMPRESAS PUBLICAS DE MEDELLIN E.S.P;.
CT-2015-000108-R1_;CT-2015-000108-R1 -002;ASGADR4FJYMVQAPKRHYSP9UDF62B9O;Historical;Desconocido;01989080;Desconocido;EMPRESAS PUBLICAS DE MEDELLIN E.S.P;2018/12/20 01:39:39 PM;;2026/02/16 05:15:11 AM;Autodesk Autocad Desing Suite Premium Standalone;Desconocido;;;1;EMPRESAS PUBLICAS DE MEDELLIN E.S.P;.
CT-2015-000108-R1_;CT-2015-000108-R1 -003;ASGADR4FJYMVQAPKRHYWP9UDFL2BXB;Historical;Desconocido;01989080;Desconocido;EMPRESAS PUBLICAS DE MEDELLIN E.S.P;2018/12/20 01:39:39 PM;;2026/02/16 05:15:10 AM;Autodesk Autocad Desing Suite Standard Red;Desconocido;;;22;EMPRESAS PUBLICAS DE MEDELLIN E.S.P;.
CT-2015-000108-R1_;CT-2015-000108-R1 -004;ASGADR4FJYMVQAPKRHZ6P9UDGF2DI1;Historical;Desconocido;01980279;Desconocido;EMPRESAS PUBLICAS DE MEDELLIN E.S.P;2018/12/20 01:39:51 PM;;2026/02/16 05:15:14 AM;Autodesk Autocad Desing Suite Standard Red;Desconocido;;;1;EMPRESAS PUBLICAS DE MEDELLIN E.S.P;.
CT-2015-000108-R1_;CT-2015-000108-R1 -005;ASGADR4FJYMVQAPKRHYPP9UDF32B0Y;Historical;Desconocido;01989080;Desconocido;EMPRESAS PUBLICAS DE MEDELLIN E.S.P;2018/12/20 01:39:39 PM;;2026/02/16 05:15:11 AM;Autodesk AutoCAD Map 3D;Desconocido;;;3;EMPRESAS PUBLICAS DE MEDELLIN E.S.P;.
CT-2015-000108-R1_;CT-2015-000108-R1 -006;ASGADR4FJYMVQAPKRHYQP9UDF52B6E;Historical;Desconocido;01989080;Desconocido;EMPRESAS PUBLICAS DE MEDELLIN E.S.P;2018/12/20 01:39:39 PM;;2026/02/16 05:15:09 AM;Autodesk AutoCAD Raster Design Standalone;Desconocido;;;9;EMPRESAS PUBLICAS DE MEDELLIN E.S.P;.
CT-2015-000108-R1_;CT-2015-000108-R1 -007;ASGADR4FJYMVQAPKRHYSP9UDF62B8Y;Historical;Desconocido;01989080;Desconocido;EMPRESAS PUBLICAS DE MEDELLIN E.S.P;2018/12/20 01:39:39 PM;;2026/02/16 05:15:11 AM;Autodesk AutoCAD;Desconocido;;;7;EMPRESAS PUBLICAS DE MEDELLIN E.S.P;.
CT-2015-000108-R1_;CT-2015-000108-R1 -008;ASGADR4FJYMVQAPKRHYRP9UDF62B8B;Historical;Desconocido;01989080;Desconocido;EMPRESAS PUBLICAS DE MEDELLIN E.S.P;2018/12/20 01:39:39 PM;;2026/02/16 05:15:10 AM;Autodesk Building Design Suite Premium Red;Desconocido;;;26;EMPRESAS PUBLICAS DE MEDELLIN E.S.P;.
CT-2015-000108-R1_;CT-2015-000108-R1 -009;ASGADR4FJYMVQAPKRHZDP9UDFS2C2S;Historical;Desconocido;01980293;Desconocido;EMPRESAS PUBLICAS DE MEDELLIN E.S.P;2018/12/20 01:39:50 PM;;2026/02/16 05:15:12 AM;Autodesk Building Design Suite Premium Red;Desconocido;2022889;;1;EMPRESAS PUBLICAS DE MEDELLIN E.S.P;.
CT-2015-000108-R1_;CT-2015-000108-R1 -010;ASGADR4FJYMVQAPKRHYPP9UDF42B3S;Historical;Desconocido;01989080;Desconocido;EMPRESAS PUBLICAS DE MEDELLIN E.S.P;2018/12/20 01:39:39 PM;;2026/02/16 05:15:11 AM;Autodesk Building Design Suite Standard red;Desconocido;;;10;EMPRESAS PUBLICAS DE MEDELLIN E.S.P;.
CT-2015-000108-R1_;CT-2015-000108-R1 -011;ASGADR4FJYMVQAPKRHYWP9UDFK2BTD;Historical;Desconocido;01989080;Desconocido;EMPRESAS PUBLICAS DE MEDELLIN E.S.P;2018/12/20 01:39:39 PM;;2026/02/16 05:15:10 AM;Autodesk Building Design Suite Ultimate Standalone;Desconocido;;;2;EMPRESAS PUBLICAS DE MEDELLIN E.S.P;.
CT-2015-000108-R1_;CT-2015-000108-R1 -012;ASGADR4FJYMVQAPKRHYXP9UDFL2BXY;Historical;Desconocido;01989080;Desconocido;EMPRESAS PUBLICAS DE MEDELLIN E.S.P;2018/12/20 01:39:39 PM;;2026/02/16 05:15:05 AM;Autodesk Building Design Suite Ultimate Red;Desconocido;;;1;EMPRESAS PUBLICAS DE MEDELLIN E.S.P;.
CT-2015-000108-R1_;CT-2015-000108-R1 -013;ASGADR4FJYMVQAPKRHZQP9UDG52DW4;Historical;Desconocido;01980293;Desconocido;EMPRESAS PUBLICAS DE MEDELLIN E.S.P;2018/12/20 01:39:51 PM;;2026/02/16 05:15:14 AM;Autodesk Building Design Suite Ultimate Red;Desconocido;2022889;;3;EMPRESAS PUBLICAS DE MEDELLIN E.S.P;.
CT-2015-000108-R1_;CT-2015-000108-R1 -014;ASGADR4FJYMVQAPKRHYUP9UDF92BPC;Historical;Desconocido;01989080;Desconocido;EMPRESAS PUBLICAS DE MEDELLIN E.S.P;2018/12/20 01:39:41 PM;;2026/02/16 05:15:10 AM;Autodesk AutoCAD Civil 3D;Desconocido;;;1;EMPRESAS PUBLICAS DE MEDELLIN E.S.P;.
CT-2015-000108-R1_;CT-2015-000108-R1 -015;ASGADR4FJYMVQAPKRHZAP9UDFP2CFQ;Historical;Desconocido;01989080;Desconocido;EMPRESAS PUBLICAS DE MEDELLIN E.S.P;2018/12/20 01:39:41 PM;;2026/02/16 05:15:09 AM;Autodesk Ecotect Analisys Standalone;Desconocido;;;2;EMPRESAS PUBLICAS DE MEDELLIN E.S.P;.
CT-2015-000108-R1_;CT-2015-000108-R1 -016;ASGADR4FJYMVQAPKRHYOP9UDF22BJ6;Historical;Desconocido;01980315;Desconocido;EMPRESAS PUBLICAS DE MEDELLIN E.S.P;2018/12/20 01:39:28 PM;;2026/02/16 05:15:01 AM;Autodesk Entertainment Creation Suite Ultimate;Desconocido;;;1;EMPRESAS PUBLICAS DE MEDELLIN E.S.P;.
CT-2015-000108-R1_;CT-2015-000108-R1 -017;ASGADR4FJYMVQAPKRHZAP9UDFO2CE9;Historical;Desconocido;01989080;Desconocido;EMPRESAS PUBLICAS DE MEDELLIN E.S.P;2018/12/20 01:39:41 PM;;2026/02/16 05:15:08 AM;Autodesk Factory Design Suite Ultimate;Desconocido;;;6;EMPRESAS PUBLICAS DE MEDELLIN E.S.P;.
CT-2015-000108-R1_;CT-2015-000108-R1 -018;ASGADR4FJYMVQAPKRHZWP9UDGL2EHV;Historical;Desconocido;01980293;Desconocido;EMPRESAS PUBLICAS DE MEDELLIN E.S.P;2018/12/20 01:39:51 PM;;2026/02/16 05:15:13 AM;Autodesk Factory Design Suite Ultimate;Desconocido;2022889;;2;EMPRESAS PUBLICAS DE MEDELLIN E.S.P;.
CT-2015-000108-R1_;CT-2015-000108-R1 -019;ASGADR4FJYMVQAPKRHZYP9UDGM2E1E;Historical;Desconocido;01980293;Desconocido;EMPRESAS PUBLICAS DE MEDELLIN E.S.P;2018/12/20 01:39:51 PM;;2026/02/16 05:15:13 AM;Autodesk Infrastructure Design Suite Ultimate RED;Desconocido;2022889;;4;EMPRESAS PUBLICAS DE MEDELLIN E.S.P;.
CT-2015-000108-R1_;CT-2015-000108-R1 -020;ASGADR4FJYMVQAPKRHYZP9UDFO2CDV;Historical;Desconocido;01989080;Desconocido;EMPRESAS PUBLICAS DE MEDELLIN E.S.P;2018/12/20 01:39:39 PM;;2026/02/16 05:15:06 AM;Autodesk Infrastructure Design Suite Premium red;Desconocido;;;17;EMPRESAS PUBLICAS DE MEDELLIN E.S.P;.
CT-2015-000108-R1_;CT-2015-000108-R1 -021;ASGADR4FJYMVQAPKRHZKP9UDGJ2D6G;Historical;Desconocido;01980293;Desconocido;EMPRESAS PUBLICAS DE MEDELLIN E.S.P;2018/12/20 01:39:50 PM;;2026/02/16 05:15:13 AM;Autodesk Infrastructure Design Suite Premium red;Desconocido;2022889;;2;EMPRESAS PUBLICAS DE MEDELLIN E.S.P;.
CT-2015-000108-R1_;CT-2015-000108-R1 -022;ASGADR4FJYMVQAPKRHYQP9UDF42B4E;Historical;Desconocido;01989080;Desconocido;EMPRESAS PUBLICAS DE MEDELLIN E.S.P;2018/12/20 01:39:39 PM;;2026/02/16 05:15:11 AM;Autodesk Infrastructure Design Suite Premium Standalone;Desconocido;;;5;EMPRESAS PUBLICAS DE MEDELLIN E.S.P;.
CT-2015-000108-R1_;CT-2015-000108-R1 -023;ASGADR4FJYMVQAPKRHYQP9UDF52B5O;Historical;Desconocido;01989080;Desconocido;EMPRESAS PUBLICAS DE MEDELLIN E.S.P;2018/12/20 01:39:41 PM;;2026/02/16 05:15:12 AM;Autodesk Infrastructure Design Suite Standard red;Desconocido;;;31;EMPRESAS PUBLICAS DE MEDELLIN E.S.P;.
CT-2015-000108-R1_;CT-2015-000108-R1 -024;ASGADR4FJYMVQAPKRHYPP9UDF42B3D;Historical;Desconocido;01989080;Desconocido;EMPRESAS PUBLICAS DE MEDELLIN E.S.P;2018/12/20 01:39:41 PM;;2026/02/16 05:15:11 AM;Autodesk Infrastructure Design Suite Standard Standalone;Desconocido;;;10;EMPRESAS PUBLICAS DE MEDELLIN E.S.P;.
CT-2015-000108-R1_;CT-2015-000108-R1 -025;ASGADR4FJYMVQAPKRHYZP9UDFO2CDQ;Historical;Desconocido;01989080;Desconocido;EMPRESAS PUBLICAS DE MEDELLIN E.S.P;2018/12/20 01:39:41 PM;;2026/02/16 05:15:08 AM;Autodesk Infrastructure Design Suite Ultimate Standalone;Desconocido;;;10;EMPRESAS PUBLICAS DE MEDELLIN E.S.P;.
CT-2015-000108-R1_;CT-2015-000108-R1 -026;ASGADR4FJYMVQAPKRHZCP9UDFR2CJU;Historical;Desconocido;01989080;Desconocido;EMPRESAS PUBLICAS DE MEDELLIN E.S.P;2018/12/20 01:39:41 PM;;2026/02/16 05:15:10 AM;Autodesk Infrastructure MAP Server;Desconocido;;;2;EMPRESAS PUBLICAS DE MEDELLIN E.S.P;.
CT-2015-000108-R1_;CT-2015-000108-R1 -027;ASGADR4FJYMVQAPKRHYVP9UDFK2BSC;Historical;Desconocido;01989080;Desconocido;EMPRESAS PUBLICAS DE MEDELLIN E.S.P;2018/12/20 01:39:39 PM;;2026/02/16 05:15:09 AM;Autodesk Infrastructure MAP Server;Desconocido;;;2;EMPRESAS PUBLICAS DE MEDELLIN E.S.P;.
CT-2015-000108-R1_;CT-2015-000108-R1 -028;ASGADR4FJYMVQAPKRHYZP9UDFN2CCK;Historical;Desconocido;01989080;Desconocido;EMPRESAS PUBLICAS DE MEDELLIN E.S.P;2018/12/20 01:39:41 PM;;2026/02/16 05:15:07 AM;Autodesk Inventor Publisher Red;Desconocido;;;1;EMPRESAS PUBLICAS DE MEDELLIN E.S.P;.
CT-2015-000108-R1_;CT-2015-000108-R1 -029;ASGADR4FJYMVQAPKRHYVP9UDFK2BR4;Historical;Desconocido;01989080;Desconocido;EMPRESAS PUBLICAS DE MEDELLIN E.S.P;2018/12/20 01:39:39 PM;;2026/02/16 05:15:09 AM;Autodesk Plant Design Suite Standard Red;Desconocido;;;2;EMPRESAS PUBLICAS DE MEDELLIN E.S.P;.
CT-2015-000108-R1_;CT-2015-000108-R1-030;ASGADR4FJYMVQAPKRHZ9P9UDGI2D4P;Historical;Desconocido;01980293;Desconocido;EMPRESAS PUBLICAS DE MEDELLIN E.S.P;2018/12/20 01:39:50 PM;;2026/02/16 05:15:13 AM;Autodesk Plant Design Suite Standard Red;Desconocido;2220817;;1;EMPRESAS PUBLICAS DE MEDELLIN E.S.P;.
CT-2015-000108-R1_;CT-2015-000108-R1 -031;ASGADR4FJYMVQAPKRHYQP9UDF52B65;Historical;Desconocido;01989080;Desconocido;EMPRESAS PUBLICAS DE MEDELLIN E.S.P;2018/12/20 01:39:39 PM;;2026/02/16 05:15:09 AM;Autodesk Product Design Suite Premium Red;Desconocido;;;1;EMPRESAS PUBLICAS DE MEDELLIN E.S.P;.
CT-2015-000108-R1_;CT-2015-000108-R1 -032;ASGADR4FJYMVQAPKRHYUP9UDF92BPR;Historical;Desconocido;01989080;Desconocido;EMPRESAS PUBLICAS DE MEDELLIN E.S.P;2018/12/20 01:39:39 PM;;2026/02/16 05:15:07 AM;Autodesk Product Design Suite Ultimate Red;Desconocido;;;19;EMPRESAS PUBLICAS DE MEDELLIN E.S.P;.
CT-2015-000108-R1_;CT-2015-000108-R1 -033;ASGADR4FJYMVQAPKRHZ4P9UDGD2DE2;Historical;Desconocido;01980293;Desconocido;EMPRESAS PUBLICAS DE MEDELLIN E.S.P;2018/12/20 01:39:50 PM;;2026/02/16 05:15:13 AM;Autodesk Product Design Suite Ultimate Red;Desconocido;2022889;;3;EMPRESAS PUBLICAS DE MEDELLIN E.S.P;.
CT-2015-000108-R1_;CT-2015-000108-R1 -034;ASGADR4FJYMVQAPKRHYXP9UDFL2BY2;Historical;Desconocido;01989080;Desconocido;EMPRESAS PUBLICAS DE MEDELLIN E.S.P;2018/12/20 01:39:39 PM;;2026/02/16 05:15:11 AM;Autodesk Product Design Suite Ultimate Standalone;Desconocido;;;3;EMPRESAS PUBLICAS DE MEDELLIN E.S.P;.
CT-2015-000108-R1_;CT-2015-000108-R1 -035;ASGADR4FJYMVQAPKRHYVP9UDFK2BSI;Historical;Desconocido;01989080;Desconocido;EMPRESAS PUBLICAS DE MEDELLIN E.S.P;2018/12/20 01:39:39 PM;;2026/02/16 05:15:09 AM;Autodesk Vault Professional;Desconocido;;;28;EMPRESAS PUBLICAS DE MEDELLIN E.S.P;.
CT-2015-000108-R1_;CT-2015-000108-R1 -036;ASGADR4FJYMVQAPKRHY4P9UDFC2A8E;Historical;Desconocido;01510230;Desconocido;EMPRESAS PUBLICAS DE MEDELLIN E.S.P;2018/12/20 01:39:26 PM;;2026/02/16 05:15:02 AM;Autodesk Vault Professional;Desconocido;2022889;;2;EMPRESAS PUBLICAS DE MEDELLIN E.S.P;.
CT-2015-000108-R1_;CT-2015-000108-R1 -037;ASGADR4FJYMVQAPKRHY8P9UDFH2AUM;Historical;Desconocido;01980215;Desconocido;EMPRESAS PUBLICAS DE MEDELLIN E.S.P;2018/12/20 01:39:28 PM;;2026/02/16 05:15:03 AM;Autodesk Vault Professional;Desconocido;2022889;;21;EMPRESAS PUBLICAS DE MEDELLIN E.S.P;.
CT-2015-000108-R1_;CT-2015-000108-R1 -038;ASGADR4FJYMVQAPKRHZ9P9UDGH2D2X;Historical;Desconocido;01980293;Desconocido;EMPRESAS PUBLICAS DE MEDELLIN E.S.P;2018/12/20 01:39:50 PM;;2026/02/16 05:15:12 AM;Autodesk Vault Professional;Desconocido;2022889;;6;EMPRESAS PUBLICAS DE MEDELLIN E.S.P;.
CT-2015-000108-R1_;CT-2015-000108-R1 -039;ASGADR4FJYMVQAPKRHYQP9UDF52B60;Historical;Desconocido;01985080;Desconocido;EMPRESAS PUBLICAS DE MEDELLIN E.S.P;2018/12/20 01:39:31 PM;;2026/02/16 05:15:04 AM;Autodesk Vault Professional;Desconocido;2237005;;3;EMPRESAS PUBLICAS DE MEDELLIN E.S.P;.
CT-2015-000108-R1_;CT-2015-000108-R1 -040;ASGADR4FJYMVQAPKRHYMP9UDF12BFP;Historical;Desconocido;01985080;Desconocido;EMPRESAS PUBLICAS DE MEDELLIN E.S.P;2018/12/20 01:39:31 PM;;2026/02/16 05:15:04 AM;Autodesk Vault Professional;Desconocido;2237005;;3;EMPRESAS PUBLICAS DE MEDELLIN E.S.P;.
CT-2015-000108-R1_;CT-2015-000108-R1 -041;ASGADR4FJYMVQAPKRHZWP9UDGL2EHW;Historical;Desconocido;01980293;Desconocido;EMPRESAS PUBLICAS DE MEDELLIN E.S.P;2018/12/20 01:39:51 PM;;2026/02/16 05:15:14 AM;Autodesk Vault Professional;Desconocido;2246436;;10;EMPRESAS PUBLICAS DE MEDELLIN E.S.P;.
CT-2015-000114;CT-2015-000114-1;ASGADR4FJYMVQAPKBWDNP9ERR6VFCX;Historical;Desconocido;07986400;CONTROLES EMPRESARIALES;ESSA S.A. E.S.P.;2018/12/20 02:43:04 PM;2018/08/09 08:00:00 AM;2026/02/16 05:15:27 AM;CAL Suite Bridges for Office 365;CONTROLES EMPRESARIALES;CT-2015000114;;1027;ESSA S.A. E.S.P.;.
CT-2015-000114;CT-2015-000114-10;ASGADR4FJYMVQAPKBWDLP9ERR4VEZP;Historical;Desconocido;07986400;CONTROLES EMPRESARIALES;ESSA S.A. E.S.P.;2018/12/20 02:43:04 PM;2018/08/09 08:00:00 AM;2026/02/16 05:15:24 AM;Microsoft Office 365 ProPlus;CONTROLES EMPRESARIALES;CT-2015000114;Confidencial;900;ESSA S.A. E.S.P.;.
CT-2015-000114;CT-2015-000114-11;ASGADR4FJYMVQAPKBWDKP9ERR3VEW2;Historical;Desconocido;07986400;CONTROLES EMPRESARIALES;ESSA S.A. E.S.P.;2018/12/20 02:43:04 PM;2018/08/09 08:00:00 AM;2026/02/16 05:15:23 AM;Microsoft Project Professional 2010;CONTROLES EMPRESARIALES;CT-2015000114;Confidencial;114;ESSA S.A. E.S.P.;.
CT-2015-000114;CT-2015-000114-12;ASGADR4FJYMVQAPKBWDNP9ERR6VFCM;Historical;Desconocido;07986400;CONTROLES EMPRESARIALES;ESSA S.A. E.S.P.;2018/12/20 02:43:04 PM;2018/08/09 08:00:00 AM;2026/02/16 05:15:27 AM;Microsoft SQL;CONTROLES EMPRESARIALES;CT-2015000114;No aplica;5;ESSA S.A. E.S.P.;.
CT-2015-000114;CT-2015-000114-13;ASGADR4FJYMVQAPKBWDKP9ERR3VEXF;Historical;Desconocido;07986400;CONTROLES EMPRESARIALES;ESSA S.A. E.S.P.;2018/12/20 02:43:04 PM;2018/08/09 08:00:00 AM;2026/02/16 05:15:23 AM;Microsoft SQL Enterprice;CONTROLES EMPRESARIALES;CT-2015000114;No aplica;4;ESSA S.A. E.S.P.;.
CT-2015-000114;CT-2015-000114-14;ASGADR4FJYMVQAPKBWDLP9ERR4VEZZ;Historical;Desconocido;07986400;CONTROLES EMPRESARIALES;ESSA S.A. E.S.P.;2018/12/20 02:43:04 PM;2018/08/09 08:00:00 AM;2026/02/16 05:15:24 AM;System Center Datacenter;CONTROLES EMPRESARIALES;CT-2015000114;Confidencial;10;ESSA S.A. E.S.P.;.
CT-2015-000114;CT-2015-000114-15;ASGADR4FJYMVQAPKBWDNP9ERR6VFDF;Historical;Desconocido;07986400;CONTROLES EMPRESARIALES;ESSA S.A. E.S.P.;2018/12/20 02:43:04 PM;2018/08/09 08:00:00 AM;2026/02/16 05:15:27 AM;Microsoft Visio Professional 2013;CONTROLES EMPRESARIALES;CT-2015000114;Confidencial;6;ESSA S.A. E.S.P.;.
CT-2015-000114;CT-2015-000114-16;ASGADR4FJYMVQAPKBWDLP9ERR4VEY3;Historical;Desconocido;07986400;CONTROLES EMPRESARIALES;ESSA S.A. E.S.P.;2018/12/20 02:43:04 PM;2018/08/09 08:00:00 AM;2026/02/16 05:15:23 AM;Terminal Services Windows;CONTROLES EMPRESARIALES;CT-2015000114;Confidencial;335;ESSA S.A. E.S.P.;.
CT-2015-000114;CT-2015-000114-17;ASGADR4FJYMVQAPKBWDMP9ERR4VFAK;Historical;Desconocido;07986400;CONTROLES EMPRESARIALES;ESSA S.A. E.S.P.;2018/12/20 02:43:04 PM;2018/08/09 08:00:00 AM;2026/02/16 05:15:25 AM;Microsoft Windows Server Standard;CONTROLES EMPRESARIALES;CT-2015000114;Confidencial;44;ESSA S.A. E.S.P.;.
CT-2015-000114;CT-2015-000114-18;ASGADR4FJYMVQAPKBWDMP9ERR5VFBW;Historical;Desconocido;07986400;CONTROLES EMPRESARIALES;ESSA S.A. E.S.P.;2018/12/20 02:43:04 PM;2018/08/09 08:00:00 AM;2026/02/16 05:15:26 AM;Microsoft Lync;CONTROLES EMPRESARIALES;CT-2015000114;;28;ESSA S.A. E.S.P.;.
CT-2015-000114;CT-2015-000114-2;ASGADR4FJYMVQAPKBWDNP9ERR6VFDS;Historical;Desconocido;07986400;CONTROLES EMPRESARIALES;ESSA S.A. E.S.P.;2018/12/20 02:43:04 PM;2018/08/09 08:00:00 AM;2026/02/16 05:15:28 AM;Exchange Server Enterprise;CONTROLES EMPRESARIALES;CT-2015000114;Confidencial;2;ESSA S.A. E.S.P.;.
CT-2015-000114;CT-2015-000114-3;ASGADR4FJYMVQAPKBWDKP9ERR3VEVM;Historical;Desconocido;07986400;CONTROLES EMPRESARIALES;ESSA S.A. E.S.P.;2018/12/20 02:43:04 PM;2018/08/09 08:00:00 AM;2026/02/16 05:15:22 AM;Microsoft Lync Server;CONTROLES EMPRESARIALES;CT-2015000114;No aplica;31;ESSA S.A. E.S.P.;.
CT-2015-000114;CT-2015-000114-4;ASGADR4FJYMVQAPKBWDOP9ERR7VFEN;Historical;Desconocido;07986400;CONTROLES EMPRESARIALES;ESSA S.A. E.S.P.;2018/12/20 02:43:04 PM;2018/08/09 08:00:00 AM;2026/02/16 05:15:29 AM;Microsoft Lync Server;CONTROLES EMPRESARIALES;CT-2015000114;No aplica;24;ESSA S.A. E.S.P.;.
CT-2015-000114;CT-2015-000114-5;ASGADR4FJYMVQAPKBWDKP9ERR3VEWJ;Historical;Desconocido;07986400;CONTROLES EMPRESARIALES;ESSA S.A. E.S.P.;2018/12/20 02:43:04 PM;2018/08/09 08:00:00 AM;2026/02/16 05:15:22 AM;Microsoft Lync Server;CONTROLES EMPRESARIALES;CT-2015000114;No aplica;72;ESSA S.A. E.S.P.;.
CT-2015-000114;CT-2015-000114-6;ASGADR4FJYMVQAPKBWDMP9ERR5VFB1;Historical;Desconocido;07986400;CONTROLES EMPRESARIALES;ESSA S.A. E.S.P.;2018/12/20 02:43:04 PM;2018/08/09 08:00:00 AM;2026/02/16 05:15:26 AM;Microsoft Lync Server;CONTROLES EMPRESARIALES;CT-2015000114;No aplica;50;ESSA S.A. E.S.P.;.
CT-2015-000114;CT-2015-000114-7;ASGADR4FJYMVQAPKBWDNP9ERR6VFDJ;Historical;Desconocido;07986400;CONTROLES EMPRESARIALES;ESSA S.A. E.S.P.;2018/12/20 02:43:04 PM;2018/08/09 08:00:00 AM;2026/02/16 05:15:27 AM;Microsoft Lync Server;CONTROLES EMPRESARIALES;CT-2015000114;No aplica;50;ESSA S.A. E.S.P.;.
CT-2015-000114;CT-2015-000114-8;ASGADR4FJYMVQAPKBWDNP9ERR6VFDH;Historical;Desconocido;07986400;CONTROLES EMPRESARIALES;ESSA S.A. E.S.P.;2018/12/20 02:43:04 PM;2018/08/09 08:00:00 AM;2026/02/16 05:15:27 AM;Microsoft Lync Server;CONTROLES EMPRESARIALES;CT-2015000114;No aplica;800;ESSA S.A. E.S.P.;.
CT-2015-000114;CT-2015-000114-9;ASGADR4FJYMVQAPKBWDMP9ERR5VFBF;Historical;Desconocido;07986400;CONTROLES EMPRESARIALES;ESSA S.A. E.S.P.;2018/12/20 02:43:04 PM;2018/08/09 08:00:00 AM;2026/02/16 05:15:25 AM;Microsoft Office 365 E1;CONTROLES EMPRESARIALES;CT-2015000114;Confidencial;127;ESSA S.A. E.S.P.;.
CT-2015-000118;CT-2015-000118-1;ASGADR4FJYMVQAPKBWDNP9ERR6VFD2;Historical;Desconocido;02986400;ESRI COLOMBIA S.A.S.;CHEC S.A. E.S.P.;2018/12/20 02:43:04 PM;2016/09/09 08:00:00 AM;2026/02/16 05:15:27 AM;ArcGIS for Desktop;ESRI COLOMBIA S.A.S.;;;3;CHEC S.A. E.S.P.;.
CT-2015-000118;CT-2015-000118-2;ASGADR4FJYMVQAPKBWDLP9ERR4VEYF;Historical;Desconocido;02986400;ESRI COLOMBIA S.A.S.;CHEC S.A. E.S.P.;2018/12/20 02:43:04 PM;2016/09/09 08:00:00 AM;2026/02/16 05:15:23 AM;ArcGIS for Desktop;ESRI COLOMBIA S.A.S.;;;1;CHEC S.A. E.S.P.;.
CT-2015-000118;CT-2015-000118-3;ASGADR4FJYMVQAPKBWDLP9ERR4VEZ2;Historical;Desconocido;02986400;ESRI COLOMBIA S.A.S.;CHEC S.A. E.S.P.;2018/12/20 02:43:04 PM;2016/09/09 08:00:00 AM;2026/02/16 05:15:23 AM;ArcGIS for Desktop;ESRI COLOMBIA S.A.S.;;;7;CHEC S.A. E.S.P.;.
CT-2015-0001584;CT-2015-0001584-001;ASGADR4FJYMVQAPKRHYUP9UDF92BPJ;Executed;SAP;01989076;SAP;EMPRESAS PUBLICAS DE MEDELLIN E.S.P;2018/12/20 01:39:39 PM;2030/07/24 12:00:00 AM;2025/05/12 12:19:01 PM;HANA Studio;SAP;;;99;EMPRESAS PUBLICAS DE MEDELLIN E.S.P;.
CT-2015-000185;CT-2015-000185 -001;ASGADR4FJYMVQAPKRHYUP9UDF82BO3;Historical;Microsoft;01989080;CONTROLES EMPRESARIALES;EMPRESAS PUBLICAS DE MEDELLIN E.S.P;2018/12/20 01:39:39 PM;2021/12/31 12:00:00 AM;2026/02/16 05:15:06 AM;Microsoft Access 2010;CONTROLES EMPRESARIALES;;;20;EMPRESAS PUBLICAS DE MEDELLIN E.S.P;.
CT-2015-000185;CT-2015-000185 -002;ASGADR4FJYMVQAPKRHYYP9UDFN2CBL;Historical;Microsoft;01989080;CONTROLES EMPRESARIALES;EMPRESAS PUBLICAS DE MEDELLIN E.S.P;2018/12/20 01:39:39 PM;2021/12/31 12:00:00 AM;2026/02/16 05:15:06 AM;Microsoft Access 2013;CONTROLES EMPRESARIALES;;;14;EMPRESAS PUBLICAS DE MEDELLIN E.S.P;.
CT-2015-000185;CT-2015-000185 -003;ASGADR4FJYMVQAPKRHYVP9UDF92BQ4;Historical;Microsoft;01989080;CONTROLES EMPRESARIALES;EMPRESAS PUBLICAS DE MEDELLIN E.S.P;2018/12/20 01:39:39 PM;2021/12/31 12:00:00 AM;2026/02/16 05:15:08 AM;Microsoft Access 2013;CONTROLES EMPRESARIALES;;;3;EMPRESAS PUBLICAS DE MEDELLIN E.S.P;.
CT-2015-000185;CT-2015-000185 -004;ASGADR4FJYMVQAPKRHZBP9UDFP2CHE;Historical;Microsoft;01989080;CONTROLES EMPRESARIALES;EMPRESAS PUBLICAS DE MEDELLIN E.S.P;2018/12/20 01:39:39 PM;2021/12/31 12:00:00 AM;2026/02/16 05:15:07 AM;Microsoft BizTalk Server 2013 R2 Enterprise Edition;CONTROLES EMPRESARIALES;;;24;EMPRESAS PUBLICAS DE MEDELLIN E.S.P;.
CT-2015-000185;CT-2015-000185 -005;ASGADR4FJYMVQAPKRHYVP9UDFK2BR1;Historical;Microsoft;01989080;CONTROLES EMPRESARIALES;EMPRESAS PUBLICAS DE MEDELLIN E.S.P;2018/12/20 01:39:39 PM;2021/12/31 12:00:00 AM;2026/02/16 05:15:07 AM;CAL Suite Bridges for Office 365;CONTROLES EMPRESARIALES;;;7927;EMPRESAS PUBLICAS DE MEDELLIN E.S.P;.
CT-2015-000185;CT-2015-000185 -006;ASGADR4FJYMVQAPKRHYYP9UDFM2CAJ;Historical;Microsoft;01989080;CONTROLES EMPRESARIALES;EMPRESAS PUBLICAS DE MEDELLIN E.S.P;2018/12/20 01:39:39 PM;2021/12/31 12:00:00 AM;2026/02/16 05:15:11 AM;Microsoft Dynamics CRM Pro;CONTROLES EMPRESARIALES;;;61;EMPRESAS PUBLICAS DE MEDELLIN E.S.P;.
CT-2015-000185;CT-2015-000185 -007;ASGADR4FJYMVQAPKRHYTP9UDF72BLR;Historical;Microsoft;01989080;CONTROLES EMPRESARIALES;EMPRESAS PUBLICAS DE MEDELLIN E.S.P;2018/12/20 01:39:41 PM;2021/12/31 12:00:00 AM;2026/02/16 05:15:08 AM;Microsoft Dynamics CRM Essential;CONTROLES EMPRESARIALES;;;44;EMPRESAS PUBLICAS DE MEDELLIN E.S.P;.
CT-2015-000185;CT-2015-000185 -008;ASGADR4FJYMVQAPKRHZDP9UDFR2C14;Historical;Microsoft;01989080;CONTROLES EMPRESARIALES;EMPRESAS PUBLICAS DE MEDELLIN E.S.P;2018/12/20 01:39:39 PM;2021/12/31 12:00:00 AM;2026/02/16 05:15:10 AM;Microsoft Dynamics CRM Connection;CONTROLES EMPRESARIALES;;;1;EMPRESAS PUBLICAS DE MEDELLIN E.S.P;.
CT-2015-000185;CT-2015-000185 -009;ASGADR4FJYMVQAPKRHYPP9UDF32B0T;Historical;Microsoft;01989080;CONTROLES EMPRESARIALES;EMPRESAS PUBLICAS DE MEDELLIN E.S.P;2018/12/20 01:39:39 PM;2021/12/31 12:00:00 AM;2026/02/16 05:15:10 AM;Microsoft Dynamics CRM Essential;CONTROLES EMPRESARIALES;;;1;EMPRESAS PUBLICAS DE MEDELLIN E.S.P;.
CT-2015-000185;CT-2015-000185 -010;ASGADR4FJYMVQAPKRHYUP9UDF92BPB;Historical;Microsoft;01989080;CONTROLES EMPRESARIALES;EMPRESAS PUBLICAS DE MEDELLIN E.S.P;2018/12/20 01:39:39 PM;2021/12/31 12:00:00 AM;2026/02/16 05:15:06 AM;Microsoft Dynamics CRM;CONTROLES EMPRESARIALES;;;1;EMPRESAS PUBLICAS DE MEDELLIN E.S.P;.
CT-2015-000185;CT-2015-000185 -011;ASGADR4FJYMVQAPKRHYXP9UDFM2BZ8;Historical;Microsoft;01989080;CONTROLES EMPRESARIALES;EMPRESAS PUBLICAS DE MEDELLIN E.S.P;2018/12/20 01:39:39 PM;2021/12/31 12:00:00 AM;2026/02/16 05:15:11 AM;Microsoft Dynamics CRM;CONTROLES EMPRESARIALES;;;9;EMPRESAS PUBLICAS DE MEDELLIN E.S.P;.
CT-2015-000185;CT-2015-000185 -012;ASGADR4FJYMVQAPKRHZDP9UDFR2C1D;Historical;Microsoft;01989080;CONTROLES EMPRESARIALES;EMPRESAS PUBLICAS DE MEDELLIN E.S.P;2018/12/20 01:39:41 PM;2021/12/31 12:00:00 AM;2026/02/16 05:15:11 AM;Microsoft Dynamics CRM Pro;CONTROLES EMPRESARIALES;;;1266;EMPRESAS PUBLICAS DE MEDELLIN E.S.P;.
CT-2015-000185;CT-2015-000185 -013;ASGADR4FJYMVQAPKRHYUP9UDF92BP3;Historical;Microsoft;01989080;CONTROLES EMPRESARIALES;EMPRESAS PUBLICAS DE MEDELLIN E.S.P;2018/12/20 01:39:39 PM;2021/12/31 12:00:00 AM;2026/02/16 05:15:06 AM;Microsoft Dynamics CRM;CONTROLES EMPRESARIALES;;;4;EMPRESAS PUBLICAS DE MEDELLIN E.S.P;.
CT-2015-000185;CT-2015-000185 -014;ASGADR4FJYMVQAPKRHYOP9UDF22BJ0;Historical;Microsoft;01989080;CONTROLES EMPRESARIALES;EMPRESAS PUBLICAS DE MEDELLIN E.S.P;2018/12/20 01:39:39 PM;2021/12/31 12:00:00 AM;2026/02/16 05:15:09 AM;Exchange Server Enterprise;CONTROLES EMPRESARIALES;;;4;EMPRESAS PUBLICAS DE MEDELLIN E.S.P;.
CT-2015-000185;CT-2015-000185 -015;ASGADR4FJYMVQAPKRHYOP9UDF32BJN;Historical;Microsoft;01989080;CONTROLES EMPRESARIALES;EMPRESAS PUBLICAS DE MEDELLIN E.S.P;2018/12/20 01:39:39 PM;2021/12/31 12:00:00 AM;2026/02/16 05:15:09 AM;Forefront Identity Manager;CONTROLES EMPRESARIALES;;;8000;EMPRESAS PUBLICAS DE MEDELLIN E.S.P;.
CT-2015-000185;CT-2015-000185 -016;ASGADR4FJYMVQAPKRHYVP9UDF92BQI;Historical;Microsoft;01989080;CONTROLES EMPRESARIALES;EMPRESAS PUBLICAS DE MEDELLIN E.S.P;2018/12/20 01:39:39 PM;2021/12/31 12:00:00 AM;2026/02/16 05:15:07 AM;Microsoft InfoPath 2010;CONTROLES EMPRESARIALES;;;16;EMPRESAS PUBLICAS DE MEDELLIN E.S.P;.
CT-2015-000185;CT-2015-000185 -017;ASGADR4FJYMVQAPKRHYYP9UDFM2CAQ;Historical;Microsoft;01989080;CONTROLES EMPRESARIALES;EMPRESAS PUBLICAS DE MEDELLIN E.S.P;2018/12/20 01:39:39 PM;2021/12/31 12:00:00 AM;2026/02/16 05:15:06 AM;Microsoft InfoPath 2013;CONTROLES EMPRESARIALES;;;1;EMPRESAS PUBLICAS DE MEDELLIN E.S.P;.
CT-2015-000185;CT-2015-000185 -018;ASGADR4FJYMVQAPKRHZAP9UDFO2CEU;Historical;Microsoft;01989080;CONTROLES EMPRESARIALES;EMPRESAS PUBLICAS DE MEDELLIN E.S.P;2018/12/20 01:39:39 PM;2021/12/31 12:00:00 AM;2026/02/16 05:15:06 AM;Lync;CONTROLES EMPRESARIALES;;;7;EMPRESAS PUBLICAS DE MEDELLIN E.S.P;.
CT-2015-000185;CT-2015-000185 -019;ASGADR4FJYMVQAPKRHZBP9UDFQ2CI7;Historical;Microsoft;01989080;CONTROLES EMPRESARIALES;EMPRESAS PUBLICAS DE MEDELLIN E.S.P;2018/12/20 01:39:41 PM;2021/12/31 12:00:00 AM;2026/02/16 05:15:10 AM;Microsoft Office 365 ProPlus;CONTROLES EMPRESARIALES;;;7927;EMPRESAS PUBLICAS DE MEDELLIN E.S.P;.
CT-2015-000185;CT-2015-000185 -020;ASGADR4FJYMVQAPKRHYQP9UDF42B44;Historical;Microsoft;01989080;CONTROLES EMPRESARIALES;EMPRESAS PUBLICAS DE MEDELLIN E.S.P;2018/12/20 01:39:41 PM;2021/12/31 12:00:00 AM;2026/02/16 05:15:11 AM;Microsoft Office 365 ProPlus;CONTROLES EMPRESARIALES;;;1;EMPRESAS PUBLICAS DE MEDELLIN E.S.P;.
CT-2015-000185;CT-2015-000185 -021;ASGADR4FJYMVQAPKRHYQP9UDF42B4M;Historical;Microsoft;01989080;CONTROLES EMPRESARIALES;EMPRESAS PUBLICAS DE MEDELLIN E.S.P;2018/12/20 01:39:39 PM;2021/12/31 12:00:00 AM;2026/02/16 05:15:09 AM;Microsoft Office 365 ProPlus;CONTROLES EMPRESARIALES;;;25;EMPRESAS PUBLICAS DE MEDELLIN E.S.P;.
CT-2015-000185;CT-2015-000185 -022;ASGADR4FJYMVQAPKRHYPP9UDF42B3M;Historical;Microsoft;01989080;CONTROLES EMPRESARIALES;EMPRESAS PUBLICAS DE MEDELLIN E.S.P;2018/12/20 01:39:39 PM;2021/12/31 12:00:00 AM;2026/02/16 05:15:11 AM;Office 2010 Standard;CONTROLES EMPRESARIALES;;;3047;EMPRESAS PUBLICAS DE MEDELLIN E.S.P;.
CT-2015-000185;CT-2015-000185 -023;ASGADR4FJYMVQAPKRHYWP9UDFK2BTR;Historical;Microsoft;01989080;CONTROLES EMPRESARIALES;EMPRESAS PUBLICAS DE MEDELLIN E.S.P;2018/12/20 01:39:39 PM;2021/12/31 12:00:00 AM;2026/02/16 05:15:11 AM;Microsoft Office 365 ProPlus;CONTROLES EMPRESARIALES;;;220;EMPRESAS PUBLICAS DE MEDELLIN E.S.P;.
CT-2015-000185;CT-2015-000185 -024;ASGADR4FJYMVQAPKRHYQP9UDF52B5E;Historical;Microsoft;01989080;CONTROLES EMPRESARIALES;EMPRESAS PUBLICAS DE MEDELLIN E.S.P;2018/12/20 01:39:39 PM;2021/12/31 12:00:00 AM;2026/02/16 05:15:09 AM;One Note 2010;CONTROLES EMPRESARIALES;;;26;EMPRESAS PUBLICAS DE MEDELLIN E.S.P;.
CT-2015-000185;CT-2015-000185 -025;ASGADR4FJYMVQAPKRHYRP9UDF52B6R;Historical;microsoft;01989080;CONTROLES EMPRESARIALES;EMPRESAS PUBLICAS DE MEDELLIN E.S.P;2018/12/20 01:39:39 PM;2021/12/31 12:00:00 AM;2026/02/16 05:15:10 AM;Microsoft Office Publisher (English) 2010;CONTROLES EMPRESARIALES;;;1;EMPRESAS PUBLICAS DE MEDELLIN E.S.P;.
CT-2015-000185;CT-2015-000185 -027;ASGADR4FJYMVQAPKRHYPP9UDF42B31;Historical;Microsoft;01989080;CONTROLES EMPRESARIALES;EMPRESAS PUBLICAS DE MEDELLIN E.S.P;2018/12/20 01:39:39 PM;2021/12/31 12:00:00 AM;2026/02/16 05:15:11 AM;Microsoft Project Standard 2010;CONTROLES EMPRESARIALES;;;115;EMPRESAS PUBLICAS DE MEDELLIN E.S.P;.
CT-2015-000185;CT-2015-000185 -028;ASGADR4FJYMVQAPKRHYSP9UDF72BKK;Historical;Microsoft;01989080;CONTROLES EMPRESARIALES;EMPRESAS PUBLICAS DE MEDELLIN E.S.P;2018/12/20 01:39:41 PM;2021/12/31 12:00:00 AM;2026/02/16 05:15:07 AM;Office Project 2013 Standard;CONTROLES EMPRESARIALES;;;73;EMPRESAS PUBLICAS DE MEDELLIN E.S.P;.
CT-2015-000185;CT-2015-000185 -029;ASGADR4FJYMVQAPKRHYVP9UDFK2BSK;Historical;Microsoft;01989080;CONTROLES EMPRESARIALES;EMPRESAS PUBLICAS DE MEDELLIN E.S.P;2018/12/20 01:39:39 PM;2021/12/31 12:00:00 AM;2026/02/16 05:15:10 AM;Microsoft Project Standard 2016;CONTROLES EMPRESARIALES;;;30;EMPRESAS PUBLICAS DE MEDELLIN E.S.P;.
CT-2015-000185;CT-2015-000185 -030;ASGADR4FJYMVQAPKRHYZP9UDFO2CDC;Historical;Microsoft;01989080;CONTROLES EMPRESARIALES;EMPRESAS PUBLICAS DE MEDELLIN E.S.P;2018/12/20 01:39:41 PM;2021/12/31 12:00:00 AM;2026/02/16 05:15:07 AM;Microsoft Project Profesional 2010;CONTROLES EMPRESARIALES;;;19;EMPRESAS PUBLICAS DE MEDELLIN E.S.P;.
CT-2015-000185;CT-2015-000185 -031;ASGADR4FJYMVQAPKRHZBP9UDFQ2CIF;Historical;Microsoft;01989080;CONTROLES EMPRESARIALES;EMPRESAS PUBLICAS DE MEDELLIN E.S.P;2018/12/20 01:39:41 PM;2021/12/31 12:00:00 AM;2026/02/16 05:15:09 AM;Microsoft Project Server;CONTROLES EMPRESARIALES;;;3;EMPRESAS PUBLICAS DE MEDELLIN E.S.P;.
CT-2015-000185;CT-2015-000185 -032;ASGADR4FJYMVQAPKRHYVP9UDFK2BRO;Historical;Microsoft;01989080;CONTROLES EMPRESARIALES;EMPRESAS PUBLICAS DE MEDELLIN E.S.P;2018/12/20 01:39:39 PM;2021/12/31 12:00:00 AM;2026/02/16 05:15:07 AM;Microsoft Project Server;CONTROLES EMPRESARIALES;;;122;EMPRESAS PUBLICAS DE MEDELLIN E.S.P;.
CT-2015-000185;CT-2015-000185 -033;ASGADR4FJYMVQAPKRHYRP9UDF52B74;Historical;Microsoft;01989080;CONTROLES EMPRESARIALES;EMPRESAS PUBLICAS DE MEDELLIN E.S.P;2018/12/20 01:39:39 PM;2021/12/31 12:00:00 AM;2026/02/16 05:15:10 AM;Project Pro SA;CONTROLES EMPRESARIALES;;;341;EMPRESAS PUBLICAS DE MEDELLIN E.S.P;.
CT-2015-000185;CT-2015-000185 -034;ASGADR4FJYMVQAPKRHYPP9UDF32B2N;Historical;Microsoft;01989080;CONTROLES EMPRESARIALES;EMPRESAS PUBLICAS DE MEDELLIN E.S.P;2018/12/20 01:39:39 PM;2021/12/31 12:00:00 AM;2026/02/16 05:15:11 AM;Microsoft Exchange Standard CAL;CONTROLES EMPRESARIALES;;;9;EMPRESAS PUBLICAS DE MEDELLIN E.S.P;.
CT-2015-000185;CT-2015-000185 -035;ASGADR4FJYMVQAPKRHYTP9UDF72BL4;Historical;Microsoft;01989080;CONTROLES EMPRESARIALES;EMPRESAS PUBLICAS DE MEDELLIN E.S.P;2018/12/20 01:39:41 PM;2021/12/31 12:00:00 AM;2026/02/16 05:15:08 AM;Skype for Business Server  Standard CAL;CONTROLES EMPRESARIALES;;;1;EMPRESAS PUBLICAS DE MEDELLIN E.S.P;.
CT-2015-000185;CT-2015-000185 -036;ASGADR4FJYMVQAPKRHZAP9UDFP2CFV;Historical;Microsoft;01989080;CONTROLES EMPRESARIALES;EMPRESAS PUBLICAS DE MEDELLIN E.S.P;2018/12/20 01:39:41 PM;2021/12/31 12:00:00 AM;2026/02/16 05:15:09 AM;Microsoft Skype for Business ServerPlus CAL;CONTROLES EMPRESARIALES;;;6109;EMPRESAS PUBLICAS DE MEDELLIN E.S.P;.
CT-2015-000185;CT-2015-000185 -037;ASGADR4FJYMVQAPKRHYRP9UDF52B7D;Historical;Microsoft;01989080;CONTROLES EMPRESARIALES;EMPRESAS PUBLICAS DE MEDELLIN E.S.P;2018/12/20 01:39:39 PM;2021/12/31 12:00:00 AM;2026/02/16 05:15:10 AM;SharePoint Designer;CONTROLES EMPRESARIALES;;;8;EMPRESAS PUBLICAS DE MEDELLIN E.S.P;.
CT-2015-000185;CT-2015-000185 -038;ASGADR4FJYMVQAPKRHZDP9UDFR2C0Z;Historical;Microsoft;01989080;CONTROLES EMPRESARIALES;EMPRESAS PUBLICAS DE MEDELLIN E.S.P;2018/12/20 01:39:41 PM;2021/12/31 12:00:00 AM;2026/02/16 05:15:11 AM;Microsoft SQL Enterprice;CONTROLES EMPRESARIALES;;;123;EMPRESAS PUBLICAS DE MEDELLIN E.S.P;.
CT-2015-000185;CT-2015-000185 -039;ASGADR4FJYMVQAPKRHZAP9UDFO2CEI;Historical;Microsoft;01989080;CONTROLES EMPRESARIALES;EMPRESAS PUBLICAS DE MEDELLIN E.S.P;2018/12/20 01:39:39 PM;2021/12/31 12:00:00 AM;2026/02/16 05:15:06 AM;System Center Datacenter;CONTROLES EMPRESARIALES;;;61;EMPRESAS PUBLICAS DE MEDELLIN E.S.P;.
CT-2015-000185;CT-2015-000185 -040;ASGADR4FJYMVQAPKRHZDP9UDFR2C1J;Historical;Microsoft;01989080;CONTROLES EMPRESARIALES;EMPRESAS PUBLICAS DE MEDELLIN E.S.P;2018/12/20 01:39:39 PM;2021/12/31 12:00:00 AM;2026/02/16 05:15:09 AM;Microsoft System Center 2012 - Service Manager;CONTROLES EMPRESARIALES;;;206;EMPRESAS PUBLICAS DE MEDELLIN E.S.P;.
CT-2015-000185;CT-2015-000185 -041;ASGADR4FJYMVQAPKRHYXP9UDFM2BZB;Historical;Microsoft;01989080;CONTROLES EMPRESARIALES;EMPRESAS PUBLICAS DE MEDELLIN E.S.P;2018/12/20 01:39:39 PM;2021/12/31 12:00:00 AM;2026/02/16 05:15:05 AM;Visio Pro 2010;CONTROLES EMPRESARIALES;;;8;EMPRESAS PUBLICAS DE MEDELLIN E.S.P;.
CT-2015-000185;CT-2015-000185 -042;ASGADR4FJYMVQAPKRHYSP9UDF72BLC;Historical;Microsoft;01989080;CONTROLES EMPRESARIALES;EMPRESAS PUBLICAS DE MEDELLIN E.S.P;2018/12/20 01:39:41 PM;2021/12/31 12:00:00 AM;2026/02/16 05:15:07 AM;Visio Pro 2010;CONTROLES EMPRESARIALES;;;1;EMPRESAS PUBLICAS DE MEDELLIN E.S.P;.
CT-2015-000185;CT-2015-000185 -043;ASGADR4FJYMVQAPKRHYPP9UDF42B3J;Historical;Microsoft;01989080;CONTROLES EMPRESARIALES;EMPRESAS PUBLICAS DE MEDELLIN E.S.P;2018/12/20 01:39:41 PM;2021/12/31 12:00:00 AM;2026/02/16 05:15:11 AM;Visio Pro 2013;CONTROLES EMPRESARIALES;;;13;EMPRESAS PUBLICAS DE MEDELLIN E.S.P;.
CT-2015-000185;CT-2015-000185 -044;ASGADR4FJYMVQAPKRHYUP9UDF82BNV;Historical;Microsoft;01989080;CONTROLES EMPRESARIALES;EMPRESAS PUBLICAS DE MEDELLIN E.S.P;2018/12/20 01:39:39 PM;2021/12/31 12:00:00 AM;2026/02/16 05:15:06 AM;Office Visio 2016 Professional;CONTROLES EMPRESARIALES;;;6;EMPRESAS PUBLICAS DE MEDELLIN E.S.P;.
CT-2015-000185;CT-2015-000185 -045;ASGADR4FJYMVQAPKRHZCP9UDFR2C0N;Historical;Microsoft;01989080;CONTROLES EMPRESARIALES;EMPRESAS PUBLICAS DE MEDELLIN E.S.P;2018/12/20 01:39:41 PM;2021/12/31 12:00:00 AM;2026/02/16 05:15:11 AM;Microsoft Visio Standard 2010;CONTROLES EMPRESARIALES;;;29;EMPRESAS PUBLICAS DE MEDELLIN E.S.P;.
CT-2015-000185;CT-2015-000185 -046;ASGADR4FJYMVQAPKRHZCP9UDFQ2CIO;Historical;Microsoft;01989080;CONTROLES EMPRESARIALES;EMPRESAS PUBLICAS DE MEDELLIN E.S.P;2018/12/20 01:39:39 PM;2021/12/31 12:00:00 AM;2026/02/16 05:15:08 AM;Visio Std 2013;CONTROLES EMPRESARIALES;;;4;EMPRESAS PUBLICAS DE MEDELLIN E.S.P;.
CT-2015-000185;CT-2015-000185 -047;ASGADR4FJYMVQAPKRHYQP9UDF42B45;Historical;Microsoft;01989080;CONTROLES EMPRESARIALES;EMPRESAS PUBLICAS DE MEDELLIN E.S.P;2018/12/20 01:39:39 PM;2021/12/31 12:00:00 AM;2026/02/16 05:15:08 AM;Microsoft Visual Studio Enterprise SA;CONTROLES EMPRESARIALES;;;17;EMPRESAS PUBLICAS DE MEDELLIN E.S.P;.
CT-2015-000185;CT-2015-000185 -049;ASGADR4FJYMVQAPKRHYVP9UDFK2BSD;Historical;Microsoft;01989080;CONTROLES EMPRESARIALES;EMPRESAS PUBLICAS DE MEDELLIN E.S.P;2018/12/20 01:39:41 PM;2021/12/31 12:00:00 AM;2026/02/16 05:15:11 AM;Microsoft Visual Studio Professional SA;CONTROLES EMPRESARIALES;;;83;EMPRESAS PUBLICAS DE MEDELLIN E.S.P;.
CT-2015-000185;CT-2015-000185 -051;ASGADR4FJYMVQAPKRHYXP9UDFL2BYO;Historical;Microsoft;01989080;CONTROLES EMPRESARIALES;EMPRESAS PUBLICAS DE MEDELLIN E.S.P;2018/12/20 01:39:39 PM;2021/12/31 12:00:00 AM;2026/02/16 05:15:11 AM;WinPro solutions;CONTROLES EMPRESARIALES;;;13;EMPRESAS PUBLICAS DE MEDELLIN E.S.P;.
CT-2015-000185;CT-2015-000185 -052;ASGADR4FJYMVQAPKRHYQP9UDF42B4V;Historical;Microsoft;01989080;CONTROLES EMPRESARIALES;EMPRESAS PUBLICAS DE MEDELLIN E.S.P;2018/12/20 01:39:41 PM;2021/12/31 12:00:00 AM;2026/02/16 05:15:12 AM;WinPro solutions;CONTROLES EMPRESARIALES;;;4;EMPRESAS PUBLICAS DE MEDELLIN E.S.P;.
CT-2015-000185;CT-2015-000185 -053;ASGADR4FJYMVQAPKRHYVP9UDFK2BSA;Historical;Microsoft;01989080;CONTROLES EMPRESARIALES;EMPRESAS PUBLICAS DE MEDELLIN E.S.P;2018/12/20 01:39:39 PM;2021/12/31 12:00:00 AM;2026/02/16 05:15:08 AM;Windows Remote Desktop Server CAL por Usuario;CONTROLES EMPRESARIALES;;;2159;EMPRESAS PUBLICAS DE MEDELLIN E.S.P;.
CT-2015-000185;CT-2015-000185 -054;ASGADR4FJYMVQAPKRHYVP9UDF92BQQ;Historical;Microsoft;01989080;CONTROLES EMPRESARIALES;EMPRESAS PUBLICAS DE MEDELLIN E.S.P;2018/12/20 01:39:39 PM;2021/12/31 12:00:00 AM;2026/02/16 05:15:08 AM;Windows Server Datacenter;CONTROLES EMPRESARIALES;;;61;EMPRESAS PUBLICAS DE MEDELLIN E.S.P;.
CT-2015-000185;CT-2015-000185 -055;ASGADR4FJYMVQAPKRHYWP9UDFL2BXA;Historical;Microsoft;01989080;CONTROLES EMPRESARIALES;EMPRESAS PUBLICAS DE MEDELLIN E.S.P;2018/12/20 01:39:39 PM;2021/12/31 12:00:00 AM;2026/02/16 05:15:05 AM;Windows Server Standard Core;CONTROLES EMPRESARIALES;;;220;EMPRESAS PUBLICAS DE MEDELLIN E.S.P;.
CT-2015-000185;CT-2015-000185 -056;ASGADR4FJYMVQAPKRHYZP9UDFO2CEB;Historical;Microsoft;01989080;CONTROLES EMPRESARIALES;EMPRESAS PUBLICAS DE MEDELLIN E.S.P;2018/12/20 01:39:41 PM;2021/12/31 12:00:00 AM;2026/02/16 05:15:08 AM;Project Pro SA;CONTROLES EMPRESARIALES;;;47;EMPRESAS PUBLICAS DE MEDELLIN E.S.P;.
CT-2015-000185;CT-2015-000185 -057;ASGADR4FJYMVQAPKRHYVP9UDF92BRD;Historical;Microsoft;01989080;CONTROLES EMPRESARIALES;EMPRESAS PUBLICAS DE MEDELLIN E.S.P;2018/12/20 01:39:41 PM;2021/12/31 12:00:00 AM;2026/02/16 05:15:11 AM;Visio Pro 2016;CONTROLES EMPRESARIALES;;;5;EMPRESAS PUBLICAS DE MEDELLIN E.S.P;.
CT-2015-000209;CT-2015-000209-01;ASGADR4FJYMVQAPKRHZ3P9UDGB2DB2;Historical;Desconocido;Unallocated;Desconocido;ESSA S.A. E.S.P.;2018/12/20 02:04:15 PM;2017/11/30 03:28:00 PM;2026/02/16 05:15:14 AM;TRBOnet Plus;Desconocido;;;6;EMPRESAS PUBLICAS DE MEDELLIN E.S.P;.
ct-2015-000212;ct-2015-000212-1;ASGADR4FJYMVQAPKBWDKP9ERR3VEWE;Historical;Desconocido;07986400;COMPUFACIL S.A.;ESSA S.A. E.S.P.;2018/12/20 02:43:04 PM;2017/12/16 08:00:00 AM;2026/02/16 05:15:22 AM;Citrix XenDesktop Enterprise;COMPUFACIL S.A.;ct-2015-000212;LA-0001440306-86555 LA-0001685951-40045;520;ESSA S.A. E.S.P.;.
CT-2015-000216_;CT-2015-000216 -001;ASGADR4FJYMVQAPKRHYWP9UDFK2BTU;Historical;Desconocido;01989080;Desconocido;EMPRESAS PUBLICAS DE MEDELLIN E.S.P;2018/12/20 01:39:41 PM;;2026/02/16 05:15:11 AM;SPSS Statistics;Desconocido;;;4;EMPRESAS PUBLICAS DE MEDELLIN E.S.P;.
CT-2015-000216_;CT-2015-000216 -002;ASGADR4FJYMVQAPKRHZBP9UDFQ2CHZ;Historical;Desconocido;01989080;Desconocido;EMPRESAS PUBLICAS DE MEDELLIN E.S.P;2018/12/20 01:39:39 PM;;2026/02/16 05:15:08 AM;SPSS Statistics;Desconocido;;;1;EMPRESAS PUBLICAS DE MEDELLIN E.S.P;.
CT-2015-000216_;CT-2015-000216 -003;ASGADR4FJYMVQAPKRHYOP9UDF32B0G;Historical;Desconocido;01989080;Desconocido;EMPRESAS PUBLICAS DE MEDELLIN E.S.P;2018/12/20 01:39:39 PM;;2026/02/16 05:15:10 AM;SPSS Statistics;Desconocido;;;2;EMPRESAS PUBLICAS DE MEDELLIN E.S.P;.
CT-2015-000216_;CT-2015-000216 -004;ASGADR4FJYMVQAPKRHYYP9UDFN2CB4;Historical;Desconocido;01989080;Desconocido;EMPRESAS PUBLICAS DE MEDELLIN E.S.P;2018/12/20 01:39:41 PM;;2026/02/16 05:15:07 AM;SPSS Statistics;Desconocido;;;2;EMPRESAS PUBLICAS DE MEDELLIN E.S.P;.
CT-2015-000216_;CT-2015-000216 -005;ASGADR4FJYMVQAPKRHYZP9UDFN2CCX;Historical;Desconocido;01989080;Desconocido;EMPRESAS PUBLICAS DE MEDELLIN E.S.P;2018/12/20 01:39:41 PM;;2026/02/16 05:15:07 AM;SPSS Statistics;Desconocido;;;3;EMPRESAS PUBLICAS DE MEDELLIN E.S.P;.
CT-2015-000216_;CT-2015-000216 -006;ASGADR4FJYMVQAPKRHYSP9UDF72BKW;Historical;Desconocido;01989080;Desconocido;EMPRESAS PUBLICAS DE MEDELLIN E.S.P;2018/12/20 01:39:41 PM;;2026/02/16 05:15:07 AM;SPSS Statistics;Desconocido;;;2;EMPRESAS PUBLICAS DE MEDELLIN E.S.P;.
CT-2015-000216_;CT-2015-000216 -007;ASGADR4FJYMVQAPKRHZDP9UDFS2C1X;Historical;Desconocido;01989080;Desconocido;EMPRESAS PUBLICAS DE MEDELLIN E.S.P;2018/12/20 01:39:39 PM;;2026/02/16 05:15:10 AM;SPSS Statistics;Desconocido;;;1;EMPRESAS PUBLICAS DE MEDELLIN E.S.P;.
CT-2015-000226;CT-2015-000226-1;ASGADR4FJYMVQAPKBWDNP9ERR6VFC9;Historical;Desconocido;07986400;GEOSPATIAL;ESSA S.A. E.S.P.;2018/12/20 02:43:04 PM;2018/12/15 08:00:00 AM;2026/02/16 05:15:27 AM;Autodesk Infrastructure Map Server;GEOSPATIAL;CT-2015-000226;129H1-WWR211-1701;10;ESSA S.A. E.S.P.;.
CT-2015-000240;CT-2015-000240-1;ASGADR4FJYMVQAPKBWDMP9ERR5VFBQ;Historical;Desconocido;07986400;SOFTNET S.A.;ESSA S.A. E.S.P.;2018/12/20 02:43:04 PM;2018/12/28 08:00:00 AM;2026/02/16 05:15:26 AM;McAfee Server Security ;SOFTNET S.A.;CT-2015-000240;No aplica;22;ESSA S.A. E.S.P.;.
CT-2015-000240;CT-2015-000240-2;ASGADR4FJYMVQAPKBWDLP9ERR4VEZD;Historical;Desconocido;07986400;SOFTNET S.A.;ESSA S.A. E.S.P.;2018/12/20 02:43:04 PM;2018/12/28 08:00:00 AM;2026/02/16 05:15:24 AM;McAfee Agent;SOFTNET S.A.;CT-2015-000240;;1300;ESSA S.A. E.S.P.;.
CT-2015-000241;CT-2015-000241-01;ASGADR4FJYMVQAPKBWDNP9ERR6VFDQ;Historical;Desconocido;07986400;COTEL S.A.;ESSA S.A. E.S.P.;2018/12/20 02:43:04 PM;2018/03/17 03:36:00 PM;2026/02/16 05:15:28 AM;StruxureWare Data Center Expert;COTEL S.A.;CT-2015-000241;;2;ESSA S.A. E.S.P.;.
CT-2015-000246;CT-2015-000246-1;ASGADR4FJYMVQAPKBWDNP9ERR6VFCO;Historical;Desconocido;07986400;IEB INGENIERÍA ESPECIALIZADA S.A.;ESSA S.A. E.S.P.;2018/12/20 02:43:04 PM;2019/01/04 08:00:00 AM;2026/02/16 05:15:27 AM;DIgSILENT PowerFactory BASE;IEB INGENIERÍA ESPECIALIZADA S.A.;CT-2015-000246;2011.0825.2 A;4;ESSA S.A. E.S.P.;.
CT-2015-000246;CT-2015-000246-2;ASGADR4FJYMVQAPKBWDNP9ERR6VFDO;Historical;Desconocido;07986400;IEB INGENIERÍA ESPECIALIZADA S.A.;ESSA S.A. E.S.P.;2018/12/20 02:43:04 PM;2019/01/04 08:00:00 AM;2026/02/16 05:15:28 AM;DIgSILENT PowerFactory BASE PACKGE+PROTECTION FUNC;IEB INGENIERÍA ESPECIALIZADA S.A.;CT-2015-000246;2011.0825.2 D;1;ESSA S.A. E.S.P.;.
CT-2015-000246;CT-2015-000246-3;ASGADR4FJYMVQAPKBWDLP9ERR4VEYW;Historical;Desconocido;07986400;IEB INGENIERÍA ESPECIALIZADA S.A.;ESSA S.A. E.S.P.;2018/12/20 02:43:04 PM;2019/01/04 08:00:00 AM;2026/02/16 05:15:24 AM;DIgSILENT PowerFactory BASE PACKGE+RELIABILITI ANA;IEB INGENIERÍA ESPECIALIZADA S.A.;CT-2015-000246;2011.0825.2 C;1;ESSA S.A. E.S.P.;.
CT-2015-000246;CT-2015-000246-4;ASGADR4FJYMVQAPKBWDKP9ERR3VEVW;Historical;Desconocido;07986400;IEB INGENIERÍA ESPECIALIZADA S.A.;ESSA S.A. E.S.P.;2018/12/20 02:43:04 PM;2019/01/04 08:00:00 AM;2026/02/16 05:15:22 AM;DIgSILENT PowerFactory BASE PACKGE+STABILITI ANALY;IEB INGENIERÍA ESPECIALIZADA S.A.;CT-2015-000246;2011.0825.2 B;1;ESSA S.A. E.S.P.;.
CT-2015-000289;CT-2015-000289-01;ASGADR4FJYMVQAPKRHZ2P9UDGB2DAU;Historical;Desconocido;Unallocated;IMECTRO PROCESOS INDUSTRIALES LTDA.;CENS S.A. E.S.P.;2018/12/20 02:18:22 PM;;2026/02/16 05:15:18 AM;NEXOPLUS TRANSACTION SERVER;IMECTRO PROCESOS INDUSTRIALES LTDA.;;;9999;EMPRESAS PUBLICAS DE MEDELLIN E.S.P;.
CT-2015-000333;CT-2015-000333-1;ASGADR4FJYMVQAPKBWDLP9ERR4VEZX;Historical;Desconocido;05986400;CONTROLES EMPRESARIALES LTDA;CENS S.A. E.S.P.;2018/12/20 02:43:04 PM;2018/12/10 08:00:00 AM;2026/02/16 05:15:24 AM;Exchange Server  Standard;CONTROLES EMPRESARIALES LTDA;;;500;CENS S.A. E.S.P.;.
CT-2015-000333;CT-2015-000333-10;ASGADR4FJYMVQAPKBWDMP9ERR5VFB3;Historical;Desconocido;05986400;CONTROLES EMPRESARIALES LTDA;CENS S.A. E.S.P.;2018/12/20 02:43:04 PM;2018/12/10 08:00:00 AM;2026/02/16 05:15:25 AM;Forefront Identity Manager;CONTROLES EMPRESARIALES LTDA;;;500;CENS S.A. E.S.P.;.
CT-2015-000333;CT-2015-000333-11;ASGADR4FJYMVQAPKBWDOP9ERR7VFEO;Historical;Desconocido;05986400;CONTROLES EMPRESARIALES LTDA;CENS S.A. E.S.P.;2018/12/20 02:43:04 PM;2018/12/10 08:00:00 AM;2026/02/16 05:15:29 AM;Skype for Business Server Enterprise;CONTROLES EMPRESARIALES LTDA;;;438;CENS S.A. E.S.P.;.
CT-2015-000333;CT-2015-000333-12;ASGADR4FJYMVQAPKBWDMP9ERR4VFA8;Historical;Desconocido;05986400;CONTROLES EMPRESARIALES LTDA;CENS S.A. E.S.P.;2018/12/20 02:43:04 PM;2018/12/10 08:00:00 AM;2026/02/16 05:15:24 AM;Skype for Business Server Enterprise;CONTROLES EMPRESARIALES LTDA;;;62;CENS S.A. E.S.P.;.
CT-2015-000333;CT-2015-000333-13;ASGADR4FJYMVQAPKBWDOP9ERR7VFE5;Historical;Desconocido;05986400;CONTROLES EMPRESARIALES LTDA;CENS S.A. E.S.P.;2018/12/20 02:43:04 PM;2018/12/10 08:00:00 AM;2026/02/16 05:15:28 AM;Microsoft Windows Remote Desktop Server;CONTROLES EMPRESARIALES LTDA;;;50;CENS S.A. E.S.P.;.
CT-2015-000333;CT-2015-000333-14;ASGADR4FJYMVQAPKBWDOP9ERR7VFE7;Historical;Desconocido;05986400;CONTROLES EMPRESARIALES LTDA;CENS S.A. E.S.P.;2018/12/20 02:43:04 PM;2018/12/10 08:00:00 AM;2026/02/16 05:15:28 AM;Microsoft Windows Server Datacenter;CONTROLES EMPRESARIALES LTDA;;;2;CENS S.A. E.S.P.;.
CT-2015-000333;CT-2015-000333-2;ASGADR4FJYMVQAPKBWDLP9ERR4VEY4;Historical;Desconocido;05986400;CONTROLES EMPRESARIALES LTDA;CENS S.A. E.S.P.;2018/12/20 02:43:04 PM;2018/12/10 08:00:00 AM;2026/02/16 05:15:23 AM;Skype for Business Server  Standard;CONTROLES EMPRESARIALES LTDA;;;438;CENS S.A. E.S.P.;.
CT-2015-000333;CT-2015-000333-3;ASGADR4FJYMVQAPKBWDNP9ERR6VFDW;Historical;Desconocido;05986400;CONTROLES EMPRESARIALES LTDA;CENS S.A. E.S.P.;2018/12/20 02:43:04 PM;2018/12/10 08:00:00 AM;2026/02/16 05:15:28 AM;Skype for Business Server  Standard;CONTROLES EMPRESARIALES LTDA;;;62;CENS S.A. E.S.P.;.
CT-2015-000333;CT-2015-000333-4;ASGADR4FJYMVQAPKBWDOP9ERR7VFEK;Historical;Desconocido;05986400;CONTROLES EMPRESARIALES LTDA;CENS S.A. E.S.P.;2018/12/20 02:43:04 PM;2018/12/10 08:00:00 AM;2026/02/16 05:15:28 AM;Microsoft SharePoint Designer;CONTROLES EMPRESARIALES LTDA;;;500;CENS S.A. E.S.P.;.
CT-2015-000333;CT-2015-000333-5;ASGADR4FJYMVQAPKBWDKP9ERR3VEWH;Historical;Desconocido;05986400;CONTROLES EMPRESARIALES LTDA;CENS S.A. E.S.P.;2018/12/20 02:43:04 PM;2018/12/10 08:00:00 AM;2026/02/16 05:15:22 AM;System Center Configuration Manager;CONTROLES EMPRESARIALES LTDA;;;500;CENS S.A. E.S.P.;.
CT-2015-000333;CT-2015-000333-6;ASGADR4FJYMVQAPKBWDNP9ERR5VFC1;Historical;Desconocido;05986400;CONTROLES EMPRESARIALES LTDA;CENS S.A. E.S.P.;2018/12/20 02:43:04 PM;2018/12/10 08:00:00 AM;2026/02/16 05:15:26 AM;Microsoft Windows Server;CONTROLES EMPRESARIALES LTDA;;;500;CENS S.A. E.S.P.;.
CT-2015-000333;CT-2015-000333-7;ASGADR4FJYMVQAPKBWDMP9ERR4VFAG;Historical;Desconocido;05986400;CONTROLES EMPRESARIALES LTDA;CENS S.A. E.S.P.;2018/12/20 02:43:04 PM;2018/12/10 08:00:00 AM;2026/02/16 05:15:24 AM;Skype for Business Server  Standard;CONTROLES EMPRESARIALES LTDA;;;500;CENS S.A. E.S.P.;.
CT-2015-000333;CT-2015-000333-8;ASGADR4FJYMVQAPKBWDOP9ERR7VFEM;Historical;Desconocido;05986400;CONTROLES EMPRESARIALES LTDA;CENS S.A. E.S.P.;2018/12/20 02:43:04 PM;2018/12/10 08:00:00 AM;2026/02/16 05:15:28 AM;Exchange Server Enterprise;CONTROLES EMPRESARIALES LTDA;;;330;CENS S.A. E.S.P.;.
CT-2015-000333;CT-2015-000333-9;ASGADR4FJYMVQAPKBWDLP9ERR4VEYQ;Historical;Desconocido;05986400;CONTROLES EMPRESARIALES LTDA;CENS S.A. E.S.P.;2018/12/20 02:43:04 PM;2018/12/10 08:00:00 AM;2026/02/16 05:15:23 AM;Exchange Server Enterprise;CONTROLES EMPRESARIALES LTDA;;;170;CENS S.A. E.S.P.;.
CT-2015-000334-R1;CT-2015-000334-R1-01;ASGADR4FJYMVQAPKRHZWP9UDGL2EI0;Historical;Desconocido;Unallocated;CONTROLES EMPRESARIALES LTDA.;CENS S.A. E.S.P.;2018/12/20 02:18:20 PM;2018/11/30 12:00:00 AM;2026/02/16 05:15:16 AM;Microsoft Office 365 ProPlus;CONTROLES EMPRESARIALES LTDA.;;;689;EMPRESAS PUBLICAS DE MEDELLIN E.S.P;.
CT-2015-000334-R1;CT-2015-000334-R1-02;ASGADR4FJYMVQAPKRHZYP9UDGM2E0R;Executed;Desconocido;Unallocated;CONTROLES EMPRESARIALES LTDA.;CENS S.A. E.S.P.;2018/12/20 02:18:24 PM;;2019/01/03 03:06:38 PM;Microsoft Office 365 ProPlus;CONTROLES EMPRESARIALES LTDA.;;;70;EMPRESAS PUBLICAS DE MEDELLIN E.S.P;.
CT-2015-00065;CT-2015-00065-1;ASGADR4FJYMVQAPKBWDNP9ERR6VFD1;Historical;Desconocido;07986400;ORACLE;ESSA S.A. E.S.P.;2018/12/20 02:43:04 PM;2018/08/16 08:00:00 AM;2026/02/16 05:15:27 AM;JD Edwards EnterpriseOne;ORACLE;CT-2015-00065;No aplica;330;ESSA S.A. E.S.P.;.
CT-2015-001374;CT-2015-001374-001;ASGFDND9B5J2CARVL2UGRVL2UGVGH0;Executed;Schneider Electric;01337384;SCHNEIDER ELECTRIC DE COLOMBIA S.A;EMPRESAS PUBLICAS DE MEDELLIN E.S.P;2023/06/01 03:29:12 PM;2036/01/01 12:00:00 AM;2025/05/12 12:19:01 PM;Power Monitoring Expert;SCHNEIDER ELECTRIC DE COLOMBIA S.A;;;1;EMPRESAS PUBLICAS DE MEDELLIN E.S.P;.
CT-2015-00537;CT-2015-00537-001;ASGADR4FJYMVQAPKRHY9P9UDFI2AYC;Executed;Adobe Inc.;01989070;Desconocido;EMPRESAS PUBLICAS DE MEDELLIN E.S.P;2018/12/20 01:39:37 PM;;2019/01/03 03:06:23 PM;EViews;Desconocido;159855;;5;EMPRESAS PUBLICAS DE MEDELLIN E.S.P;.
CT-2015-137;CT-2015-137-1;ASGADR4FJYMVQAPKBWDOP9ERR6VFDY;Executed;Desconocido;06986400;GIT LTDA;EDEQ S.A. E.S.P.;2018/12/20 02:43:04 PM;;2019/01/03 03:06:29 PM;ERA;GIT LTDA;;;13;EDEQ S.A. E.S.P.;.
CT-2015-139;CT-2015-139-1;ASGADR4FJYMVQAPKBWDNP9ERR6VFD9;Executed;Desconocido;06986400;MICROSOFT;EDEQ S.A. E.S.P.;2018/12/20 02:43:04 PM;;2019/01/03 03:06:29 PM;Exchange Server  Standard;MICROSOFT;;;1;EDEQ S.A. E.S.P.;.
CT-2015-139;CT-2015-139-10;ASGADR4FJYMVQAPKBWDNP9ERR6VFDG;Executed;Desconocido;06986400;MICROSOFT;EDEQ S.A. E.S.P.;2018/12/20 02:43:04 PM;;2019/01/03 03:06:28 PM;Microsoft SQL Standard;MICROSOFT;;;18;EDEQ S.A. E.S.P.;.
CT-2015-139;CT-2015-139-11;ASGADR4FJYMVQAPKBWDLP9ERR4VEYR;Executed;Desconocido;06986400;MICROSOFT;EDEQ S.A. E.S.P.;2018/12/20 02:43:04 PM;;2019/01/03 03:06:30 PM;System Center Configuration Manager;MICROSOFT;;;400;EDEQ S.A. E.S.P.;.
CT-2015-139;CT-2015-139-12;ASGADR4FJYMVQAPKBWDLP9ERR4VEZM;Executed;Desconocido;06986400;MICROSOFT;EDEQ S.A. E.S.P.;2018/12/20 02:43:04 PM;;2019/01/03 03:06:30 PM;System Center Endpoint Protection;MICROSOFT;;;400;EDEQ S.A. E.S.P.;.
CT-2015-139;CT-2015-139-13;ASGADR4FJYMVQAPKBWDOP9ERR6VFEG;Executed;Desconocido;06986400;MICROSOFT;EDEQ S.A. E.S.P.;2018/12/20 02:43:04 PM;;2019/01/03 03:06:29 PM;Microsoft Visio Professional 2010;MICROSOFT;;;1;EDEQ S.A. E.S.P.;.
CT-2015-139;CT-2015-139-14;ASGADR4FJYMVQAPKBWDOP9ERR7VFE8;Executed;Desconocido;06986400;MICROSOFT;EDEQ S.A. E.S.P.;2018/12/20 02:43:04 PM;;2019/01/03 03:06:26 PM;Microsoft Windows Remote Desktop Server;MICROSOFT;;;20;EDEQ S.A. E.S.P.;.
CT-2015-139;CT-2015-139-15;ASGADR4FJYMVQAPKBWDLP9ERR4VEY5;Executed;Desconocido;06986400;MICROSOFT;EDEQ S.A. E.S.P.;2018/12/20 02:43:04 PM;;2019/01/03 03:06:29 PM;Microsoft Windows Server  Standard;MICROSOFT;;;13;EDEQ S.A. E.S.P.;.
CT-2015-139;CT-2015-139-16;ASGADR4FJYMVQAPKBWDLP9ERR4VEXV;Executed;Desconocido;06986400;MICROSOFT;EDEQ S.A. E.S.P.;2018/12/20 02:43:04 PM;;2019/01/03 03:06:29 PM;Microsoft Windows Server;MICROSOFT;;;430;EDEQ S.A. E.S.P.;.
CT-2015-139;CT-2015-139-17;ASGADR4FJYMVQAPKBWDNP9ERR6VFD6;Executed;Desconocido;06986400;MICROSOFT;EDEQ S.A. E.S.P.;2018/12/20 02:43:04 PM;;2019/01/03 03:06:29 PM;Microsoft Windows Server Datacenter;MICROSOFT;;;6;EDEQ S.A. E.S.P.;.
CT-2015-139;CT-2015-139-2;ASGADR4FJYMVQAPKBWDLP9ERR4VEYI;Executed;Desconocido;06986400;MICROSOFT;EDEQ S.A. E.S.P.;2018/12/20 02:43:04 PM;;2019/01/03 03:06:29 PM;Forefront Identity Manager;MICROSOFT;;;1;EDEQ S.A. E.S.P.;.
CT-2015-139;CT-2015-139-3;ASGADR4FJYMVQAPKBWDLP9ERR4VEYY;Executed;Desconocido;06986400;MICROSOFT;EDEQ S.A. E.S.P.;2018/12/20 02:43:04 PM;;2019/01/03 03:06:30 PM;Microsoft Office 365 ProPlus;MICROSOFT;;;400;EDEQ S.A. E.S.P.;.
CT-2015-139;CT-2015-139-4;ASGADR4FJYMVQAPKBWDOP9ERR6VFEC;Executed;Desconocido;06986400;MICROSOFT;EDEQ S.A. E.S.P.;2018/12/20 02:43:04 PM;;2019/01/03 03:06:29 PM;Microsoft Office 365 ProPlus;MICROSOFT;;;20;EDEQ S.A. E.S.P.;.
CT-2015-139;CT-2015-139-5;ASGADR4FJYMVQAPKBWDLP9ERR4VEZ5;Executed;Desconocido;06986400;MICROSOFT;EDEQ S.A. E.S.P.;2018/12/20 02:43:04 PM;;2019/01/03 03:06:30 PM;Microsoft Project Standard 2010;MICROSOFT;;;25;EDEQ S.A. E.S.P.;.
CT-2015-139;CT-2015-139-6;ASGADR4FJYMVQAPKBWDOP9ERR7VFE3;Executed;Desconocido;06986400;MICROSOFT;EDEQ S.A. E.S.P.;2018/12/20 02:43:04 PM;;2019/01/03 03:06:30 PM;Microsoft Office 365 ProPlus;MICROSOFT;;;50;EDEQ S.A. E.S.P.;.
CT-2015-139;CT-2015-139-7;ASGADR4FJYMVQAPKBWDLP9ERR4VEZT;Executed;Desconocido;06986400;MICROSOFT;EDEQ S.A. E.S.P.;2018/12/20 02:43:04 PM;;2019/01/03 03:06:30 PM;Skype for Business Server;MICROSOFT;;;1;EDEQ S.A. E.S.P.;.
CT-2015-139;CT-2015-139-8;ASGADR4FJYMVQAPKBWDLP9ERR4VEZH;Executed;Desconocido;06986400;MICROSOFT;EDEQ S.A. E.S.P.;2018/12/20 02:43:04 PM;;2019/01/03 03:06:30 PM;Skype for Business Server Enterprise;MICROSOFT;;;50;EDEQ S.A. E.S.P.;.
CT-2015-139;CT-2015-139-9;ASGADR4FJYMVQAPKBWDLP9ERR4VEYE;Executed;Desconocido;06986400;MICROSOFT;EDEQ S.A. E.S.P.;2018/12/20 02:43:04 PM;;2019/01/03 03:06:29 PM;Skype for Business Server  Standard;MICROSOFT;;;50;EDEQ S.A. E.S.P.;.
CT-2015-87-R1;CT-2015-87-R1-1;ASGADR4FJYMVQAPKBWDOP9ERR7VFEJ;Executed;Desconocido;06986400;ENERGY COMPUTER SYSTEMS LTDA.;EDEQ S.A. E.S.P.;2018/12/20 02:43:04 PM;;2019/01/03 03:06:29 PM;SPARD;ENERGY COMPUTER SYSTEMS LTDA.;;;8;EDEQ S.A. E.S.P.;.
CT-2016-000002;CT-2016-000002 -1;ASGADR4FJYMVQAPKBWDNP9ERR6VFCS;Executed;Desconocido;02986500;REACTIVA SOPORTE Y DESARROLLO S.A.S.;CHEC S.A. E.S.P.;2018/12/20 02:43:04 PM;;2019/01/03 03:06:29 PM;Iris Software;REACTIVA SOPORTE Y DESARROLLO S.A.S.;;;1;CHEC S.A. E.S.P.;.
CT-2016-000007;CT-2016-000007-01;ASGADR4FJYMVQAPKRHZ5P9UDGD2DER;Historical;Desconocido;Unallocated;SCHNEIDER ELECTRIC DE COLOMBIA S.A;CENS S.A. E.S.P.;2018/12/20 02:35:10 PM;2017/07/22 12:00:00 AM;2026/02/16 05:15:22 AM;ION Enterprise;SCHNEIDER ELECTRIC DE COLOMBIA S.A;;;2;EMPRESAS PUBLICAS DE MEDELLIN E.S.P;.
CT-2016-000016;CT-2016-000016-1;ASGADR4FJYMVQAPKBWDLP9ERR4VEYD;Historical;Desconocido;02986400;ORACLE COLOMBIA LTDA._2;CHEC S.A. E.S.P.;2018/12/20 02:43:04 PM;2018/02/18 08:00:00 AM;2026/02/16 05:15:23 AM;Oracle Change Management Pack;ORACLE COLOMBIA LTDA._2;;;92;CHEC S.A. E.S.P.;.
CT-2016-000016;CT-2016-000016-10;ASGADR4FJYMVQAPKBWDMP9ERR5VFBN;Historical;Desconocido;02986400;ORACLE COLOMBIA LTDA._2;CHEC S.A. E.S.P.;2018/12/20 02:43:04 PM;2018/02/18 08:00:00 AM;2026/02/16 05:15:26 AM;Oracle Database Enterprise Edition;ORACLE COLOMBIA LTDA._2;;;96;CHEC S.A. E.S.P.;.
CT-2016-000016;CT-2016-000016-11;ASGADR4FJYMVQAPKBWDLP9ERR4VEYG;Historical;Desconocido;02986400;ORACLE COLOMBIA LTDA._2;CHEC S.A. E.S.P.;2018/12/20 02:43:04 PM;2018/02/18 08:00:00 AM;2026/02/16 05:15:23 AM;Oracle Database Standard Edition;ORACLE COLOMBIA LTDA._2;;;16;CHEC S.A. E.S.P.;.
CT-2016-000016;CT-2016-000016-12;ASGADR4FJYMVQAPKBWDMP9ERR5VFC0;Historical;Desconocido;02986400;ORACLE COLOMBIA LTDA._2;CHEC S.A. E.S.P.;2018/12/20 02:43:04 PM;2018/02/18 08:00:00 AM;2026/02/16 05:15:26 AM;Oracle Database Standard Edition;ORACLE COLOMBIA LTDA._2;;;6;CHEC S.A. E.S.P.;.
CT-2016-000016;CT-2016-000016-13;ASGADR4FJYMVQAPKBWDLP9ERR4VEYV;Historical;Desconocido;02986400;ORACLE COLOMBIA LTDA._2;CHEC S.A. E.S.P.;2018/12/20 02:43:04 PM;2018/02/18 08:00:00 AM;2026/02/16 05:15:24 AM;Oracle forms;ORACLE COLOMBIA LTDA._2;;;13;CHEC S.A. E.S.P.;.
CT-2016-000016;CT-2016-000016-14;ASGADR4FJYMVQAPKBWDNP9ERR6VFCT;Historical;Desconocido;02986400;ORACLE COLOMBIA LTDA._2;CHEC S.A. E.S.P.;2018/12/20 02:43:04 PM;2018/02/18 08:00:00 AM;2026/02/16 05:15:27 AM;Oracle Partitioning;ORACLE COLOMBIA LTDA._2;;;1;CHEC S.A. E.S.P.;.
CT-2016-000016;CT-2016-000016-15;ASGADR4FJYMVQAPKBWDLP9ERR4VEYX;Historical;Desconocido;02986400;ORACLE COLOMBIA LTDA._2;CHEC S.A. E.S.P.;2018/12/20 02:43:04 PM;2018/02/18 08:00:00 AM;2026/02/16 05:15:24 AM;Oracle Tuning management pack;ORACLE COLOMBIA LTDA._2;;;2;CHEC S.A. E.S.P.;.
CT-2016-000016;CT-2016-000016-16;ASGADR4FJYMVQAPKBWDNP9ERR6VFDM;Historical;Desconocido;02986400;ORACLE COLOMBIA LTDA._2;CHEC S.A. E.S.P.;2018/12/20 02:43:04 PM;2018/02/18 08:00:00 AM;2026/02/16 05:15:27 AM;Oracle Tuning management pack;ORACLE COLOMBIA LTDA._2;;;92;CHEC S.A. E.S.P.;.
CT-2016-000016;CT-2016-000016-2;ASGADR4FJYMVQAPKBWDKP9ERR3VEVR;Historical;Desconocido;02986400;ORACLE COLOMBIA LTDA._2;CHEC S.A. E.S.P.;2018/12/20 02:43:04 PM;2018/02/18 08:00:00 AM;2026/02/16 05:15:22 AM;Oracle Change Management Pack;ORACLE COLOMBIA LTDA._2;;;2;CHEC S.A. E.S.P.;.
CT-2016-000016;CT-2016-000016-3;ASGADR4FJYMVQAPKBWDOP9ERR6VFEA;Historical;Desconocido;02986400;ORACLE COLOMBIA LTDA._2;CHEC S.A. E.S.P.;2018/12/20 02:43:04 PM;2018/02/18 08:00:00 AM;2026/02/16 05:15:27 AM;Oracle Diagnostic Management Pack;ORACLE COLOMBIA LTDA._2;;;2;CHEC S.A. E.S.P.;.
CT-2016-000016;CT-2016-000016-4;ASGADR4FJYMVQAPKBWDKP9ERR3VEWS;Historical;Desconocido;02986400;ORACLE COLOMBIA LTDA._2;CHEC S.A. E.S.P.;2018/12/20 02:43:04 PM;2018/02/18 08:00:00 AM;2026/02/16 05:15:22 AM;Oracle Diagnostic Management Pack;ORACLE COLOMBIA LTDA._2;;;92;CHEC S.A. E.S.P.;.
CT-2016-000016;CT-2016-000016-5;ASGADR4FJYMVQAPKBWDLP9ERR4VEXY;Historical;Desconocido;02986400;ORACLE COLOMBIA LTDA._2;CHEC S.A. E.S.P.;2018/12/20 02:43:04 PM;2018/02/18 08:00:00 AM;2026/02/16 05:15:23 AM;Oracle Internet Application Server Enterprise Edition;ORACLE COLOMBIA LTDA._2;;;1;CHEC S.A. E.S.P.;.
CT-2016-000016;CT-2016-000016-6;ASGADR4FJYMVQAPKBWDLP9ERR4VEYP;Historical;Desconocido;02986400;ORACLE COLOMBIA LTDA._2;CHEC S.A. E.S.P.;2018/12/20 02:43:04 PM;2018/02/18 08:00:00 AM;2026/02/16 05:15:24 AM;JD Edwards EnterpriseOne;ORACLE COLOMBIA LTDA._2;;;340;CHEC S.A. E.S.P.;.
CT-2016-000016;CT-2016-000016-7;ASGADR4FJYMVQAPKBWDMP9ERR5VFBT;Historical;Desconocido;02986400;ORACLE COLOMBIA LTDA._2;CHEC S.A. E.S.P.;2018/12/20 02:43:04 PM;2018/02/18 08:00:00 AM;2026/02/16 05:15:26 AM;GoldenGate;ORACLE COLOMBIA LTDA._2;;;2;CHEC S.A. E.S.P.;.
CT-2016-000016;CT-2016-000016-8;ASGADR4FJYMVQAPKBWDMP9ERR5VFBA;Historical;Desconocido;02986400;ORACLE COLOMBIA LTDA._2;CHEC S.A. E.S.P.;2018/12/20 02:43:04 PM;2018/02/18 08:00:00 AM;2026/02/16 05:15:25 AM;RDA - Software;ORACLE COLOMBIA LTDA._2;;;423;CHEC S.A. E.S.P.;.
CT-2016-000016;CT-2016-000016-9;ASGADR4FJYMVQAPKBWDMP9ERR4VFAC;Historical;Desconocido;02986400;ORACLE COLOMBIA LTDA._2;CHEC S.A. E.S.P.;2018/12/20 02:43:04 PM;2018/02/18 08:00:00 AM;2026/02/16 05:15:24 AM;Oracle Database Enterprise Edition;ORACLE COLOMBIA LTDA._2;;;2;CHEC S.A. E.S.P.;.
CT-2016-000018-R1;CT-2016-000018-R1-001;ASGADR4FJYMVQAQF0UCLQE2YRIF748;Historical;Desconocido;Unallocated;ORACLE COLOMBIA LTDA.;EDEQ S.A. E.S.P.;2020/02/06 04:25:33 PM;2020/02/01 12:00:00 AM;2026/02/16 05:15:34 AM;Oracle HCM PBCS;ORACLE COLOMBIA LTDA.;;;300;EMPRESAS PUBLICAS DE MEDELLIN E.S.P;.
CT-2016-000051;CT-2016-000051-1;ASGADR4FJYMVQAPKBWDMP9ERR5VFB2;Historical;Desconocido;07986400;PRIMESTONE;ESSA S.A. E.S.P.;2018/12/20 02:43:04 PM;2017/06/17 08:00:00 AM;2026/02/16 05:15:26 AM;PrimeRead ES;PRIMESTONE;CT-2016-000051;;1500;ESSA S.A. E.S.P.;.
Ct-2016-000059;Ct-2016-000059-1;ASGADR4FJYMVQAPKBWDOP9ERR7VFEI;Historical;Desconocido;02986400;TECHNOLOGY PARTNERS;CHEC S.A. E.S.P.;2018/12/20 02:43:04 PM;2017/04/13 08:00:00 AM;2026/02/16 05:15:28 AM;McAfee Agent;TECHNOLOGY PARTNERS;;;1150;CHEC S.A. E.S.P.;.
CT-2016000090;CT-2016000090-1;ASGADR4FJYMVQAPKBWDKP9ERR3VEVZ;Executed;Desconocido;02986400;DATA & SERVICES;CHEC S.A. E.S.P.;2018/12/20 02:51:00 PM;;2019/01/03 03:17:45 PM;Cisco Systems VPN Client;DATA & SERVICES;;;0;CHEC S.A. E.S.P.;.
CT-2016-000103;CT-2016-000103 -1;ASGADR4FJYMVQAPKBW6WP9ESEPVGFI;Historical;Desconocido;02986400;HMV INGENIEROS LTDA.;CHEC S.A. E.S.P.;2018/12/20 02:51:03 PM;2016/07/14 08:00:00 AM;2026/02/16 05:15:30 AM;PLS-CADD;HMV INGENIEROS LTDA.;;;1;CHEC S.A. E.S.P.;.
CT-2016-000123;CT-2016-000123 -1;ASGADR4FJYMVQAPKBWDLP9ERR4VEZC;Historical;Desconocido;02986400;SUMMAN S.A.S;CHEC S.A. E.S.P.;2018/12/20 02:43:04 PM;2017/07/24 08:00:00 AM;2026/02/16 05:15:24 AM;Linux Red Hat;SUMMAN S.A.S;;;11;CHEC S.A. E.S.P.;.
CT-2016-000128;CT-2016-000128-1;ASGADR4FJYMVQAPKRIABP9UDGP2E6V;Historical;Desconocido;Unallocated;MEGASOFT LTDA.;EDEQ S.A. E.S.P.;2018/12/20 02:18:20 PM;2017/09/12 11:45:00 AM;2026/02/16 05:15:17 AM;Renovacion licencias NEON;MEGASOFT LTDA.;CT-2016-000128;;1;EMPRESAS PUBLICAS DE MEDELLIN E.S.P;.
CT-2016-000165;CT-2016-000165;ASGADR4FJYMVQAPKRHZ9P9UDGI2D4G;Historical;Desconocido;Unallocated;HMV INGENIEROS LTDA.;CENS S.A. E.S.P.;2018/12/20 02:18:20 PM;;2026/02/16 05:15:17 AM;ABB;HMV INGENIEROS LTDA.;;;999999;EMPRESAS PUBLICAS DE MEDELLIN E.S.P;.
CT-2016-000206;CT-2016-000206-01;ASGADR4FJYMVQAPKRHZ9P9UDGI2D4K;Historical;Desconocido;Unallocated;PRODUCEL INGENIEROS LTDA.;CENS S.A. E.S.P.;2018/12/20 02:18:24 PM;2016/12/31 12:00:00 AM;2026/02/16 05:15:20 AM;iQ+ Master Station;PRODUCEL INGENIEROS LTDA.;O4 43516;;9999;EMPRESAS PUBLICAS DE MEDELLIN E.S.P;.
CT-2016-000797_;CT-2016-000797 -001;ASGADR4FJYMVQAPKRHYSP9UDF72BKI;Historical;Desconocido;01989080;Desconocido;EMPRESAS PUBLICAS DE MEDELLIN E.S.P;2018/12/20 01:39:41 PM;;2026/02/16 05:15:07 AM;HAMMER;Desconocido;;;1;EMPRESAS PUBLICAS DE MEDELLIN E.S.P;.
CT-2016-000797_;CT-2016-000797 -002;ASGADR4FJYMVQAPKRHZAP9UDFP2CGA;Historical;Desconocido;01989080;Desconocido;EMPRESAS PUBLICAS DE MEDELLIN E.S.P;2018/12/20 01:39:41 PM;;2026/02/16 05:15:09 AM;MicroStation;Desconocido;;;25;EMPRESAS PUBLICAS DE MEDELLIN E.S.P;.
CT-2016-000797_;CT-2016-000797 -003;ASGADR4FJYMVQAPKRHYTP9UDF82BNF;Historical;Desconocido;01989080;Desconocido;EMPRESAS PUBLICAS DE MEDELLIN E.S.P;2018/12/20 01:39:41 PM;;2026/02/16 05:15:09 AM;SewerGEMS;Desconocido;;;2;EMPRESAS PUBLICAS DE MEDELLIN E.S.P;.
CT-2016-000797_;CT-2016-000797 -004;ASGADR4FJYMVQAPKRHYZP9UDFN2CCJ;Historical;Desconocido;01989080;Desconocido;EMPRESAS PUBLICAS DE MEDELLIN E.S.P;2018/12/20 01:39:41 PM;;2026/02/16 05:15:07 AM;SewerGEMS;Desconocido;;;1;EMPRESAS PUBLICAS DE MEDELLIN E.S.P;.
CT-2016-000797_;CT-2016-000797 -005;ASGADR4FJYMVQAPKRHYVP9UDFK2BS5;Historical;Desconocido;01989080;Desconocido;EMPRESAS PUBLICAS DE MEDELLIN E.S.P;2018/12/20 01:39:41 PM;;2026/02/16 05:15:11 AM;WaterGEMS;Desconocido;;;2;EMPRESAS PUBLICAS DE MEDELLIN E.S.P;.
CT-2016-000797_;CT-2016-000797 -006;ASGADR4FJYMVQAPKRHZAP9UDFP2CFL;Historical;Desconocido;01989080;Desconocido;EMPRESAS PUBLICAS DE MEDELLIN E.S.P;2018/12/20 01:39:39 PM;;2026/02/16 05:15:07 AM;WaterGEMS;Desconocido;;;8;EMPRESAS PUBLICAS DE MEDELLIN E.S.P;.
CT-2016-000797_;CT-2016-000797 -007;ASGADR4FJYMVQAPKRHYWP9UDFL2BWO;Historical;Desconocido;01989080;Desconocido;EMPRESAS PUBLICAS DE MEDELLIN E.S.P;2018/12/20 01:39:39 PM;;2026/02/16 05:15:10 AM;WaterGEMS;Desconocido;;;2;EMPRESAS PUBLICAS DE MEDELLIN E.S.P;.
CT-2016-000797_;CT-2016-000797 -008;ASGADR4FJYMVQAPKRHYPP9UDF42B3O;Historical;Desconocido;01989080;Desconocido;EMPRESAS PUBLICAS DE MEDELLIN E.S.P;2018/12/20 01:39:39 PM;;2026/02/16 05:15:08 AM;WaterGEMS;Desconocido;;;2;EMPRESAS PUBLICAS DE MEDELLIN E.S.P;.
CT-2016-002699;CT-2016-002699;ASGADR4FJYMVQAPKRHZUP9UDG82EDW;Executed;CorelDRAW;Unallocated;POLCO S.A.;EMPRESAS PUBLICAS DE MEDELLIN E.S.P;2018/12/20 02:18:22 PM;;2019/01/03 03:06:32 PM;Metrohm tiamo;POLCO S.A.;172681;;1;EMPRESAS PUBLICAS DE MEDELLIN E.S.P;.
CT-2016-43;CT-2016-43-1;ASGADR4FJYMVQAPKBWDNP9ERR6VFD3;Executed;Desconocido;06986400;Desconocido;EDEQ S.A. E.S.P.;2018/12/20 02:43:04 PM;;2019/01/03 03:06:28 PM;DIgSILENT PowerFactory  Server;Desconocido;;;1;EDEQ S.A. E.S.P.;.
CT-2017-000007;CT-2017-000007-001;ASGA9TAFB7LH4AQF0ST9QE2X0KT2TZ;Historical;Desconocido;Unallocated;MULTISOFT LTDA.;EDEQ S.A. E.S.P.;2020/02/06 03:58:01 PM;2020/01/01 12:00:00 AM;2026/02/16 05:15:35 AM;Mcafee Cliente Protection;MULTISOFT LTDA.;;;500;EDEQ S.A. E.S.P.;.
CT-2017-000011;CT-2017-000011-R1;ASGADR4FJYMVQAPKRHZBP9UDFQ2CHN;Historical;Desconocido;Unallocated;IAC INGENIEIRA ASISTIDA POR COMPUTADOR S.A.S.;EDEQ S.A. E.S.P.;2018/12/20 02:35:10 PM;2018/03/09 04:50:00 AM;2026/02/16 05:15:22 AM;Autodesk AutoCAD Map 3D;IAC INGENIEIRA ASISTIDA POR COMPUTADOR S.A.S.;CT-2017-000011;;1;EMPRESAS PUBLICAS DE MEDELLIN E.S.P;.
CT-2017-000011-R1;CT-2017-000011-R1-1;ASGADR4FJYMVQAPKRHZUP9UDG92EEM;Historical;Desconocido;Unallocated;IAC INGENIEIRA ASISTIDA POR COMPUTADOR S.A.S.;EDEQ S.A. E.S.P.;2018/12/20 02:18:24 PM;2018/03/09 04:50:00 AM;2026/02/16 05:15:21 AM;Autodesk Infrastructure Map Server;IAC INGENIEIRA ASISTIDA POR COMPUTADOR S.A.S.;CT-2017-000011 ;;1;EMPRESAS PUBLICAS DE MEDELLIN E.S.P;.
CT-2017-000017-R1;CT-2017-000017-R1-01;ASGADR4FJYMVQAPKRHZUP9UDG82ED5;Historical;Desconocido;Unallocated;MULTISOFT S.A.S;CENS S.A. E.S.P.;2018/12/20 02:18:24 PM;2019/04/15 03:40:00 PM;2026/02/16 05:15:21 AM;McAfee Agent;MULTISOFT S.A.S;;;54;EMPRESAS PUBLICAS DE MEDELLIN E.S.P;.
CT-2017-000017-R1;CT-2017-000017-R1-02;ASGADR4FJYMVQAPKRHZ5P9UDGD2DF6;Historical;Desconocido;Unallocated;MULTISOFT S.A.S;CENS S.A. E.S.P.;2018/12/20 02:18:22 PM;2019/04/15 03:51:00 PM;2026/02/16 05:15:20 AM;McAfee Agent;MULTISOFT S.A.S;;;150;EMPRESAS PUBLICAS DE MEDELLIN E.S.P;.
CT-2017-000017-R1;CT-2017-000017-R1-03;ASGADR4FJYMVQAPKRHZSP9UDG72EB2;Historical;Desconocido;Unallocated;MULTISOFT S.A.S;CENS S.A. E.S.P.;2018/12/20 02:18:20 PM;2019/04/15 03:56:00 PM;2026/02/16 05:15:18 AM;McAfee Agent;MULTISOFT S.A.S;;;706;EMPRESAS PUBLICAS DE MEDELLIN E.S.P;.
CT-2017-000050;CT-2017-000050-01;ASGADR4FJYMVQAPKRHZ8P9UDGG2D0Q;Historical;Desconocido;Unallocated;COMPEL S.A.;CENS S.A. E.S.P.;2018/12/20 02:18:20 PM;;2026/02/16 05:15:16 AM;AutoCAD;COMPEL S.A.;;;9999;EMPRESAS PUBLICAS DE MEDELLIN E.S.P;.
CT-2017-000063;CT-2017-000063-01;ASGADR4FJYMVQAPKBWDMP9ERR4VFA2;Historical;Desconocido;07337100;Desconocido;ESSA S.A. E.S.P.;2018/12/20 02:43:04 PM;2018/08/15 10:58:00 AM;2026/02/16 05:15:25 AM;PRTG Network Monitor;Desconocido;CT-2017-000063;;1;ESSA S.A. E.S.P.;.
CT-2017-000120;CT-2017-000120;ASGADR4FJYMVQAPKRHZKP9UDGI2D50;Historical;Desconocido;Unallocated;Desconocido;EDEQ S.A. E.S.P.;2018/12/20 02:04:15 PM;2018/12/06 04:07:00 PM;2026/02/16 05:15:14 AM;STRUXUREWARE POWER MONITOR;Desconocido;CT-2017-000120;;1;EMPRESAS PUBLICAS DE MEDELLIN E.S.P;.
CT-206269;CT-206269-1;ASGADR4FJYMVQAPKRHZRP9UDG62DY4;Historical;Desconocido;Unallocated;Desconocido;FUNDACION EPM;2018/12/20 02:04:15 PM;2018/02/15 04:44:00 PM;2026/02/16 05:15:14 AM;Deep Freeze Cloud Subscription License;Desconocido;;;22;EMPRESAS PUBLICAS DE MEDELLIN E.S.P;.
CT-2297-A124;CT-2297-A124-1;ASGADR4FJYMVQAPKBWDLP9ERR4VEYL;Executed;Desconocido;06986400;EPM;EDEQ S.A. E.S.P.;2018/12/20 02:43:04 PM;;2019/01/03 03:06:29 PM;Mar - Mar Movil;EPM;;;1;EDEQ S.A. E.S.P.;.
CT-2430-1763-2013;CT-2430-1763-2013-1;ASGADR4FJYMVQAPKRHZ4P9UDGC2DDK;Historical;Desconocido;Unallocated;Desconocido;CENS S.A. E.S.P.;2018/12/20 01:39:51 PM;;2026/02/16 05:15:13 AM;Nextiva Control Center;Desconocido;;;9999;EMPRESAS PUBLICAS DE MEDELLIN E.S.P;.
CT-Fundacion;CT-Fundacion-1;ASGADR4FJYMVQAPKRSPMP9UNW04HJ6;Executed;ADOBE SYSTEMS INCORPORATED;AD-104;Desconocido;FUNDACION EPM;2019/01/03 02:44:28 PM;;2019/03/27 05:06:11 PM;Adobe Acrobat 8 Professional;Desconocido;;;1;EMPRESAS PUBLICAS DE MEDELLIN E.S.P;.
CT-Fundacion;CT-Fundacion-2;ASGADR4FJYMVQAPKRSPGP9UNVV4HEI;Executed;Desconocido;AD-104;Desconocido;FUNDACION EPM;2019/01/03 02:44:23 PM;;2019/03/27 05:06:11 PM;Adobe Acrobat 9 Standard;Desconocido;;;1;EMPRESAS PUBLICAS DE MEDELLIN E.S.P;.
CT-Fundacion;CT-Fundacion-3;ASGADR4FJYMVQAPKRSPHP9UNVW4HEV;Executed;Desconocido;AD-104;Desconocido;FUNDACION EPM;2019/01/03 02:44:28 PM;;2019/03/27 05:06:11 PM;Adobe Creative Suite 4 Master Collection;Desconocido;;;1;EMPRESAS PUBLICAS DE MEDELLIN E.S.P;.
CT-Fundacion;CT-Fundacion-4;ASGADR4FJYMVQAPKRHZ7P9UDGF2DJG;Executed;Desconocido;PY-105;Desconocido;FUNDACION EPM;2019/01/03 02:44:21 PM;;2019/03/27 05:06:11 PM;OfficeMacStd 2011 SNGL OLP NL Acdmc;Desconocido;;;1;EMPRESAS PUBLICAS DE MEDELLIN E.S.P;.
CT-Fundacion;CT-Fundacion-5;ASGADR4FJYMVQAPKRHZ7P9UDGF2DIX;Executed;Desconocido;PY-105;Desconocido;FUNDACION EPM;2019/01/03 02:44:21 PM;;2019/03/27 05:06:11 PM;Microsoft Windows Server Datacenter;Desconocido;;;4;EMPRESAS PUBLICAS DE MEDELLIN E.S.P;.
CTO 111;CTO 111-1;ASGADR4FJYMVQAPKRHZZP9UDGO2E4J;Historical;Desconocido;Unallocated;Desconocido;AGUAS REGIONALES EPM S.A E.S.P.;2018/12/20 01:39:50 PM;;2026/02/16 05:15:12 AM;PaperPort Image Printer;Desconocido;1885;;1;EMPRESAS PUBLICAS DE MEDELLIN E.S.P;.
CT-PRUEBA02;PRUEBA DE LICENCIA;ASGAWGX7AQANSAS9HB9FS9HB9FEK29;Historical;ARKIX S.A.;05986400;AUDISOFT;CENS S.A. E.S.P.;2024/09/02 11:34:48 AM;2024/09/10 12:00:00 AM;2026/02/16 05:15:49 AM;EVOQ DNN BASIC PRODUCCION;AUDISOFT;OC-PRUEBA01;CLAVE PRUEBA;105;CENS S.A. E.S.P.;.
CW101853;CW101853-001;ASGAJOIFD0FXYARHD3TERGEGZT6DVT;Historical;UiPath SRL;01989075;UiPath SRL;EMPRESAS PUBLICAS DE MEDELLIN E.S.P;2022/02/10 09:15:45 AM;2023/07/20 12:00:00 AM;2026/02/16 05:15:42 AM;UiPath Orchestrator Standard;UiPath SRL;;;1;EMPRESAS PUBLICAS DE MEDELLIN E.S.P;.
CW101853;CW101853-002;ASGAJOIFD0FXYARHD5YFRGEJEV6PPA;Historical;UiPath SRL;01989075;UiPath SRL;EMPRESAS PUBLICAS DE MEDELLIN E.S.P;2022/02/10 09:54:11 AM;2023/07/20 12:00:00 AM;2026/02/16 05:15:42 AM;UiPath Unattended Robot Concurrent Runtime;UiPath SRL;;;9;EMPRESAS PUBLICAS DE MEDELLIN E.S.P;.
CW101853;CW101853-003;ASGG8DGIDZG4UARHD66QRGEJN6Z3BQ;Historical;UiPath SRL;01989075;UiPath SRL;EMPRESAS PUBLICAS DE MEDELLIN E.S.P;2022/02/10 10:03:58 AM;2023/07/20 12:00:00 AM;2026/02/16 05:15:43 AM;UiPath Studio Concurrent;UiPath SRL;;;12;EMPRESAS PUBLICAS DE MEDELLIN E.S.P;.
CW101853;CW101853-004;ASGG8DGIDZG4UARHD8B0RGE1IAZPL9;Historical;UiPath SRL;01989075;UiPath SRL;EMPRESAS PUBLICAS DE MEDELLIN E.S.P;2022/02/10 10:37:59 AM;2023/07/20 12:00:00 AM;2026/02/16 05:15:42 AM;UiPath Cloud Automation Hub Standard;UiPath SRL;;;1;EMPRESAS PUBLICAS DE MEDELLIN E.S.P;.
CW101853;CW101853-005;ASGAJOIFD0FXYARHD821RGE19B7M0W;Historical;UiPath SRL;01989075;UiPath SRL;EMPRESAS PUBLICAS DE MEDELLIN E.S.P;2022/02/10 10:44:47 AM;2023/12/20 12:00:00 AM;2026/02/16 05:15:43 AM;UiPath Robot NonProduction;UiPath SRL;;;3;EMPRESAS PUBLICAS DE MEDELLIN E.S.P;.
CW101853;CW101853-006;ASGG8DGIDZG4UARHD8OVRGE1VMZUXA;Historical;UiPath SRL;01989075;UiPath SRL;EMPRESAS PUBLICAS DE MEDELLIN E.S.P;2022/02/10 10:52:21 AM;2023/07/20 12:00:00 AM;2026/02/16 05:15:44 AM;UiPath Insights Orchestrator Add On;UiPath SRL;;;1;EMPRESAS PUBLICAS DE MEDELLIN E.S.P;.
CW101853;CW101853-007;ASGDZ8OPBFVYCAR0OXWXRJPK9FG8SR;Historical;UiPath SRL;01989075;UiPath SRL;EMPRESAS PUBLICAS DE MEDELLIN E.S.P;2022/04/21 08:11:50 AM;2023/07/20 12:00:00 AM;2026/02/16 05:15:44 AM;UiPath - Attended - Named User;UiPath SRL;;;65;EMPRESAS PUBLICAS DE MEDELLIN E.S.P;.
CW101984;CW101984-001;ASGDZ8OPBFVYCAR14V33R057ZM96I2;Executed;Oracle;01989074;ORACLE;EMPRESAS PUBLICAS DE MEDELLIN E.S.P;2022/05/05 08:14:46 AM;2026/07/31 12:00:00 AM;2025/05/12 12:19:01 PM;Hyperion Disclosure Management;ORACLE;;;4;EMPRESAS PUBLICAS DE MEDELLIN E.S.P;.
CW101984;CW101984-008;ASGB2V5BD255QAR3GJZ4R2GTNHUC97;Executed;Oracle;01989074;ORACLE COLOMBIA LTDA.;EMPRESAS PUBLICAS DE MEDELLIN E.S.P;2022/06/08 01:59:23 PM;2026/07/31 12:00:00 AM;2025/05/12 12:19:01 PM;Oracle Hyperion Financial Management;ORACLE COLOMBIA LTDA.;;;360;EMPRESAS PUBLICAS DE MEDELLIN E.S.P;.
CW101984;CW101984-009;ASGB2V5BD255QAR3G057R2GUD1UFZ5;Historical;oracle;01989074;ORACLE;EMPRESAS PUBLICAS DE MEDELLIN E.S.P;2022/06/08 02:10:02 PM;2023/07/31 12:00:00 AM;2026/02/16 05:15:44 AM;JD Edwards Solution;ORACLE;;;2431;EMPRESAS PUBLICAS DE MEDELLIN E.S.P;.
CW101984;CW101984-010;ASGCFC0LJCD6MAR3G0LLR2GUJ5SJPE;Executed;Oracle;01989074;ORACLE;EMPRESAS PUBLICAS DE MEDELLIN E.S.P;2022/06/08 02:17:29 PM;2026/07/31 12:00:00 AM;2025/05/12 12:19:01 PM;JD Edwards EnterpriseOne Solution;ORACLE;;;4884;EMPRESAS PUBLICAS DE MEDELLIN E.S.P;.
CW101984;CW101984-011;ASGBZBM7ITT46ARY2XT9RY2XT9E963;Executed;Oracle;01989074;ORACLE;EMPRESAS PUBLICAS DE MEDELLIN E.S.P;2023/07/25 10:05:11 AM;2026/07/07 12:00:00 AM;2025/05/12 12:19:01 PM;Hyperion Strategic Finance Client;ORACLE;;;26;EMPRESAS PUBLICAS DE MEDELLIN E.S.P;.
CW101984;CW101984-012;ASGJSFNSJXX24ARY2YHSRY2YHS1E9S;Executed;Oracle;01989074;ORACLE;EMPRESAS PUBLICAS DE MEDELLIN E.S.P;2023/07/25 10:13:53 AM;2026/07/31 12:00:00 AM;2025/05/12 12:19:01 PM;Oracle Hyperion Financial Data Quality Management;ORACLE;;;59;EMPRESAS PUBLICAS DE MEDELLIN E.S.P;.
CW101984;CW101984-013;ASGIB6OPATU8SARY2Y6MRY2Y6MUEEZ;Executed;Oracle;01989074;ORACLE;EMPRESAS PUBLICAS DE MEDELLIN E.S.P;2023/07/25 10:18:13 AM;2026/07/31 12:00:00 AM;2025/05/12 12:19:01 PM;Oracle Hyperion Financial Data Quality Management;ORACLE;;;61;EMPRESAS PUBLICAS DE MEDELLIN E.S.P;.
CW101984;CW101984-CENS-002;ASGI327TET0NWAR14WEYR058RGKOWX;Executed;Oracle;01989074;ORACLE;EMPRESAS PUBLICAS DE MEDELLIN E.S.P;2022/05/05 08:33:34 AM;2035/08/01 12:00:00 AM;2025/05/12 12:19:01 PM;Hyperion Strategic Finance Client;ORACLE;;;1;EMPRESAS PUBLICAS DE MEDELLIN E.S.P;.
CW101984;CW101984-CHEC-003;ASGDZ8OPBFVYCAR14W29R058YS9K39;Executed;Oracle;01989074;ORACLE;EMPRESAS PUBLICAS DE MEDELLIN E.S.P;2022/05/05 08:36:04 AM;2035/08/01 12:00:00 AM;2025/05/12 12:19:01 PM;Hyperion Strategic Finance Client;ORACLE;;;1;EMPRESAS PUBLICAS DE MEDELLIN E.S.P;.
CW101984;CW101984-EDEQ-004;ASGFJ8CVGDZAJAR14W7TR059EC0IQK;Executed;Oracle;01989074;ORACLE;EMPRESAS PUBLICAS DE MEDELLIN E.S.P;2022/05/05 08:39:17 AM;2035/08/01 12:00:00 AM;2025/05/12 12:19:01 PM;Hyperion Strategic Finance Client;ORACLE;;;1;EMPRESAS PUBLICAS DE MEDELLIN E.S.P;.
CW101984;CW101984-EMVARIAS-005;ASGDZ8OPBFVYCAR14WM7R059IP9KZI;Executed;Oracle;01989074;ORACLE;EMPRESAS PUBLICAS DE MEDELLIN E.S.P;2022/05/05 08:41:47 AM;2035/08/01 12:00:00 AM;2025/05/12 12:19:01 PM;Hyperion Strategic Finance Client;ORACLE;;;1;EMPRESAS PUBLICAS DE MEDELLIN E.S.P;.
CW101984;CW101984-EPM-007;ASGI327TET0NWAR14WT6R0595OKSI3;Executed;Oracle;01989074;ORACLE;EMPRESAS PUBLICAS DE MEDELLIN E.S.P;2022/05/05 08:45:48 AM;2035/08/01 12:00:00 AM;2025/05/12 12:19:01 PM;Hyperion Strategic Finance Client;ORACLE;;;1;EMPRESAS PUBLICAS DE MEDELLIN E.S.P;.
CW101984;CW101984-ESSA-006;ASGDZ8OPBFVYCAR14WQOR0592X9LX2;Executed;Oracle;01989074;ORACLE;EMPRESAS PUBLICAS DE MEDELLIN E.S.P;2022/05/05 08:43:30 AM;2035/08/01 12:00:00 AM;2025/05/12 12:19:01 PM;Hyperion Strategic Finance Client;ORACLE;;;1;EMPRESAS PUBLICAS DE MEDELLIN E.S.P;.
CW104838;CW104838-001;ASGJ6JZOEF9F6AR24OQQR15JGRWR8X;Historical;Hexing;01989072;Hexing;EMPRESAS PUBLICAS DE MEDELLIN E.S.P;2022/05/24 04:24:37 PM;2022/09/17 12:00:00 AM;2026/02/16 05:15:44 AM;ORCA;Hexing;;;1760;EMPRESAS PUBLICAS DE MEDELLIN E.S.P;.
CW11114;CW11114-001;ASGA9TPDJM92BASGMZ48SGMZ48C9M1;Executed;Sparx Systems;01989074;UNIVERSAL TECHNOLOGY SAS;EMPRESAS PUBLICAS DE MEDELLIN E.S.P;2024/01/02 08:44:27 AM;2035/01/01 12:00:00 AM;2025/05/12 12:19:01 PM;Enterprise Architect (Concurrente);UNIVERSAL TECHNOLOGY SAS;;;95;EMPRESAS PUBLICAS DE MEDELLIN E.S.P;.
CW11114;CW11114-002;ASGAVOFZBTC8IASGMZ93SGMZ938U6S;Executed;Sparx Systems;01989074;UNIVERSAL TECHNOLOGY SAS;EMPRESAS PUBLICAS DE MEDELLIN E.S.P;2024/01/02 08:46:24 AM;2035/01/01 12:00:00 AM;2025/05/12 12:19:01 PM;Enterprise Architec Local;UNIVERSAL TECHNOLOGY SAS;;;2;EMPRESAS PUBLICAS DE MEDELLIN E.S.P;.
CW111156;CW111156-001;ASGB2A7CJSP82AR24L7ER15FXD8QWZ;Historical;Solati SAS;01989072;Soluciones Latinas Administrativas Integrales Solati SAS.;EMPRESAS PUBLICAS DE MEDELLIN E.S.P;2022/05/24 03:17:54 PM;2023/10/31 12:00:00 AM;2026/02/16 05:15:44 AM;Adminfo Vsmart;Soluciones Latinas Administrativas Integrales Solati SAS.;;;150;EMPRESAS PUBLICAS DE MEDELLIN E.S.P;.
CW111988;CW111988-001;ASGDBP1IIN2UDARHB65JRGCJLZ9DBQ;Historical;CHOICE;01989075;CHOICE TECHNOLOGIES COLOMBIA S.A.S.;EMPRESAS PUBLICAS DE MEDELLIN E.S.P;2022/02/09 08:14:38 AM;2022/05/24 12:00:00 AM;2026/02/16 05:15:43 AM;Revenue Intelligence de CHOICE;CHOICE TECHNOLOGIES COLOMBIA S.A.S.;;;2679283;EMPRESAS PUBLICAS DE MEDELLIN E.S.P;.
CW113194;CW113194-001;ASGADR4FJYMVQAQXC4Y2QWDKIKY0XE;Historical;Autodesk;01989080;MICROCAD SA;EMPRESAS PUBLICAS DE MEDELLIN E.S.P;2021/07/30 10:57:57 AM;2022/01/20 12:00:00 AM;2026/02/16 05:15:40 AM;Architecture Engineering & Construction Collection;MICROCAD SA;;;668;EMPRESAS PUBLICAS DE MEDELLIN E.S.P;.
CW113194;CW113194-002;ASGA9TAFB7LH4AQXC5F4QWDK5NIOQZ;Historical;Autodesk;01989080;MICROCAD SA;EMPRESAS PUBLICAS DE MEDELLIN E.S.P;2021/07/30 11:02:08 AM;2022/01/20 12:00:00 AM;2026/02/16 05:15:40 AM;Product Design & Manufacturing Collection;MICROCAD SA;;;125;EMPRESAS PUBLICAS DE MEDELLIN E.S.P;.
CW113194;CW113194-003;ASGADR4FJYMVQAQXC5J6QWDK9OY5LL;Historical;Autodesk;01989080;MICROCAD SA;EMPRESAS PUBLICAS DE MEDELLIN E.S.P;2021/07/30 11:12:12 AM;2022/01/20 12:00:00 AM;2026/02/16 05:15:40 AM;Bim Collaborate;MICROCAD SA;;;25;EMPRESAS PUBLICAS DE MEDELLIN E.S.P;.
CW113194;CW113194-004;ASGADR4FJYMVQAQXC5OWQWDKZEYPFP;Historical;Autodesk;01989080;MICROCAD SA;EMPRESAS PUBLICAS DE MEDELLIN E.S.P;2021/07/30 11:14:20 AM;2022/01/20 12:00:00 AM;2026/02/16 05:15:40 AM;Vault Professional;MICROCAD SA;;;269;EMPRESAS PUBLICAS DE MEDELLIN E.S.P;.
CW113194;CW113194-005;ASGADR4FJYMVQAQXC5XOQWDLHWYT9G;Historical;Autodesk;01989080;MICROCAD SA;EMPRESAS PUBLICAS DE MEDELLIN E.S.P;2021/07/30 11:19:00 AM;2022/01/20 12:00:00 AM;2026/02/16 05:15:40 AM;Media & Entertainment Collection;MICROCAD SA;;;2;EMPRESAS PUBLICAS DE MEDELLIN E.S.P;.
CW-114400;CW-114400-01;ASGBNJ2CGVBTVARQCN2WRQCN2WA5X0;Historical;CONTROLES EMPRESARIALES LTDA;Unallocated;CONTROLES EMPRESARIALES LTDA;EM VARIAS;2023/02/14 08:15:15 AM;2023/12/31 12:00:00 AM;2026/02/16 05:15:46 AM;Win Server User CALSA;CONTROLES EMPRESARIALES LTDA;;;50;EM VARIAS;.
CW-114400;CW-114400-02;ASGHLRYUBNEYMARQCN8IRQCN8I2EC5;Historical;CONTROLES EMPRESARIALES LTDA;Unallocated;CONTROLES EMPRESARIALES LTDA;EM VARIAS;2023/02/14 08:17:02 AM;2023/12/31 12:00:00 AM;2026/02/16 05:15:46 AM;MS Endpoint Configmgr Clt Mgmt Lic Per User Mgmt LSA;CONTROLES EMPRESARIALES LTDA;;;80;EM VARIAS;.
CW115943;CW115943-001;ASGGARCFAW9NUARJHFQBRIHUEAU284;Historical;Trend Micro;01989080;Desconocido;EMPRESAS PUBLICAS DE MEDELLIN E.S.P;2022/03/23 07:10:12 AM;2022/12/30 12:00:00 AM;2026/02/16 05:15:44 AM;Trend Micro Deep Security Agent;Desconocido;;;11000;EMPRESAS PUBLICAS DE MEDELLIN E.S.P;.
CW-12228;CW-12228-001;ASGADR4FJYMVQAPKRHZSP9UDG72EBA;Executed;Quest;01989076;BUSINESSMIND COLOMBIA S.A.;EMPRESAS PUBLICAS DE MEDELLIN E.S.P;2018/12/20 01:39:48 PM;2030/12/01 12:00:00 AM;2025/05/12 12:19:01 PM;TOAD FOR ORACLE DBA RAC EDITION V13;BUSINESSMIND COLOMBIA S.A.;;;2;EMPRESAS PUBLICAS DE MEDELLIN E.S.P;.
CW-12228;CW-12228-002;ASGADR4FJYMVQAPKRHZ8P9UDGG2D1C;Executed;Quest;01989076;BUSINESSMIND COLOMBIA S.A.;EMPRESAS PUBLICAS DE MEDELLIN E.S.P;2018/12/20 01:39:49 PM;2030/12/01 12:00:00 AM;2025/05/12 12:19:01 PM;TOAD FOR SQL SERVER XPERT EDITION V13;BUSINESSMIND COLOMBIA S.A.;;;1;EMPRESAS PUBLICAS DE MEDELLIN E.S.P;.
CW-12228;CW-12228-003;ASGA9TAFB7LH4AQOJ6QUQN0W5NWMGZ;Executed;Quest;01989076;BUSINESSMIND COLOMBIA S.A.;EMPRESAS PUBLICAS DE MEDELLIN E.S.P;2021/02/09 07:19:41 AM;2030/12/01 12:00:00 AM;2025/05/12 12:19:01 PM;TOAD FOR SQL SERVER DEVELOPER EDITION V13;BUSINESSMIND COLOMBIA S.A.;;;1;EMPRESAS PUBLICAS DE MEDELLIN E.S.P;.
CW-12228;CW-12228-004;ASGA9TAFB7LH4AQOJ7EZQN0WTSXFO6;Executed;Quest;01989076;BUSINESSMIND COLOMBIA S.A.;EMPRESAS PUBLICAS DE MEDELLIN E.S.P;2021/02/09 07:26:52 AM;2030/12/01 12:00:00 AM;2025/05/12 12:19:01 PM;TOAD FOR ORACLE PROFESSIONAL EDITION V13;BUSINESSMIND COLOMBIA S.A.;;;14;EMPRESAS PUBLICAS DE MEDELLIN E.S.P;.
CW-12228;CW-12228-005;ASGA9TAFB7LH4AQOJ78NQN0XH5XRUF;Executed;Quest;01989076;BUSINESSMIND COLOMBIA S.A.;EMPRESAS PUBLICAS DE MEDELLIN E.S.P;2021/02/09 07:33:44 AM;2030/12/01 12:00:00 AM;2025/05/12 12:19:01 PM;FOGLIGHT FOR SQL SERVER SQL PERFORMANCE INVESTIGATOR EDITION V13;BUSINESSMIND COLOMBIA S.A.;;;101;EMPRESAS PUBLICAS DE MEDELLIN E.S.P;.
CW-12228;CW-12228-006;ASGA9TAFB7LH4AQOJ7SHQN0X7AYHJ1;Executed;Quest;01989076;BUSINESSMIND COLOMBIA S.A.;EMPRESAS PUBLICAS DE MEDELLIN E.S.P;2021/02/09 07:39:47 AM;2030/12/01 12:00:00 AM;2025/05/12 12:19:01 PM;TOAD FOR ORACLE XPERT EDITION V13;BUSINESSMIND COLOMBIA S.A.;;;8;EMPRESAS PUBLICAS DE MEDELLIN E.S.P;.
CW-12228;CW-12228-007;ASGADR4FJYMVQAQOJ7VKQN0XR5GZYW;Executed;Quest;01989076;BUSINESSMIND COLOMBIA S.A.;EMPRESAS PUBLICAS DE MEDELLIN E.S.P;2021/02/09 07:42:38 AM;2030/12/01 12:00:00 AM;2025/05/12 12:19:01 PM;TOAD FOR ORACLE DEVELOPER EDITION V13;BUSINESSMIND COLOMBIA S.A.;;;232;EMPRESAS PUBLICAS DE MEDELLIN E.S.P;.
CW-12228;CW-12228-008;ASGADR4FJYMVQAQOJ7YOQN0XU9HCKA;Executed;Quest;01989076;BUSINESSMIND COLOMBIA S.A.;EMPRESAS PUBLICAS DE MEDELLIN E.S.P;2021/02/09 07:44:16 AM;2030/12/01 12:00:00 AM;2025/05/12 12:19:01 PM;TOAD FOR ORACLE BASE EDITION V13;BUSINESSMIND COLOMBIA S.A.;;;39;EMPRESAS PUBLICAS DE MEDELLIN E.S.P;.
CW-12228;CW-12228-009;ASGADR4FJYMVQAQOJ8BLQN0XX6HF9N;Executed;Quest;01989076;BUSINESSMIND COLOMBIA S.A.;EMPRESAS PUBLICAS DE MEDELLIN E.S.P;2021/02/09 07:45:56 AM;2030/12/01 12:00:00 AM;2025/05/12 12:19:01 PM;TOAD FOR ORACLE DBA EDITION V13;BUSINESSMIND COLOMBIA S.A.;;;61;EMPRESAS PUBLICAS DE MEDELLIN E.S.P;.
CW-12228;CW-12228-010;ASGADR4FJYMVQAQOJ8EGQN0YABHGXE;Executed;Quest;01989076;BUSINESSMIND COLOMBIA S.A.;EMPRESAS PUBLICAS DE MEDELLIN E.S.P;2021/02/09 07:47:28 AM;2030/12/01 12:00:00 AM;2025/05/12 12:19:01 PM;FOGLIGHT SERVER FOR FSM V13;BUSINESSMIND COLOMBIA S.A.;;;1;EMPRESAS PUBLICAS DE MEDELLIN E.S.P;.
CW-12228;CW-12228-011;ASGA9TAFB7LH4AQOJ8IKQN0XX3ZAMZ;Executed;Quest;01989076;BUSINESSMIND COLOMBIA S.A.;EMPRESAS PUBLICAS DE MEDELLIN E.S.P;2021/02/09 07:49:48 AM;2030/12/01 12:00:00 AM;2025/05/12 12:19:01 PM;FOGLIGHT FOR ORACLE PERFORMANCE INVESTIGATOR EDITION V13;BUSINESSMIND COLOMBIA S.A.;;;30;EMPRESAS PUBLICAS DE MEDELLIN E.S.P;.
CW132742;CW132742-001;ASGADR4FJYMVQAQXJQ87QW0UKLDWR9;Historical;IBM;01989080;INFORMESE;EMPRESAS PUBLICAS DE MEDELLIN E.S.P;2021/08/03 09:55:58 AM;2022/04/30 12:00:00 AM;2026/02/16 05:15:40 AM;IBM SPSS Statistics Base;INFORMESE;;;4;EMPRESAS PUBLICAS DE MEDELLIN E.S.P;.
CW132742;CW132742-002;ASGADR4FJYMVQAQXJQVFQW0UXJEDW6;Historical;IBM;01989080;INFORMESE;EMPRESAS PUBLICAS DE MEDELLIN E.S.P;2021/08/03 09:58:24 AM;2022/04/30 12:00:00 AM;2026/02/16 05:15:40 AM;IBM SPSS Statistics Custom Tables;INFORMESE;;;3;EMPRESAS PUBLICAS DE MEDELLIN E.S.P;.
CW132742;CW132742-003;ASGA9TAFB7LH4AQXJQYIQW0VA3IQEI;Historical;IBM;01989080;INFORMESE;EMPRESAS PUBLICAS DE MEDELLIN E.S.P;2021/08/03 10:00:50 AM;2022/04/30 12:00:00 AM;2026/02/16 05:15:40 AM;IBM SPSS Statistics Missing Values;INFORMESE;;;1;EMPRESAS PUBLICAS DE MEDELLIN E.S.P;.
CW132742;CW132742-004;ASGA9TAFB7LH4AQXJRECQW0VGHIR2E;Historical;IBM;01989080;INFORMESE;EMPRESAS PUBLICAS DE MEDELLIN E.S.P;2021/08/03 10:03:25 AM;2022/04/30 12:00:00 AM;2026/02/16 05:15:40 AM;IBM SPSS Modeler Client Professional (Concurrente);INFORMESE;;;4;EMPRESAS PUBLICAS DE MEDELLIN E.S.P;.
CW132742;CW132742-005;ASGADR4FJYMVQAQXJRISQW0V0VE12L;Historical;IBM;01989080;INFORMESE;EMPRESAS PUBLICAS DE MEDELLIN E.S.P;2021/08/03 10:06:49 AM;2022/04/30 12:00:00 AM;2026/02/16 05:15:40 AM;IBM SPSS Modeler Professional PVU Server;INFORMESE;;;240;EMPRESAS PUBLICAS DE MEDELLIN E.S.P;.
CW132742;CW132742-006;ASGA9TAFB7LH4AQXJR2QQW0V4UISLX;Historical;IBM;01989080;INFORMESE;EMPRESAS PUBLICAS DE MEDELLIN E.S.P;2021/08/03 10:08:40 AM;2022/04/30 12:00:00 AM;2026/02/16 05:15:40 AM;IBM SPSS Statistics Categories;INFORMESE;;;1;EMPRESAS PUBLICAS DE MEDELLIN E.S.P;.
CW132742;CW132742-007;ASGA9TAFB7LH4AQXJR5JQW0V73ISZT;Historical;IBM;01989080;INFORMESE;EMPRESAS PUBLICAS DE MEDELLIN E.S.P;2021/08/03 10:10:27 AM;2022/04/30 12:00:00 AM;2026/02/16 05:15:40 AM;IBM SPSS Statistics Forecasting;INFORMESE;;;2;EMPRESAS PUBLICAS DE MEDELLIN E.S.P;.
CW132742;CW132742-008;ASGA9TAFB7LH4AQXJR9LQW0VLQITQU;Historical;IBM;01989080;INFORMESE;EMPRESAS PUBLICAS DE MEDELLIN E.S.P;2021/08/03 10:12:37 AM;2022/04/30 12:00:00 AM;2026/02/16 05:15:40 AM;IBM SPSS Statistics Regression;INFORMESE;;;2;EMPRESAS PUBLICAS DE MEDELLIN E.S.P;.
CW132742;CW132742-009;ASGA9TAFB7LH4AQXJRLVQW0VNZITZK;Historical;IBM;01989080;INFORMESE;EMPRESAS PUBLICAS DE MEDELLIN E.S.P;2021/08/03 10:14:27 AM;2022/04/30 12:00:00 AM;2026/02/16 05:15:40 AM;IBM SPSS Modeler Client Professional (Local);INFORMESE;;;6;EMPRESAS PUBLICAS DE MEDELLIN E.S.P;.
CW132742;CW132742-010;ASGADR4FJYMVQAQXJRPGQW0VR0ELEA;Historical;IBM;01989080;INFORMESE;EMPRESAS PUBLICAS DE MEDELLIN E.S.P;2021/08/03 10:16:01 AM;2022/04/30 12:00:00 AM;2026/02/16 05:15:40 AM;IBM SPSS Statistics Advanced Statistics;INFORMESE;;;2;EMPRESAS PUBLICAS DE MEDELLIN E.S.P;.
CW136275;CW136275-001;ASGDBP1IIN2UDARHFN48RGG6LITSM6;Executed;Ipresas;01312014;Ipresas;EMPRESAS PUBLICAS DE MEDELLIN E.S.P;2022/02/11 02:31:10 PM;2035/02/07 12:00:00 AM;2025/12/19 08:24:14 AM;iPresas_Manager;Ipresas;;;1;EMPRESAS PUBLICAS DE MEDELLIN E.S.P;.
CW136275;CW136275-002;ASGBB9V3IYZC0ATH8QOTTH8QOTHPGV;Executed;Ipresas;01312014;Ipresas;EMPRESAS PUBLICAS DE MEDELLIN E.S.P;2025/12/19 08:27:55 AM;2035/02/07 12:00:00 AM;2025/12/19 08:39:17 AM;iPresas_Calc;Ipresas;;;1;;.
CW154079;CW154079-001;ASGDBP1IIN2UDARG19XPRF23E5H9ZI;Historical;Palisade;01989080;FARBIARZ Y ALVAREZ S.A.;EMPRESAS PUBLICAS DE MEDELLIN E.S.P;2022/01/26 08:35:19 AM;2023/12/31 12:00:00 AM;2026/02/16 05:15:42 AM;DecisionTools Suite;FARBIARZ Y ALVAREZ S.A.;;;7;EMPRESAS PUBLICAS DE MEDELLIN E.S.P;.
CW154079;CW154079-002;ASGDBP1IIN2UDARG1KOARF23UQHOQ1;Historical;Palisade;01989080;FARBIARZ Y ALVAREZ S.A.;EMPRESAS PUBLICAS DE MEDELLIN E.S.P;2022/01/26 08:43:19 AM;2023/12/31 12:00:00 AM;2026/02/16 05:15:42 AM;DecisionTools Suite Industrial-Standalone;FARBIARZ Y ALVAREZ S.A.;;;2;EMPRESAS PUBLICAS DE MEDELLIN E.S.P;.
CW154079;CW154079-003;ASGG8DGIDZG4UARG1KUMRF24B2J1B9;Historical;Palisade;01989080;FARBIARZ Y ALVAREZ S.A.;EMPRESAS PUBLICAS DE MEDELLIN E.S.P;2022/01/26 08:48:47 AM;2023/12/31 12:00:00 AM;2026/02/16 05:15:43 AM;DecisionTools Suite Profesional-Standalone;FARBIARZ Y ALVAREZ S.A.;;;1;EMPRESAS PUBLICAS DE MEDELLIN E.S.P;.
CW154920;CW154920-001;ASGAWGX7AQANSAS24961S24961OJHC;Historical;Cashpower Sudamerica;01989072;CASHPOWER SURAMERICANA S.A.;EMPRESAS PUBLICAS DE MEDELLIN E.S.P;2024/04/23 10:40:39 AM;2024/11/28 12:00:00 AM;2026/02/16 05:15:49 AM;Imectro - Nexo Plus Transaction Server;CASHPOWER SURAMERICANA S.A.;;;6;EMPRESAS PUBLICAS DE MEDELLIN E.S.P;.
CW155093;CW155093-001;ASGGY5F7DCJYMASPFRSLSPFRSLBAQG;Executed;SAP;01980604;SAP;EMPRESAS PUBLICAS DE MEDELLIN E.S.P;2024/12/27 11:02:24 AM;2034/11/21 12:00:00 AM;2025/05/12 12:19:01 PM;SAP Analysis for Office (AFO);SAP;;;9999;EMPRESAS PUBLICAS DE MEDELLIN E.S.P;.
CW155093;CW155093-002;ASGFK816BYORHASQWO74SQWO74V3OP;Executed;SAP;01980604;SAP;EMPRESAS PUBLICAS DE MEDELLIN E.S.P;2025/01/30 09:35:35 AM;2036/01/27 12:00:00 AM;2025/05/12 12:19:01 PM;SAP Disclosure Management (DM);SAP;;;9999;EMPRESAS PUBLICAS DE MEDELLIN E.S.P;.
CW155588;CW155588-001;ASGBZBM7ITT46ASAEJGUSAEJGUGVEX;Historical;Desconocido;01989072;Desconocido;EMPRESAS PUBLICAS DE MEDELLIN E.S.P;2023/08/28 02:41:57 PM;2024/11/18 12:00:00 AM;2026/02/16 05:15:47 AM;Open SmartFlex;Desconocido;;;9999;EMPRESAS PUBLICAS DE MEDELLIN E.S.P;.
CW155588;CW155588-002;ASGDZQ5CAJVXTAS1ZL0SS1ZL0SK9MN;Historical;Desconocido;01989072;OPEN INTERNATIONAL S.A.S.;EMPRESAS PUBLICAS DE MEDELLIN E.S.P;2024/04/15 08:57:04 AM;2025/07/31 12:00:00 AM;2026/02/16 05:15:48 AM;Open Smartflex;OPEN INTERNATIONAL S.A.S.;;;9999;EMPRESAS PUBLICAS DE MEDELLIN E.S.P;.
CW155673;CW155673-001;ASGDZ8OPBFVYCAR2GTJGR1H5V4I8VW;Historical;Itron;01989072;AV ACCELERATION VALUE SOLUTIONS S.A.S;EMPRESAS PUBLICAS DE MEDELLIN E.S.P;2022/05/20 10:21:27 AM;2023/12/01 12:00:00 AM;2026/02/16 05:15:44 AM;MV-90 xi Client;AV ACCELERATION VALUE SOLUTIONS S.A.S;;;7500;EMPRESAS PUBLICAS DE MEDELLIN E.S.P;.
CW155726;CW155726-001;ASGDBP1IIN2UDARGZNWURGA7DK56CO;Historical;ESRI COLOMBIA S.A.S.;01989073;ESRI COLOMBIA S.A.S.;EMPRESAS PUBLICAS DE MEDELLIN E.S.P;2022/02/08 09:00:07 AM;2024/11/30 12:00:00 AM;2026/02/16 05:15:43 AM;ArcGIS Pro Basic;ESRI COLOMBIA S.A.S.;;;33;EMPRESAS PUBLICAS DE MEDELLIN E.S.P;.
CW155726;CW155726-002;ASGG8DGIDZG4UARGZPDRRGA807N8ZA;Historical;ESRI COLOMBIA S.A.S.;01989073;ESRI COLOMBIA S.A.S.;EMPRESAS PUBLICAS DE MEDELLIN E.S.P;2022/02/08 09:23:27 AM;2024/11/30 12:00:00 AM;2026/02/16 05:15:42 AM;ArcGIS Pro Standar;ESRI COLOMBIA S.A.S.;;;49;EMPRESAS PUBLICAS DE MEDELLIN E.S.P;.
CW155726;CW155726-003;ASGG8DGIDZG4UARGZQ65RGA9NFNNKF;Historical;ESRI COLOMBIA S.A.S.;01989073;ESRI COLOMBIA S.A.S.;EMPRESAS PUBLICAS DE MEDELLIN E.S.P;2022/02/08 09:49:55 AM;2024/11/30 12:00:00 AM;2026/02/16 05:15:43 AM;ArcGIS Pro Advanced;ESRI COLOMBIA S.A.S.;;;22;EMPRESAS PUBLICAS DE MEDELLIN E.S.P;.
CW155726;CW155726-004;ASGG8DGIDZG4UARGZR6URGAKNKNQQA;Historical;ESRI COLOMBIA S.A.S.;01989073;ESRI COLOMBIA S.A.S.;EMPRESAS PUBLICAS DE MEDELLIN E.S.P;2022/02/08 10:11:13 AM;2024/11/30 12:00:00 AM;2026/02/16 05:15:43 AM;ArcGIS Desktop Advanced;ESRI COLOMBIA S.A.S.;;;20;EMPRESAS PUBLICAS DE MEDELLIN E.S.P;.
CW155726;CW155726-005;ASGAJOIFD0FXYARGZRQVRGAKXLU3MC;Historical;ESRI COLOMBIA S.A.S.;01989073;ESRI COLOMBIA S.A.S.;EMPRESAS PUBLICAS DE MEDELLIN E.S.P;2022/02/08 10:18:00 AM;2024/11/30 12:00:00 AM;2026/02/16 05:15:42 AM;Extensiones ArcGIS Pro - Network Analyst;ESRI COLOMBIA S.A.S.;;;1;EMPRESAS PUBLICAS DE MEDELLIN E.S.P;.
CW155726;CW155726-006;ASGG8DGIDZG4UARGZRV2RGALCCNUJU;Historical;ESRI COLOMBIA S.A.S.;01989073;ESRI COLOMBIA S.A.S.;EMPRESAS PUBLICAS DE MEDELLIN E.S.P;2022/02/08 10:19:51 AM;2024/11/30 12:00:00 AM;2026/02/16 05:15:43 AM;Extensiones ArcGIS Pro - 3D Analyst;ESRI COLOMBIA S.A.S.;;;22;EMPRESAS PUBLICAS DE MEDELLIN E.S.P;.
CW155726;CW155726-007;ASGAJOIFD0FXYARGZRXYRGALENU5M7;Historical;ESRI COLOMBIA S.A.S.;01989073;ESRI COLOMBIA S.A.S.;EMPRESAS PUBLICAS DE MEDELLIN E.S.P;2022/02/08 10:21:21 AM;2024/11/30 12:00:00 AM;2026/02/16 05:15:43 AM;Extensiones ArcGIS Pro - Spatial Analyst;ESRI COLOMBIA S.A.S.;;;22;EMPRESAS PUBLICAS DE MEDELLIN E.S.P;.
CW155726;CW155726-008;ASGG8DGIDZG4UARGZSG6RGAL3GNVU9;Historical;ESRI COLOMBIA S.A.S.;01989073;ESRI COLOMBIA S.A.S.;EMPRESAS PUBLICAS DE MEDELLIN E.S.P;2022/02/08 10:27:00 AM;2024/11/30 12:00:00 AM;2026/02/16 05:15:43 AM;Extensiones ArcGIS Pro - Geostatistical Analyst ;ESRI COLOMBIA S.A.S.;;;1;EMPRESAS PUBLICAS DE MEDELLIN E.S.P;.
CW155726;CW155726-009;ASGAJOIFD0FXYARGZS0ORGAL73UK5X;Historical;ESRI COLOMBIA S.A.S.;01989073;ESRI COLOMBIA S.A.S.;EMPRESAS PUBLICAS DE MEDELLIN E.S.P;2022/02/08 10:29:02 AM;2024/11/30 12:00:00 AM;2026/02/16 05:15:43 AM;Extensiones ArcGIS Pro - Data Interoperability;ESRI COLOMBIA S.A.S.;;;3;EMPRESAS PUBLICAS DE MEDELLIN E.S.P;.
CW155726;CW155726-010;ASGDBP1IIN2UDARGZS2ZRGAL9P5UK6;Historical;ESRI COLOMBIA S.A.S.;01989073;ESRI COLOMBIA S.A.S.;EMPRESAS PUBLICAS DE MEDELLIN E.S.P;2022/02/08 10:30:45 AM;2024/11/30 12:00:00 AM;2026/02/16 05:15:43 AM;Extensiones ArcGIS Pro - Data Reviewer;ESRI COLOMBIA S.A.S.;;;1;EMPRESAS PUBLICAS DE MEDELLIN E.S.P;.
CW155726;CW155726-011;ASGG8DGIDZG4UARGZS7CRGALNSNWXR;Historical;ESRI COLOMBIA S.A.S.;01989073;ESRI COLOMBIA S.A.S.;EMPRESAS PUBLICAS DE MEDELLIN E.S.P;2022/02/08 10:33:33 AM;2024/11/30 12:00:00 AM;2026/02/16 05:15:42 AM;Aplicaciones ArcGIS Drone2Map;ESRI COLOMBIA S.A.S.;;;1;EMPRESAS PUBLICAS DE MEDELLIN E.S.P;.
CW155726;CW155726-012;ASGAJOIFD0FXYARGZTN6RGAMUFVDU4;Historical;ESRI COLOMBIA S.A.S.;01989073;ESRI COLOMBIA S.A.S.;EMPRESAS PUBLICAS DE MEDELLIN E.S.P;2022/02/08 10:58:19 AM;2024/11/30 12:00:00 AM;2026/02/16 05:15:43 AM;Aplicaciones ArcGIS ArcGIS Insights;ESRI COLOMBIA S.A.S.;;;3;EMPRESAS PUBLICAS DE MEDELLIN E.S.P;.
CW155730;CW155730-001;ASGAJOIFD0FXYARGZVFRRGAO26VO7X;Historical;INTERGRAPH CORPORATION;01989073;HEXAGON ESPATIAL - INTERGRAPH COLOMBIA S.A.S;EMPRESAS PUBLICAS DE MEDELLIN E.S.P;2022/02/08 11:32:13 AM;2024/11/30 12:00:00 AM;2026/02/16 05:15:43 AM;GEOMEDIA ESSENTIALS LOCAL;HEXAGON ESPATIAL - INTERGRAPH COLOMBIA S.A.S;;;17;EMPRESAS PUBLICAS DE MEDELLIN E.S.P;.
CW155730;CW155730-002;ASGG8DGIDZG4UARGZWAYRGAPHOO5K4;Historical;INTERGRAPH CORPORATION;01989073;HEXAGON ESPATIAL - INTERGRAPH COLOMBIA S.A.S;EMPRESAS PUBLICAS DE MEDELLIN E.S.P;2022/02/08 11:50:23 AM;2024/11/30 12:00:00 AM;2026/02/16 05:15:43 AM;GEOMEDIA ESSENTIALS CONCURRENTE;HEXAGON ESPATIAL - INTERGRAPH COLOMBIA S.A.S;;;44;EMPRESAS PUBLICAS DE MEDELLIN E.S.P;.
CW155730;CW155730-003;ASGG8DGIDZG4UARGZWELRGAP11O6I2;Historical;INTERGRAPH CORPORATION;01989073;HEXAGON ESPATIAL - INTERGRAPH COLOMBIA S.A.S;EMPRESAS PUBLICAS DE MEDELLIN E.S.P;2022/02/08 11:51:58 AM;2024/11/30 12:00:00 AM;2026/02/16 05:15:43 AM;GEOMEDIA PROFESSIONAL CONCURRENTE;HEXAGON ESPATIAL - INTERGRAPH COLOMBIA S.A.S;;;1;EMPRESAS PUBLICAS DE MEDELLIN E.S.P;.
CW155730;CW155730-004;ASGDBP1IIN2UDARGZZ9FRGASPV67SK;Executed;INTERGRAPH CORPORATION;01989073;HEXAGON ESPATIAL - INTERGRAPH COLOMBIA S.A.S;EMPRESAS PUBLICAS DE MEDELLIN E.S.P;2022/02/08 02:30:19 PM;2027/02/07 12:00:00 AM;2025/05/12 12:19:01 PM;GEOMEDIA WEB MAP;HEXAGON ESPATIAL - INTERGRAPH COLOMBIA S.A.S;;;1;EMPRESAS PUBLICAS DE MEDELLIN E.S.P;.
CW155730;CW155730-005;ASGG8DGIDZG4UARHAD8XRGAWPNP2LV;Executed;INTERGRAPH CORPORATION;01989073;HEXAGON ESPATIAL - INTERGRAPH COLOMBIA S.A.S;EMPRESAS PUBLICAS DE MEDELLIN E.S.P;2022/02/08 02:32:18 PM;2027/02/07 12:00:00 AM;2025/05/12 12:19:01 PM;GTECHNOLOGY / DESIGNER;HEXAGON ESPATIAL - INTERGRAPH COLOMBIA S.A.S;;;61;EMPRESAS PUBLICAS DE MEDELLIN E.S.P;.
CW155730;CW155730-006;ASGDBP1IIN2UDARHADMHRGAWSW7B80;Historical;INTERGRAPH CORPORATION;01989073;HEXAGON ESPATIAL - INTERGRAPH COLOMBIA S.A.S;EMPRESAS PUBLICAS DE MEDELLIN E.S.P;2022/02/08 02:37:05 PM;2022/02/22 12:00:00 AM;2026/02/16 05:15:42 AM;GTECHNOLOGY / DESIGNER;HEXAGON ESPATIAL - INTERGRAPH COLOMBIA S.A.S;;;4;EMPRESAS PUBLICAS DE MEDELLIN E.S.P;.
CW155730;CW155730-007;ASGG8DGIDZG4UARHADVERGAXBUP41F;Historical;INTERGRAPH CORPORATION;01989073;HEXAGON ESPATIAL - INTERGRAPH COLOMBIA S.A.S;EMPRESAS PUBLICAS DE MEDELLIN E.S.P;2022/02/08 02:39:53 PM;2022/02/22 12:00:00 AM;2026/02/16 05:15:43 AM;GTECHNOLOGY / DESIGNER;HEXAGON ESPATIAL - INTERGRAPH COLOMBIA S.A.S;;;1;EMPRESAS PUBLICAS DE MEDELLIN E.S.P;.
CW155730;CW155730-008;ASGG8DGIDZG4UARHADYORGAXF4P4OS;Historical;INTERGRAPH CORPORATION;01989073;HEXAGON ESPATIAL - INTERGRAPH COLOMBIA S.A.S;EMPRESAS PUBLICAS DE MEDELLIN E.S.P;2022/02/08 02:41:50 PM;2022/03/31 12:00:00 AM;2026/02/16 05:15:43 AM;GTECHNOLOGY / DESIGNER;HEXAGON ESPATIAL - INTERGRAPH COLOMBIA S.A.S;;;5;;.
CW155730;CW155730-009;ASGG8DGIDZG4UARHAEF1RGAX2BP52K;Historical;INTERGRAPH CORPORATION;01989073;HEXAGON ESPATIAL - INTERGRAPH COLOMBIA S.A.S;EMPRESAS PUBLICAS DE MEDELLIN E.S.P;2022/02/08 02:46:55 PM;2024/11/30 12:00:00 AM;2026/02/16 05:15:43 AM;GTECHNOLOGY / ADMINISTRATOR;HEXAGON ESPATIAL - INTERGRAPH COLOMBIA S.A.S;;;1;EMPRESAS PUBLICAS DE MEDELLIN E.S.P;.
CW155730;CW155730-010;ASGDBP1IIN2UDARHAE0KRGAX707FDC;Historical;INTERGRAPH CORPORATION;01989073;HEXAGON ESPATIAL - INTERGRAPH COLOMBIA S.A.S;EMPRESAS PUBLICAS DE MEDELLIN E.S.P;2022/02/08 02:49:33 PM;2024/11/30 12:00:00 AM;2026/02/16 05:15:43 AM;GTECHNOLOGY / NET VIEWER 5 usuarios;HEXAGON ESPATIAL - INTERGRAPH COLOMBIA S.A.S;;;2;EMPRESAS PUBLICAS DE MEDELLIN E.S.P;.
CW155730;CW155730-011;ASGDBP1IIN2UDARHAE5HRGAXLX7F3Z;Historical;INTERGRAPH CORPORATION;01989073;HEXAGON ESPATIAL - INTERGRAPH COLOMBIA S.A.S;EMPRESAS PUBLICAS DE MEDELLIN E.S.P;2022/02/08 02:51:00 PM;2024/11/30 12:00:00 AM;2026/02/16 05:15:42 AM;GTECHNOLOGY / NET VIEWER 100 usuarios;HEXAGON ESPATIAL - INTERGRAPH COLOMBIA S.A.S;;;1;EMPRESAS PUBLICAS DE MEDELLIN E.S.P;.
CW155730;CW155730-012;ASGG8DGIDZG4UARHAE8ERGAXOUP7C9;Historical;INTERGRAPH CORPORATION;01989073;HEXAGON ESPATIAL - INTERGRAPH COLOMBIA S.A.S;EMPRESAS PUBLICAS DE MEDELLIN E.S.P;2022/02/08 02:53:12 PM;2024/11/30 12:00:00 AM;2026/02/16 05:15:44 AM;GTECHNOLOGY / NET VIEWER 25 usuarios;HEXAGON ESPATIAL - INTERGRAPH COLOMBIA S.A.S;;;1;EMPRESAS PUBLICAS DE MEDELLIN E.S.P;.
CW155730;CW155730-013;ASGG8DGIDZG4UARHAEL3RGAXSDP733;Executed;INTERGRAPH CORPORATION;01989073;HEXAGON ESPATIAL - INTERGRAPH COLOMBIA S.A.S;EMPRESAS PUBLICAS DE MEDELLIN E.S.P;2022/02/08 02:54:49 PM;2027/02/07 12:00:00 AM;2025/05/12 12:19:01 PM;GTECHNOLOGY / NET PLOT;HEXAGON ESPATIAL - INTERGRAPH COLOMBIA S.A.S;;;1;EMPRESAS PUBLICAS DE MEDELLIN E.S.P;.
CW155730;CW155730-014;ASGDBP1IIN2UDARHAEOBRGAXUR7G3W;Executed;INTERGRAPH CORPORATION;01989073;HEXAGON ESPATIAL - INTERGRAPH COLOMBIA S.A.S;EMPRESAS PUBLICAS DE MEDELLIN E.S.P;2022/02/08 02:56:43 PM;2027/02/07 12:00:00 AM;2025/05/12 12:19:01 PM;GTECHNOLOGY / NET EXPORT;HEXAGON ESPATIAL - INTERGRAPH COLOMBIA S.A.S;;;1;EMPRESAS PUBLICAS DE MEDELLIN E.S.P;.
CW155730;CW155730-015;ASGG8DGIDZG4UARHAEQRRGAXX7P7SW;Historical;INTERGRAPH CORPORATION;01989073;HEXAGON ESPATIAL - INTERGRAPH COLOMBIA S.A.S;EMPRESAS PUBLICAS DE MEDELLIN E.S.P;2022/02/08 02:57:55 PM;2024/11/30 12:00:00 AM;2026/02/16 05:15:44 AM;GTECHNOLOGY / ANALYST CONCURRENTE;HEXAGON ESPATIAL - INTERGRAPH COLOMBIA S.A.S;;;6;EMPRESAS PUBLICAS DE MEDELLIN E.S.P;.
CW155730;CW155730-016;ASGJSFNSJXX24ASAFME1SAFME1N4AR;Historical;Hexagon Geospatial - INTERGRAPH;01989073;HEXAGON ESPATIAL - INTERGRAPH COLOMBIA S.A.S;EMPRESAS PUBLICAS DE MEDELLIN E.S.P;2023/08/29 08:16:32 AM;2024/11/30 12:00:00 AM;2026/02/16 05:15:47 AM;HXGN NETWORKS CORE/DESIGNER CC;HEXAGON ESPATIAL - INTERGRAPH COLOMBIA S.A.S;;;67;EMPRESAS PUBLICAS DE MEDELLIN E.S.P;.
CW155730;CW155730-017;ASGBZBM7ITT46ASAFM1SSAFM1SKGYL;Historical;Hexagon Geospatial - INTERGRAPH;01989073;HEXAGON ESPATIAL - INTERGRAPH COLOMBIA S.A.S;EMPRESAS PUBLICAS DE MEDELLIN E.S.P;2023/08/29 08:21:24 AM;2024/11/30 12:00:00 AM;2026/02/16 05:15:47 AM;HXGN NETWORKS CORE/PLOTTING;HEXAGON ESPATIAL - INTERGRAPH COLOMBIA S.A.S;;;4;EMPRESAS PUBLICAS DE MEDELLIN E.S.P;.
CW155796;CW155796-001;ASGG8DGIDZG4UARG1Z9XRF2SQN1DZR;Historical;IBM;01989080;INFORMESE;EMPRESAS PUBLICAS DE MEDELLIN E.S.P;2022/01/26 02:07:23 PM;2024/04/30 12:00:00 AM;2026/02/16 05:15:42 AM;IBM SPSS Statistics Base;INFORMESE;;;4;;.
CW155796;CW155796-002;ASGG8DGIDZG4UARG2AG6RF2T3G1F29;Historical;IBM;01989080;INFORMESE;EMPRESAS PUBLICAS DE MEDELLIN E.S.P;2022/01/26 02:32:17 PM;2024/04/30 12:00:00 AM;2026/02/16 05:15:43 AM;IBM SPSS Statistics Custom Tables;INFORMESE;;;3;EMPRESAS PUBLICAS DE MEDELLIN E.S.P;.
CW155796;CW155796-003;ASGAJOIFD0FXYARG2BD5RF2U0FGSH1;Historical;IBM;01989080;INFORMESE;EMPRESAS PUBLICAS DE MEDELLIN E.S.P;2022/01/26 02:37:32 PM;2024/04/30 12:00:00 AM;2026/02/16 05:15:43 AM;IBM SPSS Statistics Missing Values;INFORMESE;;;1;EMPRESAS PUBLICAS DE MEDELLIN E.S.P;.
CW155796;CW155796-004;ASGG8DGIDZG4UARG2B0HRF2U6X12JU;Historical;IBM;01989080;INFORMESE;EMPRESAS PUBLICAS DE MEDELLIN E.S.P;2022/01/26 02:40:49 PM;2024/04/30 12:00:00 AM;2026/02/16 05:15:43 AM;IBM SPSS Modeler Client Professional (Concurrente);INFORMESE;;;4;EMPRESAS PUBLICAS DE MEDELLIN E.S.P;.
CW155796;CW155796-005;ASGAJOIFD0FXYARG2B3KRF2UK0GWPS;Historical;IBM;01989080;INFORMESE;EMPRESAS PUBLICAS DE MEDELLIN E.S.P;2022/01/26 02:42:54 PM;2024/04/30 12:00:00 AM;2026/02/16 05:15:43 AM;IBM SPSS Modeler Professional PVU Server;INFORMESE;;;240;EMPRESAS PUBLICAS DE MEDELLIN E.S.P;.
CW155796;CW155796-006;ASGG8DGIDZG4UARG2B6NRF2UN315N5;Historical;IBM;01989080;INFORMESE;EMPRESAS PUBLICAS DE MEDELLIN E.S.P;2022/01/26 02:45:00 PM;2024/04/30 12:00:00 AM;2026/02/16 05:15:43 AM;IBM SPSS Statistics Categories;INFORMESE;;;1;EMPRESAS PUBLICAS DE MEDELLIN E.S.P;.
CW155796;CW155796-007;ASGAJOIFD0FXYARG2BNSRF2UU7GZLL;Historical;IBM;01989080;INFORMESE;EMPRESAS PUBLICAS DE MEDELLIN E.S.P;2022/01/26 02:48:58 PM;2024/04/30 12:00:00 AM;2026/02/16 05:15:43 AM;IBM SPSS Statistics Forecasting;INFORMESE;;;2;EMPRESAS PUBLICAS DE MEDELLIN E.S.P;.
CW155796;CW155796-008;ASGAJOIFD0FXYARG2BS8RF2UZHHA9F;Historical;IBM;01989080;INFORMESE;EMPRESAS PUBLICAS DE MEDELLIN E.S.P;2022/01/26 02:52:19 PM;2024/04/30 12:00:00 AM;2026/02/16 05:15:43 AM;IBM SPSS Statistics Regression;INFORMESE;;;2;EMPRESAS PUBLICAS DE MEDELLIN E.S.P;.
CW155796;CW155796-009;ASGAJOIFD0FXYARG2BXARF2VDPHB9T;Historical;IBM;01989080;INFORMESE;EMPRESAS PUBLICAS DE MEDELLIN E.S.P;2022/01/26 02:54:26 PM;2024/04/30 12:00:00 AM;2026/02/16 05:15:42 AM;IBM SPSS Modeler Client Professional (Local);INFORMESE;;;7;EMPRESAS PUBLICAS DE MEDELLIN E.S.P;.
CW155796;CW155796-010;ASGAJOIFD0FXYARG2CBCRF2VHRHC6S;Historical;IBM;01989080;INFORMESE;EMPRESAS PUBLICAS DE MEDELLIN E.S.P;2022/01/26 02:57:03 PM;2024/04/30 12:00:00 AM;2026/02/16 05:15:43 AM;IBM SPSS Statistics Advanced Statistics;INFORMESE;;;2;EMPRESAS PUBLICAS DE MEDELLIN E.S.P;.
CW155951;CW155951-001;ASGI327TET0NWAR1CE9MR0CRFUV6LO;Executed;SAP;01989074;SAP;EMPRESAS PUBLICAS DE MEDELLIN E.S.P;2022/04/28 11:07:10 AM;2035/01/01 12:00:00 AM;2025/10/08 11:24:42 AM;SAP GUI;SAP;;;999;EMPRESAS PUBLICAS DE MEDELLIN E.S.P;.
CW156461;CW156461-001;ASGCWMRSI3E4RARLB2CHRLB2CHAMMF;Historical;LUDYCOM S.A.S;01989072;LUDYCOM S.A.S;EMPRESAS PUBLICAS DE MEDELLIN E.S.P;2022/11/08 10:23:59 AM;2024/12/13 12:00:00 AM;2026/02/16 05:15:44 AM;Ludycommerce;LUDYCOM S.A.S;;;999;EMPRESAS PUBLICAS DE MEDELLIN E.S.P;.
CW156461;CW156461-002;ASGAWGX7AQANSAS24KDSS24KDSOM6D;Historical;LUDYCOM S.A.S;01989072;LUDYCOM S.A.S;EMPRESAS PUBLICAS DE MEDELLIN E.S.P;2024/04/23 10:55:30 AM;2024/12/13 12:00:00 AM;2026/02/16 05:15:48 AM;Ludycommerce;LUDYCOM S.A.S;;;8;EMPRESAS PUBLICAS DE MEDELLIN E.S.P;.
CW156847_CI;CW156847_CI-001;ASGHQUY5ITS9AASKQ5GWSKQ5GWUHGZ;Historical;Tenable;01989090;INDRA COLOMBIA S.A.S.;EMPRESAS PUBLICAS DE MEDELLIN E.S.P;2024/10/02 09:07:50 AM;2024/12/14 12:00:00 AM;2026/02/16 05:15:49 AM;Nessus Agent;INDRA COLOMBIA S.A.S.;;89a385d15d3a05ab88738e5585e24c91e563ea80497c06349ef5d73fdc551b85;500;EMPRESAS PUBLICAS DE MEDELLIN E.S.P;.
CW-158365;CW-158365-01;ASGFDND9B5J2CARQCNRXRQCNRX8201;Historical;CONTROLES EMPRESARIALES LTDA;Unallocated;CONTROLES EMPRESARIALES LTDA;EM VARIAS;2023/02/14 08:23:30 AM;2024/12/31 12:00:00 AM;2026/02/16 05:15:45 AM;Win Server User CALSA;CONTROLES EMPRESARIALES LTDA;;;150;EM VARIAS;.
CW-158365;CW-158365-02;ASGBNJ2CGVBTVARQCNXSRQCNXSAWCJ;Historical;CONTROLES EMPRESARIALES LTDA;Unallocated;CONTROLES EMPRESARIALES LTDA;EM VARIAS;2023/02/14 08:26:22 AM;2024/12/31 12:00:00 AM;2026/02/16 05:15:45 AM;MS Endpoint Configmgr Clt Mgmt Lic Per User Mgmt LSA;CONTROLES EMPRESARIALES LTDA;;;150;EM VARIAS;.
CW-158365;CW-158365-03;ASGFDND9B5J2CARQCOANRQCOAN8LDM;Historical;CONTROLES EMPRESARIALES LTDA;Unallocated;CONTROLES EMPRESARIALES LTDA;EM VARIAS;2023/02/14 08:28:00 AM;2024/12/31 12:00:00 AM;2026/02/16 05:15:45 AM;Identity Manager;CONTROLES EMPRESARIALES LTDA;;;220;EM VARIAS;.
CW-158365;CW-158365-04;ASGHLRYUBNEYMARQCODLRQCODL2YV6;Historical;CONTROLES EMPRESARIALES LTDA;Unallocated;CONTROLES EMPRESARIALES LTDA;EM VARIAS;2023/02/14 08:29:46 AM;2024/12/31 12:00:00 AM;2026/02/16 05:15:46 AM;System Center Configuration Manager Server;CONTROLES EMPRESARIALES LTDA;;;1;EM VARIAS;.
CW-158366;CW-158366-01;ASGBNJ2CGVBTVARQCO6DRQCO6DBJ8S;Historical;CONTROLES EMPRESARIALES LTDA;Unallocated;CONTROLES EMPRESARIALES LTDA;EM VARIAS;2023/02/14 08:37:14 AM;2024/12/31 12:00:00 AM;2026/02/16 05:15:45 AM;Win Server User CALSA;CONTROLES EMPRESARIALES LTDA;;;25;EM VARIAS;.
CW-158366;CW-158366-02;ASGBNJ2CGVBTVARQCO8ORQCO8OB0ZH;Historical;CONTROLES EMPRESARIALES LTDA;Unallocated;CONTROLES EMPRESARIALES LTDA;EM VARIAS;2023/02/14 08:39:02 AM;2024/12/31 12:00:00 AM;2026/02/16 05:15:45 AM;Dyn365 CsSr Dev ClASA (software assurance);CONTROLES EMPRESARIALES LTDA;;;6;EM VARIAS;.
CW-158366;CW-158366-03;ASGBNJ2CGVBTVARQCOMORQCOMOB3R6;Historical;CONTROLES EMPRESARIALES LTDA;Unallocated;CONTROLES EMPRESARIALES LTDA;EM VARIAS;2023/02/14 08:41:20 AM;2024/12/31 12:00:00 AM;2026/02/16 05:15:46 AM;Win Server Dev CALSA  (nuevas);CONTROLES EMPRESARIALES LTDA;;;5;EM VARIAS;.
CW158595;CW158595-001;ASGJ6JZOEF9F6AR24NODR15IEEWKXY;Historical;Empsii;01989072;Empsii;EMPRESAS PUBLICAS DE MEDELLIN E.S.P;2022/05/24 04:07:26 PM;2023/12/07 12:00:00 AM;2026/02/16 05:15:44 AM;Mithra;Empsii;;;1;EMPRESAS PUBLICAS DE MEDELLIN E.S.P;.
CW159356;CW159356-001;ASGI327TET0NWAR249O2R15G0KTRME;Historical;Speed Solutions;01989072;Speed Solutions;EMPRESAS PUBLICAS DE MEDELLIN E.S.P;2022/05/24 02:35:54 PM;2024/12/12 12:00:00 AM;2026/02/16 05:15:44 AM;Speed Control Advanced;Speed Solutions;OG 1069112;;1;EMPRESAS PUBLICAS DE MEDELLIN E.S.P;.
CW159356;CW159356-002;ASGJ6JZOEF9F6AR249WOR15E2QV7M4;Historical;Speed Solutions;01989072;Speed Solutions;EMPRESAS PUBLICAS DE MEDELLIN E.S.P;2022/05/24 02:40:19 PM;2024/12/12 12:00:00 AM;2026/02/16 05:15:44 AM;Speed Control Advanced;Speed Solutions;;;17;EMPRESAS PUBLICAS DE MEDELLIN E.S.P;.
CW159356;CW159356-003;ASGAWGX7AQANSAS1MKP2S1MKP2AXKX;Historical;Speed Solutions;01989072;Speed Solutions;EMPRESAS PUBLICAS DE MEDELLIN E.S.P;2024/04/08 08:15:57 AM;2025/05/18 12:00:00 AM;2026/02/16 05:15:48 AM;Speed Control Advanced;Speed Solutions;;;13;EMPRESAS PUBLICAS DE MEDELLIN E.S.P;.
CW-160061;CW-160061_01;ASGFDND9B5J2CARPUARLRPUARLFBVV;Historical;ORACLE COLOMBIA LTDA.;Unallocated;ORACLE COLOMBIA LTDA.;EM VARIAS;2023/02/09 04:25:57 PM;2023/12/31 12:00:00 AM;2026/02/16 05:15:46 AM;Oracle Database Standard/Personal Edition;ORACLE COLOMBIA LTDA.;CW 160061;;2;EM VARIAS;.
CW-160061;CW-160061_02;ASGBNJ2CGVBTVARPUBDWRPUBDWEQ2P;Historical;ORACLE COLOMBIA LTDA.;Unallocated;ORACLE COLOMBIA LTDA.;EM VARIAS;2023/02/09 04:33:25 PM;2023/12/31 12:00:00 AM;2026/02/16 05:15:46 AM;JD Edwards EnterpriseOne;ORACLE COLOMBIA LTDA.;;;90;EM VARIAS;.
CW-160061;CW-160061_03;ASGFDND9B5J2CARPUBIJRPUBIJF27P;Historical;ORACLE COLOMBIA LTDA.;Unallocated;ORACLE COLOMBIA LTDA.;EM VARIAS;2023/02/09 04:35:16 PM;2023/12/31 12:00:00 AM;2026/02/16 05:15:45 AM;Oracle Database Standard/Personal Edition;ORACLE COLOMBIA LTDA.;;;19;EM VARIAS;.
CW-160061;CW-160061_04;ASGFDND9B5J2CARPUB16RPUB16F5E3;Historical;ORACLE COLOMBIA LTDA.;Unallocated;ORACLE COLOMBIA LTDA.;EM VARIAS;2023/02/09 04:37:14 PM;2023/12/31 12:00:00 AM;2026/02/16 05:15:45 AM;Oracle Database Standard/Personal Edition;ORACLE COLOMBIA LTDA.;;;30;EM VARIAS;.
CW-160061;CW-160061_05;ASGFDND9B5J2CARPUB5SRPUB5SF85Z;Historical;ORACLE COLOMBIA LTDA.;Unallocated;ORACLE COLOMBIA LTDA.;EM VARIAS;2023/02/09 04:39:34 PM;2023/12/31 12:00:00 AM;2026/02/16 05:15:45 AM;Oracle Database Standard/Personal Edition;ORACLE COLOMBIA LTDA.;;;80;EM VARIAS;.
CW-160061;CW-160061_06;ASGFDND9B5J2CARPUB8LRPUB8LFKE3;Historical;ORACLE COLOMBIA LTDA.;Unallocated;ORACLE COLOMBIA LTDA.;EM VARIAS;2023/02/09 04:41:05 PM;2023/12/31 12:00:00 AM;2026/02/16 05:15:45 AM;Oracle Internet Developer Suite;ORACLE COLOMBIA LTDA.;;;3;EM VARIAS;.
CW-160061;CW-160061_07;ASGFDND9B5J2CARPUBLBRPUBLBFO6J;Historical;ORACLE COLOMBIA LTDA.;Unallocated;ORACLE COLOMBIA LTDA.;EM VARIAS;2023/02/09 04:43:21 PM;2023/12/31 12:00:00 AM;2026/02/16 05:15:46 AM;Hyperion Strategic Finance Client;ORACLE COLOMBIA LTDA.;;;1;EM VARIAS;.
CW-160061;CW-160061_08;ASGBNJ2CGVBTVARPUBOXRPUBOXEYDR;Historical;ORACLE COLOMBIA LTDA.;Unallocated;ORACLE COLOMBIA LTDA.;EM VARIAS;2023/02/09 04:44:46 PM;2023/12/31 12:00:00 AM;2026/02/16 05:15:45 AM;Oracle WebLogic Server Enterprise;ORACLE COLOMBIA LTDA.;;;2;EM VARIAS;.
CW-160061;CW-160061_09;ASGFDND9B5J2CARPUBRERPUBREFSLS;Historical;ORACLE COLOMBIA LTDA.;Unallocated;ORACLE COLOMBIA LTDA.;EM VARIAS;2023/02/09 04:46:03 PM;2023/12/31 12:00:00 AM;2026/02/16 05:15:46 AM;Oracle HCM;ORACLE COLOMBIA LTDA.;;;334;EM VARIAS;.
CW165686;CW165686-001;ASGG8DGIDZG4UARG3STTRF4MA95CKM;Historical;Autodesk;01989080;MICROCAD SA;EMPRESAS PUBLICAS DE MEDELLIN E.S.P;2022/01/27 01:35:14 PM;2023/01/20 12:00:00 AM;2026/02/16 05:15:43 AM;Architecture Engineering & Construction Collection;MICROCAD SA;;;668;;.
CW165686;CW165686-002;ASGDBP1IIN2UDARG3SZTRF4MG929S9;Historical;Autodesk;01989080;MICROCAD SA;EMPRESAS PUBLICAS DE MEDELLIN E.S.P;2022/01/27 01:37:40 PM;2023/01/20 12:00:00 AM;2026/02/16 05:15:42 AM;Product Design & Manufacturing Collection;MICROCAD SA;;;125;;.
CW165686;CW165686-003;ASGG8DGIDZG4UARG3TFFRF4M1V5DGZ;Historical;Autodesk;01989080;MICROCAD SA;EMPRESAS PUBLICAS DE MEDELLIN E.S.P;2022/01/27 01:40:21 PM;2023/01/20 12:00:00 AM;2026/02/16 05:15:42 AM;Bim Collaborate;MICROCAD SA;;;25;EMPRESAS PUBLICAS DE MEDELLIN E.S.P;.
CW165686;CW165686-004;ASGAJOIFD0FXYARG3TIHRF4M4W4ZU2;Historical;Autodesk;01989080;MICROCAD SA;EMPRESAS PUBLICAS DE MEDELLIN E.S.P;2022/01/27 01:42:14 PM;2023/01/20 12:00:00 AM;2026/02/16 05:15:42 AM;Vault Professional;MICROCAD SA;;;273;EMPRESAS PUBLICAS DE MEDELLIN E.S.P;.
CW165686;CW165686-005;ASGAJOIFD0FXYARG3T1CRF4M7S5A7N;Historical;Autodesk;01989080;MICROCAD SA;EMPRESAS PUBLICAS DE MEDELLIN E.S.P;2022/01/27 01:43:46 PM;2023/01/20 12:00:00 AM;2026/02/16 05:15:42 AM;Media & Entertainment Collection;MICROCAD SA;;;2;EMPRESAS PUBLICAS DE MEDELLIN E.S.P;.
CW188199;CW188199-001;ASGCWMRSI3E4RARKRWLWRKRWLW8KFW;Historical;Six Sigma;01980509;ACOSIXSIGMA;EMPRESAS PUBLICAS DE MEDELLIN E.S.P;2022/11/03 08:16:00 AM;2025/08/31 12:00:00 AM;2026/02/16 05:15:44 AM;MINITAB;ACOSIXSIGMA;;"Los seriales de las licencias
temporarias pueden estar en el
siguiente rango:
317202100959767987
317202100856535842
317202100866061407
317202100874288587
317202155092423760
317203255103534945";999;EMPRESAS PUBLICAS DE MEDELLIN E.S.P;.
CW-2017-1413388;CW-2017-1413388-1;ASGA9TAFB7LH4AQDEYPCQCHFKYXSHN;Historical;Desconocido;Unallocated;SOFTWARE SHOP;EMPRESAS PUBLICAS DE MEDELLIN E.S.P;2019/12/26 03:15:59 PM;2020/08/27 12:00:00 AM;2026/02/16 05:15:33 AM;EViews 11;SOFTWARE SHOP;;;1;EMPRESAS PUBLICAS DE MEDELLIN E.S.P;.
CW-2019-1427363;CW-2019-1427363-001_;ASGADR4FJYMVQAPXKVXXPWN0IMKJFO;Historical;Desconocido;Unallocated;INGENIERÍA ESPECIALIZADA S.A.;EMPRESAS PUBLICAS DE MEDELLIN E.S.P;2019/09/09 02:17:54 PM;2021/06/21 12:00:00 AM;2026/02/16 05:15:33 AM;DIgSILENT PowerFactory;INGENIERÍA ESPECIALIZADA S.A.;;;14;EMPRESAS PUBLICAS DE MEDELLIN E.S.P;.
CW-2019-1427363;CW-2019-1427363-002;ASGADR4FJYMVQAQIA0ZOQHC2HFYC8X;Historical;Desconocido;Unallocated;INGENIERÍA ESPECIALIZADA S.A.;EMPRESAS PUBLICAS DE MEDELLIN E.S.P;2020/03/30 07:38:55 AM;2021/06/21 12:00:00 AM;2026/02/16 05:15:36 AM;DIgSILENT PowerFactory;INGENIERÍA ESPECIALIZADA S.A.;;;2;EMPRESAS PUBLICAS DE MEDELLIN E.S.P;.
CW-2019-1429871;CW-2019-1429871-001;ASGADR4FJYMVQAPX301YPW5OUS0O1I;Historical;Desconocido;Unallocated;Desconocido;EMPRESAS PUBLICAS DE MEDELLIN E.S.P;2019/09/05 11:48:06 AM;2021/08/30 12:00:00 AM;2026/02/16 05:15:33 AM;STOCHASTIC DYNAMIC DUAL PROGRAMMING - SDDP (MPODE);Desconocido;;;4;EMPRESAS PUBLICAS DE MEDELLIN E.S.P;.
CW-2019-1436940;CW-2019-1436940-001;ASGA9TAFB7LH4APXQ5JQPWSTKBTX3H;Historical;Desconocido;Unallocated;Desconocido;EMPRESAS PUBLICAS DE MEDELLIN E.S.P;2019/09/12 02:02:37 PM;2021/06/16 12:00:00 AM;2026/02/16 05:15:33 AM;GRED HD (GPR Data Post Procesing);Desconocido;;;2;EMPRESAS PUBLICAS DE MEDELLIN E.S.P;.
CW-2019-22240;CW-2019-22240-001;ASGA9TAFB7LH4APVUC3LPUW8SPD9VX;Historical;Desconocido;01980240;desconocido;EMPRESAS PUBLICAS DE MEDELLIN E.S.P;2019/08/06 04:12:02 PM;2019/09/22 12:00:00 AM;2026/02/16 05:15:33 AM;PLS CADD;desconocido;1062948;;1;EMPRESAS PUBLICAS DE MEDELLIN E.S.P;.
CW-2020-1060905_;CW-2020-1060905-001_;ASGADR4FJYMVQAQF7U0QQE9YZ453C8;Historical;Desconocido;Unallocated;Desconocido;EMPRESAS PUBLICAS DE MEDELLIN E.S.P;2020/02/10 11:13:51 AM;2021/02/08 12:00:00 AM;2026/02/16 05:15:35 AM;Toad for Oracle 13;Desconocido;"Este contrato se reemplazo por el contrato CW-12228.
WO912135";;999999999;EMPRESAS PUBLICAS DE MEDELLIN E.S.P;.
CW-2020-107275;CW-2020-107275-001;ASGADR4FJYMVQAQQ9JVMQPKMK57S99;Executed;MICROFOCUS;01989076;Evolution Technologies Group SAS;EMPRESAS PUBLICAS DE MEDELLIN E.S.P;2021/03/25 11:33:01 AM;2036/11/24 12:00:00 AM;2025/05/12 12:19:01 PM;Fortify Audit Workbench;Evolution Technologies Group SAS;1454319;;10;EMPRESAS PUBLICAS DE MEDELLIN E.S.P;.
CW-2020-110848;CW-2020-110848-001;ASGAI8AKBZV4TAQYR30EQXS5Q8IT4H;Historical;CHECKPOINT;01337385;ETEK INTERNATIONAL CORPORATION COLOMBIA;EMPRESAS PUBLICAS DE MEDELLIN E.S.P;2021/09/01 08:55:27 AM;2023/10/31 12:00:00 AM;2026/02/16 05:15:41 AM;Next Generation Security Management;ETEK INTERNATIONAL CORPORATION COLOMBIA;;;150;EMPRESAS PUBLICAS DE MEDELLIN E.S.P;.
CW-2020-110848;CW-2020-110848-002;ASGBNIF7CBKP4AQYR54QQXS7VEOIWD;Historical;Claroty;01337385;ETEK INTERNATIONAL CORPORATION COLOMBIA;EMPRESAS PUBLICAS DE MEDELLIN E.S.P;2021/09/01 09:41:36 AM;2023/10/31 12:00:00 AM;2026/02/16 05:15:41 AM;Claroty;ETEK INTERNATIONAL CORPORATION COLOMBIA;;;300;EMPRESAS PUBLICAS DE MEDELLIN E.S.P;.
CW-2020-73173;CW-2020-73173-001;ASGADR4FJYMVQAQTMERQQSN32T3N1E;Executed;Vector ITC LTDA;01989090;SOFFTEK RENOVATION S.A.S;EMPRESAS PUBLICAS DE MEDELLIN E.S.P;2021/05/24 08:16:47 AM;2036/12/03 12:00:00 AM;2025/05/12 12:19:01 PM;Ellenton;SOFFTEK RENOVATION S.A.S;;"epm-ait47
epm-wapp38";2;EMPRESAS PUBLICAS DE MEDELLIN E.S.P;.
CW-2021-101853;CW-2021-101853-001;ASGADR4FJYMVQAQX0DAYQW1HDCJJA5;Historical;UiPath SRL;01989015;UiPath SRL;EMPRESAS PUBLICAS DE MEDELLIN E.S.P;2021/08/03 02:23:20 PM;2023/02/24 12:00:00 AM;2026/02/16 05:15:41 AM;UiPath - Citizen Developer - Named User;UiPath SRL;;;35;EMPRESAS PUBLICAS DE MEDELLIN E.S.P;.
CW-2021-101853;CW-2021-101853-002;ASGI93LSJVO46AQZ3STFQY4U7A615B;Historical;UiPath;01989015;UiPath SRL;EMPRESAS PUBLICAS DE MEDELLIN E.S.P;2021/09/13 11:38:13 AM;2023/11/02 12:00:00 AM;2026/02/16 05:15:41 AM;TaskCapture;UiPath SRL;;;999;EMPRESAS PUBLICAS DE MEDELLIN E.S.P;.
CW-2021-139018;CW-2021-139018-001;ASGBNIF7CBKP4AQYSAJUQXTCQIREJE;Historical;INGENIERÍA ESPECIALIZADA S.A.;01989070;IEB INGENIERÍA ESPECIALIZADA S.A.;EMPRESAS PUBLICAS DE MEDELLIN E.S.P;2021/09/01 05:12:38 PM;2023/07/20 12:00:00 AM;2026/02/16 05:15:41 AM;DIGSILENT PowerFactory;IEB INGENIERÍA ESPECIALIZADA S.A.;1460795;;18;EMPRESAS PUBLICAS DE MEDELLIN E.S.P;.
CW-2021-148898;CW-2021-148898-001;ASGGARIOI5LOIARAMGO1QZNHJ9AU5C;Historical;PSRI;01989070;PSR;EMPRESAS PUBLICAS DE MEDELLIN E.S.P;2021/10/07 10:53:47 AM;2023/12/23 12:00:00 AM;2026/02/16 05:15:41 AM;SDDP;PSR;;;4;EMPRESAS PUBLICAS DE MEDELLIN E.S.P;.
CW-2021-152376;CW-2021-152376-001;ASGG8DGIDZG4UARGCQ8LRFD9P1VRIZ;Historical;ThermoFisher;01989073;Innovatek SAS;EMPRESAS PUBLICAS DE MEDELLIN E.S.P;2022/01/21 02:10:47 PM;2024/12/02 12:00:00 AM;2026/02/16 05:15:42 AM;SampleManager;Innovatek SAS;;;41;EMPRESAS PUBLICAS DE MEDELLIN E.S.P;.
CW-2021-152376;CW-2021-152376-002;ASGAJOIFD0FXYARGCQMGRFD9SW0I73;Historical;ThermoFisher;01989073;Innovatek SAS;EMPRESAS PUBLICAS DE MEDELLIN E.S.P;2022/01/21 02:11:58 PM;2024/12/02 12:00:00 AM;2026/02/16 05:15:42 AM;SampleManager;Innovatek SAS;;;19;EMPRESAS PUBLICAS DE MEDELLIN E.S.P;.
CW-2021-65374;CW-2021-65374-001;ASGA9TAFB7LH4AQWL9OFQVMOY3FMJ0;Executed;Campbell Scientific;01312014;CAMPBELL SCIENTIFIC;EMPRESAS PUBLICAS DE MEDELLIN E.S.P;2021/07/21 08:20:43 AM;2035/06/21 12:00:00 AM;2025/05/12 12:19:01 PM;PC400;CAMPBELL SCIENTIFIC;;;4;EMPRESAS PUBLICAS DE MEDELLIN E.S.P;.
CW-2021-76050;CW-2019-76050-001;ASGGARIOI5LOIAQZWJ6FQYX0B35BM0;Historical;Power Line Systems;01989070;HMV INGENIEROS LTDA.;EMPRESAS PUBLICAS DE MEDELLIN E.S.P;2021/09/23 10:55:46 AM;2024/12/15 12:00:00 AM;2026/02/16 05:15:41 AM;PLS-CADD;HMV INGENIEROS LTDA.;1069042;;12;EMPRESAS PUBLICAS DE MEDELLIN E.S.P;.
CW-2021-76050;CW-2019-76050-002;ASGEEXOECUPJAAQZWJQ2QYX01KNWRA;Historical;Power Line Systems;01989070;HMV INGENIEROS LTDA.;EMPRESAS PUBLICAS DE MEDELLIN E.S.P;2021/09/23 11:00:42 AM;2024/12/15 12:00:00 AM;2026/02/16 05:15:41 AM;PLS-TOWER;HMV INGENIEROS LTDA.;1069042;;6;EMPRESAS PUBLICAS DE MEDELLIN E.S.P;.
CW-2021-76050;CW-2019-76050-003;ASGEEXOECUPJAAQZWJT7QYX04PNWZF;Historical;Power Line Systems;01989070;HMV INGENIEROS LTDA.;EMPRESAS PUBLICAS DE MEDELLIN E.S.P;2021/09/23 11:02:25 AM;2024/12/15 12:00:00 AM;2026/02/16 05:15:41 AM;PLS-POLE;HMV INGENIEROS LTDA.;1069042;;2;EMPRESAS PUBLICAS DE MEDELLIN E.S.P;.
CW-2021-76608;CW-2021-76608-001;ASGADR4FJYMVQAQVK7YCQULP4QGIF1;Executed;Schneider Electric;01985024;SCHNEIDER ELECTRIC DE COLOMBIA S.A;EMPRESAS PUBLICAS DE MEDELLIN E.S.P;2021/07/01 08:13:35 AM;2035/06/28 12:00:00 AM;2025/05/12 12:19:01 PM;EcoStruxure Building Operation;SCHNEIDER ELECTRIC DE COLOMBIA S.A;;;1;EMPRESAS PUBLICAS DE MEDELLIN E.S.P;.
CW-2021-78631;CW-2021-78631-001;ASGD4FKDJ6N5EARDGZPPRCHXYX82C2;Executed;ESRI COLOMBIA S.A.S.;01989073;ESRI COLOMBIA S.A.S.;EMPRESAS PUBLICAS DE MEDELLIN E.S.P;2021/11/26 01:38:21 PM;2035/11/05 12:00:00 AM;2025/05/12 12:19:01 PM;ArcGIS Desktop;ESRI COLOMBIA S.A.S.;;;2;EMPRESAS PUBLICAS DE MEDELLIN E.S.P;.
CW210740;CW210740-001;ASGFKP5SJ89E3AS248RFS248RFZJDC;Executed;Desconocido;01989072;Desconocido;EMPRESAS PUBLICAS DE MEDELLIN E.S.P;2024/04/23 10:27:15 AM;2036/10/01 12:00:00 AM;2025/05/12 12:19:01 PM;SAC;Desconocido;;;69;EMPRESAS PUBLICAS DE MEDELLIN E.S.P;.
CW215338;CW215338-001;ASGBZBM7ITT46ARZVAXORZVAXOU9KX;Historical;Xseed;01989072;Xseed Software consultoria;EMPRESAS PUBLICAS DE MEDELLIN E.S.P;2023/08/23 03:02:33 PM;2025/11/30 12:00:00 AM;2026/02/16 05:15:47 AM;Xseed;Xseed Software consultoria;;;1;EMPRESAS PUBLICAS DE MEDELLIN E.S.P;.
CW215338;CW215338-002;ASGFKP5SJ89E3AS1M9YTS1M9YTF86P;Historical;Xseed;01989072;Xseed Software consultoria;EMPRESAS PUBLICAS DE MEDELLIN E.S.P;2024/04/08 07:59:43 AM;2025/11/30 12:00:00 AM;2026/02/16 05:15:49 AM;Xseed;Xseed Software consultoria;;;1;EMPRESAS PUBLICAS DE MEDELLIN E.S.P;.
CW-241427;CW-241427-01;ASGFDND9B5J2CARQCOSRRQCOSR9MJ6;Historical;CONTROLES EMPRESARIALES LTDA;Unallocated;CONTROLES EMPRESARIALES LTDA;EM VARIAS;2023/02/14 08:44:52 AM;2023/12/31 12:00:00 AM;2026/02/16 05:15:45 AM;VisStudio ProSubMSDN Per User SoftwareSA  2da anualidad;CONTROLES EMPRESARIALES LTDA;;;1;EM VARIAS;.
CW-241427;CW-241427-02;ASGFDND9B5J2CARQCOV4RQCOV49PIM;Historical;CONTROLES EMPRESARIALES LTDA;Unallocated;CONTROLES EMPRESARIALES LTDA;EM VARIAS;2023/02/14 08:46:41 AM;2023/12/31 12:00:00 AM;2026/02/16 05:15:46 AM;ExchOnline Plan2 User;CONTROLES EMPRESARIALES LTDA;;;125;EM VARIAS;.
CW-241427;CW-241427-03;ASGFDND9B5J2CARQCOZFRQCOZF9TGF;Historical;CONTROLES EMPRESARIALES LTDA;Unallocated;CONTROLES EMPRESARIALES LTDA;EM VARIAS;2023/02/14 08:48:50 AM;2023/12/31 12:00:00 AM;2026/02/16 05:15:45 AM;Project Plan3 User;CONTROLES EMPRESARIALES LTDA;;;8;EM VARIAS;.
CW-241427;CW-241427-04;ASGFDND9B5J2CARQCPC1RQCPC19X91;Historical;CONTROLES EMPRESARIALES LTDA;Unallocated;CONTROLES EMPRESARIALES LTDA;EM VARIAS;2023/02/14 08:50:23 AM;2023/12/31 12:00:00 AM;2026/02/16 05:15:47 AM;Power BI Pro User;CONTROLES EMPRESARIALES LTDA;;;9;EM VARIAS;.
CW-241427;CW-241427-05;ASGBNJ2CGVBTVARQCPE7RQCPE7BP2Z;Historical;CONTROLES EMPRESARIALES LTDA;Unallocated;CONTROLES EMPRESARIALES LTDA;EM VARIAS;2023/02/14 08:51:38 AM;2023/12/31 12:00:00 AM;2026/02/16 05:15:46 AM;M365 E3 ShrdSvr ALNG SubsVL MVL PerUsr (Original) (Microsoft 365 E3);CONTROLES EMPRESARIALES LTDA;;;280;EM VARIAS;.
CW-241427;CW-241427-06;ASGFDND9B5J2CARQCPGSRQCPGSKCD1;Historical;CONTROLES EMPRESARIALES LTDA;Unallocated;CONTROLES EMPRESARIALES LTDA;EM VARIAS;2023/02/14 08:53:37 AM;2023/12/31 12:00:00 AM;2026/02/16 05:15:46 AM;Defender for O365 Plan 1 SubVL Per User;CONTROLES EMPRESARIALES LTDA;;;280;EM VARIAS;.
CW-241427;CW-241427-07;ASGBNJ2CGVBTVARQCPJZRQCPJZBTH5;Historical;CONTROLES EMPRESARIALES LTDA;Unallocated;CONTROLES EMPRESARIALES LTDA;EM VARIAS;2023/02/14 08:55:17 AM;2023/12/31 12:00:00 AM;2026/02/16 05:15:47 AM;M365E5InfoProt&Governance ShrdSvr ALNG SubsVL MVL PerUsr;CONTROLES EMPRESARIALES LTDA;;;280;EM VARIAS;.
CW-241427;CW-241427-08;ASGBNJ2CGVBTVARQCP2NRQCP2NBUMT;Historical;CONTROLES EMPRESARIALES LTDA;Unallocated;CONTROLES EMPRESARIALES LTDA;EM VARIAS;2023/02/14 08:56:37 AM;2023/12/31 12:00:00 AM;2026/02/16 05:15:46 AM;Dyn365 CsSr Dev ClASA (software assurance);CONTROLES EMPRESARIALES LTDA;;;3;EM VARIAS;.
CW-241427;CW-241427-09;ASGBNJ2CGVBTVARQCP4XRQCP4XBWHN;Historical;CONTROLES EMPRESARIALES LTDA;Unallocated;CONTROLES EMPRESARIALES LTDA;EM VARIAS;2023/02/14 08:58:30 AM;2023/12/31 12:00:00 AM;2026/02/16 05:15:47 AM;Azure;CONTROLES EMPRESARIALES LTDA;;;1;EM VARIAS;.
CW261837;CW261837-001;ASGIB6OPATU8SASAE1E4SAE1E4164B;Executed;INGENIERÍA ESPECIALIZADA S.A.;01989025;INGENIERÍA ESPECIALIZADA S.A.;EMPRESAS PUBLICAS DE MEDELLIN E.S.P;2023/08/28 03:20:57 PM;2026/06/21 12:00:00 AM;2025/05/12 12:19:01 PM;DIGSILENT PowerFactory;INGENIERÍA ESPECIALIZADA S.A.;;;18;EMPRESAS PUBLICAS DE MEDELLIN E.S.P;.
CW261957;CW261957-001;ASGBB9V3IYZC0ATBK16OTBK16OZ0QT;Executed;Comsol Inc.;01312013;Comsol Inc.;EMPRESAS PUBLICAS DE MEDELLIN E.S.P;2025/08/25 01:47:50 PM;2037/12/31 12:00:00 AM;2026/01/05 05:13:14 PM;Comsol Multiphysics;Comsol Inc.;1483289;2096329;1;EMPRESAS PUBLICAS DE MEDELLIN E.S.P;.
CW264371;CW264371-001;ASGIB6OPATU8SARY2ZMGRY2ZMGVG8N;Executed;Oracle;01989074;ORACLE;EMPRESAS PUBLICAS DE MEDELLIN E.S.P;2023/07/25 10:43:20 AM;2026/07/31 12:00:00 AM;2025/05/12 12:19:01 PM;Hyperion Strategic Finance Client;ORACLE;;;31;EMPRESAS PUBLICAS DE MEDELLIN E.S.P;.
CW264371;CW264371-002;ASGDZQ5CAJVXTAS13Q00S13Q006X55;Executed;Oracle;01989074;ORACLE;EMPRESAS PUBLICAS DE MEDELLIN E.S.P;2024/04/03 01:40:31 PM;2026/07/31 12:00:00 AM;2025/05/12 12:19:01 PM;Oracle Hyperion Disclosure Management;ORACLE;;;2;EMPRESAS PUBLICAS DE MEDELLIN E.S.P;.
CW264371;CW264371-003;ASGAWGX7AQANSAS1MN07S1MN07D04O;Executed;Oracle;01989074;ORACLE;EMPRESAS PUBLICAS DE MEDELLIN E.S.P;2024/04/08 09:10:24 AM;2026/07/31 12:00:00 AM;2025/05/12 12:19:01 PM;Oracle Hyperion Financial Data Quality Management Conector;ORACLE;;;59;EMPRESAS PUBLICAS DE MEDELLIN E.S.P;.
CW264371;CW264371-004;ASGDZQ5CAJVXTAS1MMRSS1MMRSM44F;Executed;Oracle;01989074;ORACLE;EMPRESAS PUBLICAS DE MEDELLIN E.S.P;2024/04/08 08:59:54 AM;2026/07/31 12:00:00 AM;2025/05/12 12:19:01 PM;Oracle Hyperion Financial Data Quality Management;ORACLE;;;61;EMPRESAS PUBLICAS DE MEDELLIN E.S.P;.
CW264371;CW264371-005;ASGFKP5SJ89E3AS1MNOZS1MNOZ3BM3;Executed;Oracle;01989074;ORACLE;EMPRESAS PUBLICAS DE MEDELLIN E.S.P;2024/04/08 09:19:07 AM;2026/07/31 12:00:00 AM;2025/05/12 12:19:01 PM;Oracle Hyperion Financial Management - HFM;ORACLE;;;110;EMPRESAS PUBLICAS DE MEDELLIN E.S.P;.
CW264371;CW264371-006;ASGFKP5SJ89E3AS1MO2OS1MO2O406M;Executed;Oracle;01989074;ORACLE;EMPRESAS PUBLICAS DE MEDELLIN E.S.P;2024/04/08 09:33:45 AM;2026/07/31 12:00:00 AM;2025/05/12 12:19:01 PM;Financial Data Quality Management Adapter for Financial Management - Application User Perpetual;ORACLE;;;58;EMPRESAS PUBLICAS DE MEDELLIN E.S.P;.
CW264371;CW264371-007;ASGAWGX7AQANSAS1MOM8S1MOM8EBS9;Executed;Oracle;01989074;ORACLE;EMPRESAS PUBLICAS DE MEDELLIN E.S.P;2024/04/08 09:38:53 AM;2026/07/31 12:00:00 AM;2025/05/12 12:19:01 PM;Oracle Hyperion Financial Data Quality Management Enterprise Edition - Application User Perpetualv;ORACLE;;;3;EMPRESAS PUBLICAS DE MEDELLIN E.S.P;.
CW264371;CW264371-008;ASGAWGX7AQANSAS1MOQUS1MOQUEIFU;Executed;Oracle;01989074;ORACLE;EMPRESAS PUBLICAS DE MEDELLIN E.S.P;2024/04/08 09:41:32 AM;2026/07/31 12:00:00 AM;2025/05/12 12:19:01 PM;EPRCS Narrative Reporting;ORACLE;;;1;EMPRESAS PUBLICAS DE MEDELLIN E.S.P;.
CW264371;CW264371-009;ASGDZQ5CAJVXTAS1QSMQS1QSMQHQFQ;Executed;Oracle;01989074;ORACLE;EMPRESAS PUBLICAS DE MEDELLIN E.S.P;2024/04/10 02:57:20 PM;2026/07/31 12:00:00 AM;2025/05/12 12:19:01 PM;Oracle Hyperion Disclosure Management;ORACLE;;;2;EMPRESAS PUBLICAS DE MEDELLIN E.S.P;.
CW264371;CW264371-010;ASGFKP5SJ89E3AS1QTA3S1QTA3DEOD;Executed;Oracle;01989074;ORACLE;EMPRESAS PUBLICAS DE MEDELLIN E.S.P;2024/04/10 03:05:27 PM;2026/07/31 12:00:00 AM;2025/05/12 12:19:01 PM;EPRCS - Oracle Enterprise Performance Reporting Cloud Service - Hosted Named User;ORACLE;;;25;EMPRESAS PUBLICAS DE MEDELLIN E.S.P;.
CW264371;CW264371-011;ASGFKP5SJ89E3AS1QT3MS1QT3MDQPE;Executed;Oracle;01989074;ORACLE;EMPRESAS PUBLICAS DE MEDELLIN E.S.P;2024/04/10 03:12:35 PM;2026/07/31 12:00:00 AM;2025/05/12 12:19:01 PM;EPRCS Narrative Reporting;ORACLE;;;1;EMPRESAS PUBLICAS DE MEDELLIN E.S.P;.
CW264371;CW264371-012;ASGDZQ5CAJVXTAS1QV0MS1QV0MJIHV;Executed;Oracle;01989074;ORACLE;EMPRESAS PUBLICAS DE MEDELLIN E.S.P;2024/04/10 03:54:27 PM;2026/07/31 12:00:00 AM;2025/05/12 12:19:01 PM;Oracle Hyperion Strategic Finance - Application User Perpetual;ORACLE;;;20;EMPRESAS PUBLICAS DE MEDELLIN E.S.P;.
CW264371;CW264371-013;ASGAWGX7AQANSAS1QV8VS1QV8VNQGY;Executed;Oracle;01989074;ORACLE;EMPRESAS PUBLICAS DE MEDELLIN E.S.P;2024/04/10 03:58:33 PM;2026/07/31 12:00:00 AM;2025/05/12 12:19:01 PM;Hyperion System 9 Strategic Finance - Named Interactive User Perpetual;ORACLE;;;6;EMPRESAS PUBLICAS DE MEDELLIN E.S.P;.
CW264371;CW264371-014;ASGAWGX7AQANSAS1SCZ8S1SCZ8XFVC;Executed;Oracle;01989074;ORACLE;EMPRESAS PUBLICAS DE MEDELLIN E.S.P;2024/04/11 07:38:09 AM;2026/07/31 12:00:00 AM;2025/05/12 12:19:01 PM;Oracle Hyperion Financial Management - HFM;ORACLE;;;250;EMPRESAS PUBLICAS DE MEDELLIN E.S.P;.
CW264371;CW264371-015;ASGAWGX7AQANSAS1SED4S1SED4YE09;Executed;Oracle;01989074;ORACLE;EMPRESAS PUBLICAS DE MEDELLIN E.S.P;2024/04/11 08:01:12 AM;2026/07/31 12:00:00 AM;2025/05/12 12:19:01 PM;Oracle Hyperion Planning Plus - Application User Perpetual;ORACLE;;;94;EMPRESAS PUBLICAS DE MEDELLIN E.S.P;.
CW264371;CW264371-016;ASGAWGX7AQANSAS1SE73S1SE73Y2WX;Executed;Oracle;01989074;ORACLE;EMPRESAS PUBLICAS DE MEDELLIN E.S.P;2024/04/11 08:09:33 AM;2026/07/31 12:00:00 AM;2025/05/12 12:19:01 PM;Oracle Planning and Budgeting Cloud Service – Hosted named User;ORACLE;;;17;EMPRESAS PUBLICAS DE MEDELLIN E.S.P;.
CW265280;CW265280-001;ASGAWGX7AQANSAS4KHSDS4KHSDEV62;Historical;EMTELCO S.A.;01337382;Desconocido;EMPRESAS PUBLICAS DE MEDELLIN E.S.P;2024/06/04 09:20:10 AM;2024/06/30 12:00:00 AM;2026/02/16 05:15:49 AM;Genesys cloud;Desconocido;;;2;EMPRESAS PUBLICAS DE MEDELLIN E.S.P;.
CW265620;CW265620-001;ASGFKP5SJ89E3AS79PDOS79PDOP3I9;Executed;SIEMENS S.A.;01320244;SIEMENS S.A.;EMPRESAS PUBLICAS DE MEDELLIN E.S.P;2024/08/01 10:18:22 AM;2030/07/15 12:00:00 AM;2025/05/12 12:19:01 PM;DIGSI;SIEMENS S.A.;KW2771237, OW2776493, KW2785697, OW2785750, OW2805860;;10;;.
CW266818;CW266818-001;ASGIB6OPATU8SARZUKHJRZUKHJK18B;Executed;UiPath SRL;01989075;UiPath SRL;EMPRESAS PUBLICAS DE MEDELLIN E.S.P;2023/08/23 09:03:03 AM;2026/07/30 12:00:00 AM;2025/05/12 12:19:01 PM;UiPath - Citizen Developer - Named User;UiPath SRL;;;40;EMPRESAS PUBLICAS DE MEDELLIN E.S.P;.
CW266818;CW266818-002;ASGIB6OPATU8SARZUL17RZUL17LCQH;Executed;UiPath SRL;01989075;UiPath SRL;EMPRESAS PUBLICAS DE MEDELLIN E.S.P;2023/08/23 09:25:11 AM;2026/07/30 12:00:00 AM;2025/05/12 12:19:01 PM;UiPath - Attended - Named User;UiPath SRL;;;60;EMPRESAS PUBLICAS DE MEDELLIN E.S.P;.
CW266818;CW266818-003;ASGBZBM7ITT46ARZULLERZULLENEJ2;Executed;UiPath SRL;01989075;UiPath SRL;EMPRESAS PUBLICAS DE MEDELLIN E.S.P;2023/08/23 09:32:36 AM;2026/07/30 12:00:00 AM;2025/05/12 12:19:01 PM;UiPath Cloud Automation Hub Standard;UiPath SRL;;;1;EMPRESAS PUBLICAS DE MEDELLIN E.S.P;.
CW266818;CW266818-004;ASGBZBM7ITT46ARZUMDMRZUMDMN6MG;Executed;UiPath SRL;01989075;UiPath SRL;EMPRESAS PUBLICAS DE MEDELLIN E.S.P;2023/08/23 09:51:21 AM;2026/07/30 12:00:00 AM;2025/05/12 12:19:01 PM;UiPath Robot NonProduction;UiPath SRL;;;4;EMPRESAS PUBLICAS DE MEDELLIN E.S.P;.
CW266818;CW266818-005;ASGJSFNSJXX24ARZUNI7RZUNI7ERPH;Executed;UiPath SRL;01989075;UiPath SRL;EMPRESAS PUBLICAS DE MEDELLIN E.S.P;2023/08/23 10:19:03 AM;2026/07/30 12:00:00 AM;2025/05/12 12:19:01 PM;UiPath Studio Concurrent;UiPath SRL;;;12;EMPRESAS PUBLICAS DE MEDELLIN E.S.P;.
CW266818;CW266818-006;ASGIB6OPATU8SARZURAIRZURAIOTT7;Executed;UiPath SRL;01989075;UiPath SRL;EMPRESAS PUBLICAS DE MEDELLIN E.S.P;2023/08/23 11:29:36 AM;2026/07/30 12:00:00 AM;2025/05/12 12:19:01 PM;UiPath Unattended Robot Concurrent Runtime;UiPath SRL;;;12;EMPRESAS PUBLICAS DE MEDELLIN E.S.P;.
CW266818;CW266818-007;ASGJSFNSJXX24ARZUR4FRZUR4F1NC9;Executed;UiPath SRL;01989075;UiPath SRL;EMPRESAS PUBLICAS DE MEDELLIN E.S.P;2023/08/23 11:36:26 AM;2026/07/30 12:00:00 AM;2025/05/12 12:19:01 PM;UiPath Orchestrator Standard;UiPath SRL;;;1;EMPRESAS PUBLICAS DE MEDELLIN E.S.P;.
CW266818;CW266818-008;ASGC647BF4GWDASJE3CESJE3CEWW1S;Executed;UiPath SRL;01989075;UiPath SRL;EMPRESAS PUBLICAS DE MEDELLIN E.S.P;2024/02/19 03:06:35 PM;2026/07/30 12:00:00 AM;2025/05/12 12:19:01 PM;UiPath  Orchestrator NonProduction;UiPath SRL;;;1;EMPRESAS PUBLICAS DE MEDELLIN E.S.P;.
CW271982;CW271982-001;ASGEFWO5C421DASHCG2FSHCG2FXJ6A;Historical;Vallen systeme;01980294;Xcel Inspection;EMPRESAS PUBLICAS DE MEDELLIN E.S.P;2024/01/10 01:37:12 PM;2025/12/12 12:00:00 AM;2026/02/16 05:15:48 AM;Vallen control panel;Xcel Inspection;271982;;5;EMPRESAS PUBLICAS DE MEDELLIN E.S.P;.
CW275943;CW275943-001;ASGHQUY5ITS9AASR1VM4SR1VM4RRP8;Executed;PSRI;01989025;PSR;EMPRESAS PUBLICAS DE MEDELLIN E.S.P;2025/02/07 02:34:23 PM;2026/11/29 12:00:00 AM;2025/05/12 12:19:01 PM;SDDP (MPODE);PSR;;;4;EMPRESAS PUBLICAS DE MEDELLIN E.S.P;.
CW-27611;CW-27611-001;ASGA9TAFB7LH4AQF2A37QE4E5Q4MLW;Historical;Desconocido;Unallocated;Desconocido;EDEQ S.A. E.S.P.;2020/02/07 07:40:51 AM;2019/12/01 12:00:00 AM;2026/02/16 05:15:35 AM;RI (Revenue Intelligence) CHOICE;Desconocido;;;1;EDEQ S.A. E.S.P.;.
CW-27623;CW-27623-001;ASGA9TAFB7LH4AQF2ASGQE4EU54QSI;Historical;Desconocido;Unallocated;Desconocido;EDEQ S.A. E.S.P.;2020/02/07 07:48:06 AM;2019/12/01 12:00:00 AM;2026/02/16 05:15:34 AM;HANA-SAP;Desconocido;;;1;EDEQ S.A. E.S.P.;.
CW277076;CW277076-001;ASGFKP5SJ89E3AS24MJOS24MJOERRF;Executed;Solati SAS;01989072;Soluciones Latinas Administrativas Integrales Solati SAS.;EMPRESAS PUBLICAS DE MEDELLIN E.S.P;2024/04/23 11:43:57 AM;2026/10/31 12:00:00 AM;2025/05/12 12:19:01 PM;Adminfo Vsmart;Soluciones Latinas Administrativas Integrales Solati SAS.;;;150;EMPRESAS PUBLICAS DE MEDELLIN E.S.P;.
CW-277694;CW-277694-01;ASGHQUY5ITS9AASQKEEUSQKEEU87V9;Historical;Microsoft;Unallocated;CONTROLES EMPRESARIALES LTDA;EM VARIAS;2025/01/23 02:45:45 PM;2024/12/31 12:00:00 AM;2026/02/16 05:15:50 AM;M365 E3 ShrdSvr ALNG SubsVL MVL PerUsr (Original) (Microsoft 365 E3);CONTROLES EMPRESARIALES LTDA;;;280;EM VARIAS;.
CW-277694;CW-277694-02;ASGFK816BYORHASQKEJQSQKEJQFXSI;Historical;Microsoft;Unallocated;CONTROLES EMPRESARIALES LTDA;EM VARIAS;2025/01/23 02:49:43 PM;2024/12/31 12:00:00 AM;2026/02/16 05:15:49 AM;Defender for O365 Plan 1 SubVL Per User;CONTROLES EMPRESARIALES LTDA;;;280;EM VARIAS;.
CW-277694;CW-277694-03;ASGHQUY5ITS9AASQKETWSQKETW8ZS8;Historical;Microsoft;Unallocated;CONTROLES EMPRESARIALES LTDA;EM VARIAS;2025/01/23 02:59:50 PM;2024/12/31 12:00:00 AM;2026/02/16 05:15:49 AM;Project Plan3 User;CONTROLES EMPRESARIALES LTDA;;;8;EM VARIAS;.
CW-277694;CW-277694-04;ASGFK816BYORHASQKEYOSQKEYOGOPG;Historical;Microsoft;Unallocated;CONTROLES EMPRESARIALES LTDA;EM VARIAS;2025/01/23 03:02:52 PM;2024/12/31 12:00:00 AM;2026/02/16 05:15:49 AM;ExchOnline Plan2 User;CONTROLES EMPRESARIALES LTDA;;;125;EM VARIAS;.
CW-277694;CW-277694-05;ASGFK816BYORHASQKFDKSQKFDKGS8B;Historical;Microsoft;Unallocated;CONTROLES EMPRESARIALES LTDA;EM VARIAS;2025/01/23 03:09:18 PM;2024/12/31 12:00:00 AM;2026/02/16 05:15:50 AM;Dyn365 CsSr (Dynamics 365 Customer Service);CONTROLES EMPRESARIALES LTDA;;;3;EM VARIAS;.
CW-277694;CW-277694-06;ASGGY5F7DCJYMASQKF2QSQKF2QNUAW;Historical;Microsoft;Unallocated;CONTROLES EMPRESARIALES LTDA;EM VARIAS;2025/01/23 03:10:56 PM;2024/12/31 12:00:00 AM;2026/02/16 05:15:51 AM;Power BI Pro User;CONTROLES EMPRESARIALES LTDA;;;9;EM VARIAS;.
CW-277694;CW-277694-07;ASGFK816BYORHASQKF5YSQKF5YHCG7;Historical;Microsoft;Unallocated;CONTROLES EMPRESARIALES LTDA;EM VARIAS;2025/01/23 03:12:59 PM;2024/12/31 12:00:00 AM;2026/02/16 05:15:51 AM;M365E5InfoProt&Governance ShrdSvr ALNG SubsVL MVL PerUsr;CONTROLES EMPRESARIALES LTDA;;;280;EM VARIAS;.
CW-277694;CW-277694-08;ASGGY5F7DCJYMASQKF9NSQKF9NOI5E;Historical;Microsoft;Unallocated;CONTROLES EMPRESARIALES LTDA;EM VARIAS;2025/01/23 03:15:11 PM;2024/12/31 12:00:00 AM;2026/02/16 05:15:51 AM;Azure;CONTROLES EMPRESARIALES LTDA;;;1;EM VARIAS;.
CW278139;CW278139-001;ASGDZQ5CAJVXTAS17A88S17A887556;Executed;IBAK;01511064;IBAK;EMPRESAS PUBLICAS DE MEDELLIN E.S.P;2024/04/05 08:17:37 AM;2037/12/10 12:00:00 AM;2025/05/12 12:19:01 PM;Ikas Evolution;IBAK;;;6;EMPRESAS PUBLICAS DE MEDELLIN E.S.P;.
CW281288;CW281288-001;ASGDZQ5CAJVXTAS1UIOCS1UIOC9X88;Executed;Empsii;01989072;Empsii;EMPRESAS PUBLICAS DE MEDELLIN E.S.P;2024/04/12 11:37:35 AM;2026/12/12 12:00:00 AM;2025/05/12 12:19:01 PM;Mithra;Empsii;;;1;EMPRESAS PUBLICAS DE MEDELLIN E.S.P;.
CW282094;CW282094-001;ASGAWGX7AQANSAS3UGZ9S3UGZ9WG40;Historical;Trimble;01411027;BIM LATINOAMERICA SA;EMPRESAS PUBLICAS DE MEDELLIN E.S.P;2024/05/21 08:05:38 AM;2025/05/05 12:00:00 AM;2026/02/16 05:15:49 AM;SketchUp Pro;BIM LATINOAMERICA SA;1492432;;8;EMPRESAS PUBLICAS DE MEDELLIN E.S.P;.
CW282094;CW282094-002;ASGFKP5SJ89E3AS3UH4US3UH4UYAC6;Executed;Adobe Inc.;01989080;MEGACAD INGENIERIA Y SISTEMAS SAS;EMPRESAS PUBLICAS DE MEDELLIN E.S.P;2024/05/21 08:17:20 AM;2026/12/10 12:00:00 AM;2025/05/12 12:19:01 PM;Adobe Creative Cloud;MEGACAD INGENIERIA Y SISTEMAS SAS;;;17;EMPRESAS PUBLICAS DE MEDELLIN E.S.P;.
CW282094;CW282094-003;ASGAWGX7AQANSAS3UHVIS3UHVIWUJF;Executed;Adobe Inc.;01989080;MEGACAD INGENIERIA Y SISTEMAS SAS;EMPRESAS PUBLICAS DE MEDELLIN E.S.P;2024/05/21 08:25:22 AM;2026/12/10 12:00:00 AM;2025/05/12 12:19:01 PM;Adobe Acrobat Pro DC;MEGACAD INGENIERIA Y SISTEMAS SAS;;;200;EMPRESAS PUBLICAS DE MEDELLIN E.S.P;.
CW282094;CW282094-004;ASGFKP5SJ89E3AS3UHYRS3UHYRZJ6B;Executed;Adobe Inc.;01989080;MEGACAD INGENIERIA Y SISTEMAS SAS;EMPRESAS PUBLICAS DE MEDELLIN E.S.P;2024/05/21 08:27:24 AM;2026/12/10 12:00:00 AM;2025/05/12 12:19:01 PM;Adobe Audition;MEGACAD INGENIERIA Y SISTEMAS SAS;;;2;EMPRESAS PUBLICAS DE MEDELLIN E.S.P;.
CW-287720;CW-287720_01;ASGHQUY5ITS9AASQKG73SQKG739ZF6;Historical;Oracle;Unallocated;ORACLE COLOMBIA LTDA.;EM VARIAS;2025/01/23 03:35:19 PM;2025/12/31 12:00:00 AM;2026/02/16 05:15:49 AM;Hyperion Strategic Finance Client;ORACLE COLOMBIA LTDA.;;;1;EM VARIAS;.
CW-287720;CW-287720_02;ASGFK816BYORHASQKG94SQKG94HXSF;Historical;Oracle;Unallocated;ORACLE COLOMBIA LTDA.;EM VARIAS;2025/01/23 03:36:29 PM;2025/12/31 12:00:00 AM;2026/02/16 05:15:49 AM;Oracle HCM;ORACLE COLOMBIA LTDA.;;;334;EM VARIAS;.
CW-287720;CW-287720_03;ASGFK816BYORHASQKGL6SQKGL6HZN2;Historical;Oracle;Unallocated;ORACLE COLOMBIA LTDA.;EM VARIAS;2025/01/23 03:37:43 PM;2025/12/31 12:00:00 AM;2026/02/16 05:15:51 AM;Oracle Internet Developer Suite;ORACLE COLOMBIA LTDA.;;;3;EM VARIAS;.
CW-287720;CW-287720_04;ASGFK816BYORHASQKGN4SQKGN4IB6R;Historical;Oracle;Unallocated;ORACLE COLOMBIA LTDA.;EM VARIAS;2025/01/23 03:38:44 PM;2025/12/31 12:00:00 AM;2026/02/16 05:15:50 AM;Oracle Database Standard/Personal Edition;ORACLE COLOMBIA LTDA.;;;30;EM VARIAS;.
CW-287720;CW-287720_05;ASGGY5F7DCJYMASQKGPGSQKGPGQ76V;Historical;Oracle;Unallocated;ORACLE COLOMBIA LTDA.;EM VARIAS;2025/01/23 03:40:01 PM;2025/12/31 12:00:00 AM;2026/02/16 05:15:50 AM;JD Edwards EnterpriseOne;ORACLE COLOMBIA LTDA.;;;90;EM VARIAS;.
CW-287720;CW-287720_06;ASGGY5F7DCJYMASQKGR4SQKGR4QKLS;Historical;Oracle;Unallocated;ORACLE COLOMBIA LTDA.;EM VARIAS;2025/01/23 03:41:26 PM;2025/12/31 12:00:00 AM;2026/02/16 05:15:50 AM;Oracle Database Standard/Personal Edition;ORACLE COLOMBIA LTDA.;;;2;EM VARIAS;.
CW-287720;CW-287720_07;ASGGY5F7DCJYMASQKGTPSQKGTPQOOQ;Historical;Oracle;Unallocated;ORACLE COLOMBIA LTDA.;EM VARIAS;2025/01/23 03:42:47 PM;2025/12/31 12:00:00 AM;2026/02/16 05:15:51 AM;Oracle WebLogic Server Enterprise;ORACLE COLOMBIA LTDA.;;;2;EM VARIAS;.
CW-287720;CW-287720_08;ASGFK816BYORHASQKGWESQKGWEIH82;Historical;Oracle;Unallocated;ORACLE COLOMBIA LTDA.;EM VARIAS;2025/01/23 03:44:10 PM;2025/12/31 12:00:00 AM;2026/02/16 05:15:50 AM;Oracle Database Standard/Personal Edition;ORACLE COLOMBIA LTDA.;;;80;EM VARIAS;.
CW-287720;CW-287720_09;ASGGY5F7DCJYMASQKGYESQKGYEQXPT;Historical;Oracle;Unallocated;ORACLE COLOMBIA LTDA.;EM VARIAS;2025/01/23 03:45:37 PM;2025/12/31 12:00:00 AM;2026/02/16 05:15:50 AM;Oracle Database Standard/Personal Edition;ORACLE COLOMBIA LTDA.;;;19;EM VARIAS;.
CW300472;CW300472-001;ASGHQUY5ITS9AASQ6701SQ6701EAUH;Historical;Six Sigma;01980563;ACOSIXSIGMA;EMPRESAS PUBLICAS DE MEDELLIN E.S.P;2025/01/21 03:39:56 PM;2026/01/31 12:00:00 AM;2026/02/16 05:15:49 AM;MINITAB;ACOSIXSIGMA;;"Los seriales de las licencias temporarias pertenecen al siguiente rango:
 
317202100959732453 
317202100856558692 
317202100866456921
317202100874662573 
317202155092433997
317203255103505056";6;EMPRESAS PUBLICAS DE MEDELLIN E.S.P;.
CW307410;CW307410-001;ASGFK816BYORHASP8SAASP8SAAWRRC;Executed;Celsa;01337029;CELSA.S.A.S;EMPRESAS PUBLICAS DE MEDELLIN E.S.P;2025/01/03 10:51:38 AM;2036/01/01 12:00:00 AM;2025/05/12 12:19:01 PM;Smarttools - Raptor;CELSA.S.A.S;;;1;EMPRESAS PUBLICAS DE MEDELLIN E.S.P;.
CW313479;CW313479-001;ASGGY5F7DCJYMASU668CSU668CYCYQ;Historical;OCLC;01989074;NOVA INFORMATICA;EMPRESAS PUBLICAS DE MEDELLIN E.S.P;2025/04/09 09:36:24 AM;2026/01/27 12:00:00 AM;2026/02/16 05:15:50 AM;CONTENTdm Project Client;NOVA INFORMATICA;OG -1082451;;1;EMPRESAS PUBLICAS DE MEDELLIN E.S.P;.
CW-324211;CW-324211-01;ASGFK816BYORHASQKFPDSQKFPDHJFB;Historical;Microsoft;Unallocated;CONTROLES EMPRESARIALES LTDA;EM VARIAS;2025/01/23 03:18:34 PM;2025/12/31 12:00:00 AM;2026/02/16 05:15:51 AM;M365 E3 ShrdSvr ALNG SubsVL MVL PerUsr (Original) (Microsoft 365 E3);CONTROLES EMPRESARIALES LTDA;;;230;EM VARIAS;.
CW-324211;CW-324211-02;ASGFK816BYORHASQKFR6SQKFR6H0Z3;Historical;Microsoft;Unallocated;CONTROLES EMPRESARIALES LTDA;EM VARIAS;2025/01/23 03:19:50 PM;2025/12/31 12:00:00 AM;2026/02/16 05:15:50 AM;Defender for O365 Plan 1 SubVL Per User;CONTROLES EMPRESARIALES LTDA;;;230;EM VARIAS;.
CW-324211;CW-324211-03;ASGFK816BYORHASQKFTSSQKFTSH2RD;Historical;Microsoft;Unallocated;CONTROLES EMPRESARIALES LTDA;EM VARIAS;2025/01/23 03:21:11 PM;2025/12/31 12:00:00 AM;2026/02/16 05:15:50 AM;Project Plan3 User;CONTROLES EMPRESARIALES LTDA;;;8;EM VARIAS;.
CW-324211;CW-324211-04;ASGFK816BYORHASQKFVVSQKFVVH47E;Historical;Microsoft;Unallocated;CONTROLES EMPRESARIALES LTDA;EM VARIAS;2025/01/23 03:22:23 PM;2025/12/31 12:00:00 AM;2026/02/16 05:15:49 AM;ExchOnline Plan2 User;CONTROLES EMPRESARIALES LTDA;;;110;EM VARIAS;.
CW-324211;CW-324211-05;ASGGY5F7DCJYMASQKGASSQKGASPDZW;Historical;Microsoft;Unallocated;CONTROLES EMPRESARIALES LTDA;EM VARIAS;2025/01/23 03:25:30 PM;2025/12/31 12:00:00 AM;2026/02/16 05:15:50 AM;Dyn365 CsSr (Dynamics 365 Customer Service);CONTROLES EMPRESARIALES LTDA;;;6;EM VARIAS;.
CW-324211;CW-324211-06;ASGGY5F7DCJYMASQKGDDSQKGDDPI93;Historical;Microsoft;Unallocated;CONTROLES EMPRESARIALES LTDA;EM VARIAS;2025/01/23 03:26:51 PM;2025/12/31 12:00:00 AM;2026/02/16 05:15:51 AM;Power BI Pro User;CONTROLES EMPRESARIALES LTDA;;;5;EM VARIAS;.
CW-324211;CW-324211-07;ASGGY5F7DCJYMASQKGGCSQKGGCP68Q;Historical;Microsoft;Unallocated;CONTROLES EMPRESARIALES LTDA;EM VARIAS;2025/01/23 03:28:35 PM;2025/12/31 12:00:00 AM;2026/02/16 05:15:50 AM;M365E5InfoProt&Governance ShrdSvr ALNG SubsVL MVL PerUsr;CONTROLES EMPRESARIALES LTDA;;;230;EM VARIAS;.
CW-324211;CW-324211-10;ASGHQUY5ITS9AASQKGI4SQKGI49TOZ;Historical;Microsoft;Unallocated;CONTROLES EMPRESARIALES LTDA;EM VARIAS;2025/01/23 03:29:52 PM;2025/12/31 12:00:00 AM;2026/02/16 05:15:50 AM;Teams Phone Estándar Sub Per User;CONTROLES EMPRESARIALES LTDA;;;42;EM VARIAS;.
CW-324211;CW-324211-11;ASGHQUY5ITS9AASQKG08SQKG089UVO;Historical;Microsoft;Unallocated;CONTROLES EMPRESARIALES LTDA;EM VARIAS;2025/01/23 03:31:23 PM;2025/12/31 12:00:00 AM;2026/02/16 05:15:49 AM;Visio P2 Sub Per User;CONTROLES EMPRESARIALES LTDA;;;2;EM VARIAS;.
CW-324211;CW-324211-12;ASGFK816BYORHASQKG2YSQKG2YHQGZ;Historical;Microsoft;Unallocated;CONTROLES EMPRESARIALES LTDA;EM VARIAS;2025/01/23 03:32:32 PM;2025/12/31 12:00:00 AM;2026/02/16 05:15:51 AM;M365 Copilot Sub Add-on;CONTROLES EMPRESARIALES LTDA;;;2;EM VARIAS;.
CW-33334;CW-33334-001;ASGBNJ2CGVBTVARQEWACRQEWACWJME;Executed;IMOCOM S.A.S.;01312013;IMOCOM S.A.S.;EMPRESAS PUBLICAS DE MEDELLIN E.S.P;2023/02/15 01:16:46 PM;2036/01/23 12:00:00 AM;2025/05/12 12:19:01 PM;Polyworks;IMOCOM S.A.S.;;;1;EMPRESAS PUBLICAS DE MEDELLIN E.S.P;.
CW-34268;CW-34268-001;ASGADR4FJYMVQAQF0OIEQE2SWSE9XO;Historical;Desconocido;Unallocated;Desconocido;EDEQ S.A. E.S.P.;2020/02/06 02:19:43 PM;2020/08/30 12:00:00 AM;2026/02/16 05:15:35 AM;Citrix Server Advanced Xenapp;Desconocido;;;38;EDEQ S.A. E.S.P.;.
CW-34268;CW-34268-002;ASGA9TAFB7LH4AQF0OLRQE2TCTS0ES;Historical;Desconocido;Unallocated;Desconocido;EDEQ S.A. E.S.P.;2020/02/06 02:26:57 PM;2020/08/30 12:00:00 AM;2026/02/16 05:15:35 AM;Citrix Netscaler Gateway;Desconocido;;;1;EDEQ S.A. E.S.P.;.
CW-35192;CW-35192-001;ASGADR4FJYMVQAQF1Z8HQE4EGVGG1I;Executed;ESRI COLOMBIA S.A.S.;Unallocated;ESRI COLOMBIA S.A.S.;EDEQ S.A. E.S.P.;2020/02/07 07:19:39 AM;2030/09/18 12:00:00 AM;2025/12/19 09:47:59 AM;ARCGIS Desktop Standard;ESRI COLOMBIA S.A.S.;;;1;EMPRESAS PUBLICAS DE MEDELLIN E.S.P;.
CW-35192;CW-35192-002;ASGA9TAFB7LH4AQF1ZNQQE4DPZ45Z8;Executed;ESRI COLOMBIA S.A.S.;Unallocated;ESRI COLOMBIA S.A.S.;EDEQ S.A. E.S.P.;2020/02/07 07:24:15 AM;2030/09/18 12:00:00 AM;2025/12/19 09:48:30 AM;ARCGIS Enterprise Standard;ESRI COLOMBIA S.A.S.;;;1;EDEQ S.A. E.S.P.;.
CW-366979;CW-366979-01;ASGJR68LATILOATJ1QZYTJ1QZYZ7W3;Executed;Microsoft;Unallocated;CONTROLES EMPRESARIALES LTDA;EM VARIAS;2026/01/23 10:59:30 AM;2026/12/31 12:00:00 AM;2026/01/23 10:59:38 AM;M365 E3 ShrdSvr ALNG SubsVL MVL PerUsr (Original) (Microsoft 365 E3);CONTROLES EMPRESARIALES LTDA;;;260;EM VARIAS;.
CW-366979;CW-366979-02;ASGCX11BEBAG1ATJ1RDWTJ1RDW2C2O;Executed;Microsoft;Unallocated;CONTROLES EMPRESARIALES LTDA;EM VARIAS;2026/01/23 11:00:52 AM;2026/12/31 12:00:00 AM;2026/01/23 11:01:01 AM;Defender for O365 Plan 1 SubVL Per User;CONTROLES EMPRESARIALES LTDA;;;260;EM VARIAS;.
CW-366979;CW-366979-03;ASGCX11BEBAG1ATJ1RGGTJ1RGG2F1A;Executed;Microsoft;Unallocated;CONTROLES EMPRESARIALES LTDA;EM VARIAS;2026/01/23 11:02:28 AM;2026/12/31 12:00:00 AM;2026/01/23 11:02:37 AM;Project Plan3 User;CONTROLES EMPRESARIALES LTDA;;;8;EM VARIAS;.
CW-366979;CW-366979-04;ASGJR68LATILOATJ1RIZTJ1RIZZRKL;Executed;Microsoft;Unallocated;CONTROLES EMPRESARIALES LTDA;EM VARIAS;2026/01/23 11:03:58 AM;2026/12/31 12:00:00 AM;2026/01/23 11:04:07 AM;ExchOnline Plan2 User;CONTROLES EMPRESARIALES LTDA;;;110;EM VARIAS;.
CW-366979;CW-366979-05;ASGCX11BEBAG1ATJ1R1ETJ1R1E25EH;Executed;Microsoft;Unallocated;CONTROLES EMPRESARIALES LTDA;EM VARIAS;2026/01/23 11:05:34 AM;2026/12/31 12:00:00 AM;2026/01/23 11:05:42 AM;Dyn365 CsSr (Dynamics 365 Customer Service);CONTROLES EMPRESARIALES LTDA;;;6;EM VARIAS;.
CW-366979;CW-366979-06;ASGBB9V3IYZC0ATJ1R4STJ1R4SGNTZ;Executed;Microsoft;Unallocated;CONTROLES EMPRESARIALES LTDA;EM VARIAS;2026/01/23 11:07:25 AM;2026/12/31 12:00:00 AM;2026/01/23 11:08:56 AM;Power BI Pro User;CONTROLES EMPRESARIALES LTDA;;;5;EM VARIAS;.
CW-366979;CW-366979-07;ASGBB9V3IYZC0ATJ1R98TJ1R98GT94;Executed;Microsoft;Unallocated;CONTROLES EMPRESARIALES LTDA;EM VARIAS;2026/01/23 11:10:10 AM;2026/12/31 12:00:00 AM;2026/01/23 11:10:20 AM;M365E5InfoProt&Governance ShrdSvr ALNG SubsVL MVL PerUsr;CONTROLES EMPRESARIALES LTDA;;;260;EM VARIAS;.
CW-366979;CW-366979-08;ASGCX11BEBAG1ATJ1RRHTJ1RRH2YNY;Executed;Microsoft;Unallocated;CONTROLES EMPRESARIALES LTDA;EM VARIAS;2026/01/23 11:14:52 AM;2026/12/31 12:00:00 AM;2026/01/23 11:15:02 AM;Teams Phone Estándar Sub Per User;CONTROLES EMPRESARIALES LTDA;;;42;EM VARIAS;.
CW-366979;CW-366979-09;ASGBB9V3IYZC0ATJ1SCQTJ1SCQH5XL;Executed;Microsoft;Unallocated;CONTROLES EMPRESARIALES LTDA;EM VARIAS;2026/01/23 11:21:37 AM;2026/12/31 12:00:00 AM;2026/01/23 11:21:45 AM;Visio P2 Sub Per User;CONTROLES EMPRESARIALES LTDA;;;2;EM VARIAS;.
CW-366979;CW-366979-10;ASGCX11BEBAG1ATJ1SEMTJ1SEM38WT;Executed;Microsoft;Unallocated;CONTROLES EMPRESARIALES LTDA;EM VARIAS;2026/01/23 11:22:44 AM;2026/12/31 12:00:00 AM;2026/01/23 11:22:53 AM;M365 Copilot Sub Add-on;CONTROLES EMPRESARIALES LTDA;;;2;EM VARIAS;.
CW-366979;CW-366979-11;ASGCX11BEBAG1ATJ1SIJTJ1SIJ3PCY;Executed;Microsoft;Unallocated;CONTROLES EMPRESARIALES LTDA;EM VARIAS;2026/01/23 11:25:46 AM;2027/12/31 12:00:00 AM;2026/01/23 01:45:13 PM;M365 E3 ShrdSvr ALNG SubsVL MVL PerUsr (Original) (Microsoft 365 E3);CONTROLES EMPRESARIALES LTDA;;;273;EM VARIAS;.
CW-366979;CW-366979-12;ASGCX11BEBAG1ATJ1S27TJ1S273XKR;Executed;Microsoft;Unallocated;CONTROLES EMPRESARIALES LTDA;EM VARIAS;2026/01/23 11:28:02 AM;2027/12/31 12:00:00 AM;2026/01/23 01:45:29 PM;Defender for O365 Plan 1 SubVL Per User;CONTROLES EMPRESARIALES LTDA;;;273;EM VARIAS;.
CW-366979;CW-366979-13;ASGJR68LATILOATJ1SMSTJ1SMSB45I;Executed;Microsoft;Unallocated;CONTROLES EMPRESARIALES LTDA;EM VARIAS;2026/01/23 11:34:41 AM;2027/12/31 12:00:00 AM;2026/01/23 01:47:33 PM;M365E5InfoProt&Governance ShrdSvr ALNG SubsVL MVL PerUsr;CONTROLES EMPRESARIALES LTDA;;;273;EM VARIAS;.
CW-366979;CW-366979-14;ASGJR68LATILOATJ1YZSTJ1YZSGES7;Executed;Microsoft;Unallocated;CONTROLES EMPRESARIALES LTDA;EM VARIAS;2026/01/23 01:58:36 PM;2027/12/31 12:00:00 AM;2026/01/23 02:02:20 PM;Project Plan3 User;CONTROLES EMPRESARIALES LTDA;;;8;EM VARIAS;.
CW-366979;CW-366979-15;ASGJR68LATILOATJ1ZK8TJ1ZK8GMRA;Executed;Microsoft;Unallocated;CONTROLES EMPRESARIALES LTDA;EM VARIAS;2026/01/23 02:03:59 PM;2027/12/31 12:00:00 AM;2026/01/23 02:06:53 PM;ExchOnline Plan2 User;CONTROLES EMPRESARIALES LTDA;;;110;EM VARIAS;.
CW-366979;CW-366979-16;ASGBB9V3IYZC0ATJ1ZRQTJ1ZRQ3JPR;Executed;Microsoft;Unallocated;CONTROLES EMPRESARIALES LTDA;EM VARIAS;2026/01/23 02:08:19 PM;2027/12/31 12:00:00 AM;2026/01/23 02:08:30 PM;Dyn365 CsSr (Dynamics 365 Customer Service);CONTROLES EMPRESARIALES LTDA;;;6;EM VARIAS;.
CW-366979;CW-366979-17;ASGBB9V3IYZC0ATJ1ZU9TJ1ZU933BI;Executed;Microsoft;Unallocated;CONTROLES EMPRESARIALES LTDA;EM VARIAS;2026/01/23 02:09:55 PM;2027/12/31 12:00:00 AM;2026/01/23 02:10:06 PM;Power BI Pro User;CONTROLES EMPRESARIALES LTDA;;;5;EM VARIAS;.
CW-366979;CW-366979-18;ASGJR68LATILOATJ1ZXHTJ1ZXHHBTM;Executed;Microsoft;Unallocated;CONTROLES EMPRESARIALES LTDA;EM VARIAS;2026/01/23 02:11:12 PM;2027/12/31 12:00:00 AM;2026/01/23 02:11:25 PM;Teams Phone Estándar Sub Per User;CONTROLES EMPRESARIALES LTDA;;;42;EM VARIAS;.
CW-366979;CW-366979-19;ASGCX11BEBAG1ATJ2ABLTJ2ABLLFU0;Executed;Microsoft;Unallocated;CONTROLES EMPRESARIALES LTDA;EM VARIAS;2026/01/23 02:14:06 PM;2027/12/31 12:00:00 AM;2026/01/23 02:14:18 PM;Visio P2 Sub Per User;CONTROLES EMPRESARIALES LTDA;;;2;EM VARIAS;.
CW-366979;CW-366979-20;ASGCX11BEBAG1ATJ2AEFTJ2AEFL1HR;Executed;Microsoft;Unallocated;CONTROLES EMPRESARIALES LTDA;EM VARIAS;2026/01/23 02:15:47 PM;2027/12/31 12:00:00 AM;2026/01/23 02:15:58 PM;M365 Copilot Sub Add-on;CONTROLES EMPRESARIALES LTDA;;;2;EM VARIAS;.
CW-375737;CW-375737_01;ASGBB9V3IYZC0ATJ1WZ8TJ1WZ80KTL;Executed;Oracle;Unallocated;ORACLE COLOMBIA LTDA.;EM VARIAS;2026/01/23 01:08:14 PM;2027/12/31 12:00:00 AM;2026/01/23 01:08:23 PM;Hyperion Strategic Finance Client;ORACLE COLOMBIA LTDA.;;;1;EM VARIAS;.
CW-375737;CW-375737_02;ASGJR68LATILOATJ1XC0TJ1XC0EMCB;Executed;Oracle;Unallocated;ORACLE COLOMBIA LTDA.;EM VARIAS;2026/01/23 01:09:35 PM;2027/12/31 12:00:00 AM;2026/01/23 01:17:30 PM;Oracle HCM;ORACLE COLOMBIA LTDA.;;;334;EM VARIAS;.
CW-375737;CW-375737_03;ASGBB9V3IYZC0ATJ1XEWTJ1XEW0NBF;Executed;Oracle;Unallocated;ORACLE COLOMBIA LTDA.;EM VARIAS;2026/01/23 01:11:11 PM;2027/12/31 12:00:00 AM;2026/01/23 01:11:20 PM;Oracle Internet Developer Suite;ORACLE COLOMBIA LTDA.;;;3;EM VARIAS;.
CW-375737;CW-375737_04;ASGBB9V3IYZC0ATJ1XHFTJ1XHF0NTU;Executed;Oracle;Unallocated;ORACLE COLOMBIA LTDA.;EM VARIAS;2026/01/23 01:12:34 PM;2027/12/31 12:00:00 AM;2026/01/23 01:12:42 PM;Oracle Database Standard/Personal Edition;ORACLE COLOMBIA LTDA.;;;30;EM VARIAS;.
CW-375737;CW-375737_05;ASGJR68LATILOATJ1X2JTJ1X2JEQL0;Executed;Oracle;Unallocated;ORACLE COLOMBIA LTDA.;EM VARIAS;2026/01/23 01:15:23 PM;2027/12/31 12:00:00 AM;2026/01/23 01:15:36 PM;JD Edwards EnterpriseOne;ORACLE COLOMBIA LTDA.;;;90;EM VARIAS;.
CW-375737;CW-375737_06;ASGBB9V3IYZC0ATJ1X46TJ1X460RVT;Executed;Oracle;Unallocated;ORACLE COLOMBIA LTDA.;EM VARIAS;2026/01/23 01:16:52 PM;2027/12/31 12:00:00 AM;2026/01/23 01:17:02 PM;Oracle Database Standard/Personal Edition;ORACLE COLOMBIA LTDA.;;;2;EM VARIAS;.
CW-375737;CW-375737_07;ASGBB9V3IYZC0ATJ1X7LTJ1X7L0URO;Executed;Oracle;Unallocated;ORACLE COLOMBIA LTDA.;EM VARIAS;2026/01/23 01:18:32 PM;2027/12/31 12:00:00 AM;2026/01/23 01:18:40 PM;Oracle WebLogic Server Enterprise;ORACLE COLOMBIA LTDA.;;;2;EM VARIAS;.
CW-375737;CW-375737_08;ASGBB9V3IYZC0ATJ1X95TJ1X950WB9;Executed;Oracle;Unallocated;ORACLE COLOMBIA LTDA.;EM VARIAS;2026/01/23 01:19:56 PM;2027/12/31 12:00:00 AM;2026/01/23 01:20:05 PM;Oracle Database Standard/Personal Edition;ORACLE COLOMBIA LTDA.;;;80;EM VARIAS;.
CW-375737;CW-375737_09;ASGBB9V3IYZC0ATJ1XLWTJ1XLW0XYV;Executed;Oracle;Unallocated;ORACLE COLOMBIA LTDA.;EM VARIAS;2026/01/23 01:21:04 PM;2027/12/31 12:00:00 AM;2026/01/23 01:21:16 PM;Oracle Database Standard/Personal Edition;ORACLE COLOMBIA LTDA.;;;19;EM VARIAS;.
CW46248;CW46248-001;ASGADR4FJYMVQAQF0RLEQE2WJSFGJJ;Historical;Desconocido;Unallocated;ORACLE COLOMBIA LTDA.;EDEQ S.A. E.S.P.;2020/02/06 03:33:22 PM;2020/02/01 12:00:00 AM;2026/02/16 05:15:34 AM;Oracle ERP JD-Edwars One World 9.1;ORACLE COLOMBIA LTDA.;;;118;EDEQ S.A. E.S.P.;.
CW54920;CW54920-001;ASGIB6OPATU8SARZU9HNRZU9HN9KJ5;Historical;Cashpower Sudamerica;01989072;CASHPOWER SURAMERICANA S.A.;EMPRESAS PUBLICAS DE MEDELLIN E.S.P;2023/08/23 08:39:51 AM;2023/11/28 12:00:00 AM;2026/02/16 05:15:47 AM;Nexo Plus Transaction Server;CASHPOWER SURAMERICANA S.A.;;;6;EMPRESAS PUBLICAS DE MEDELLIN E.S.P;.
CW-59330;CW-59330-001;ASGFDND9B5J2CARQE5MLRQE5MLIOIE;Executed;Schneider Electric;01985024;UNION ELECTRICA S.A.;EMPRESAS PUBLICAS DE MEDELLIN E.S.P;2023/02/15 07:22:04 AM;2034/01/20 12:00:00 AM;2025/05/12 12:19:01 PM;Andover Continuum;UNION ELECTRICA S.A.;;;5;EMPRESAS PUBLICAS DE MEDELLIN E.S.P;.
CW-60811;CW-60811-001;ASGA9TAFB7LH4AQF2BFWQE4FIF4TY5;Historical;Desconocido;Unallocated;CONTROLES EMPRESARIALES LTDA.;EDEQ S.A. E.S.P.;2020/02/07 07:56:05 AM;2020/06/26 12:00:00 AM;2026/02/16 05:15:34 AM;Office Standard;CONTROLES EMPRESARIALES LTDA.;;;20;EDEQ S.A. E.S.P.;.
CW-60811;CW-60811-002;ASGADR4FJYMVQAQF2B0MQE4FZ0GK7I;Historical;Desconocido;Unallocated;CONTROLES EMPRESARIALES LTDA.;EDEQ S.A. E.S.P.;2020/02/07 07:58:24 AM;2020/06/26 12:00:00 AM;2026/02/16 05:15:34 AM;Project Standard;CONTROLES EMPRESARIALES LTDA.;;;25;EDEQ S.A. E.S.P.;.
CW-60811;CW-60811-003;ASGADR4FJYMVQAQF2B5TQE4GE6GM9B;Historical;Desconocido;Unallocated;CONTROLES EMPRESARIALES LTDA.;EDEQ S.A. E.S.P.;2020/02/07 08:01:17 AM;2020/06/26 12:00:00 AM;2026/02/16 05:15:34 AM;Skype for Business;CONTROLES EMPRESARIALES LTDA.;;;50;EDEQ S.A. E.S.P.;.
CW-60811;CW-60811-004;ASGADR4FJYMVQAQF2BL7QE4G0FGODU;Historical;Desconocido;Unallocated;CONTROLES EMPRESARIALES LTDA.;EDEQ S.A. E.S.P.;2020/02/07 08:04:19 AM;2020/06/26 12:00:00 AM;2026/02/16 05:15:34 AM;Visio Professional;CONTROLES EMPRESARIALES LTDA.;;;1;EDEQ S.A. E.S.P.;.
CW-60811;CW-60811-005;ASGADR4FJYMVQAQF2BQZQE4G5NGP7Q;Historical;Desconocido;Unallocated;CONTROLES EMPRESARIALES LTDA.;EDEQ S.A. E.S.P.;2020/02/07 08:07:59 AM;2020/06/26 12:00:00 AM;2026/02/16 05:15:34 AM;Identity Manager - User CAL;CONTROLES EMPRESARIALES LTDA.;;;401;EDEQ S.A. E.S.P.;.
CW-60811;CW-60811-006;ASGA9TAFB7LH4AQF2CFEQE4GH44ZD6;Historical;Desconocido;Unallocated;CONTROLES EMPRESARIALES LTDA.;EDEQ S.A. E.S.P.;2020/02/07 08:16:08 AM;2020/06/26 12:00:00 AM;2026/02/16 05:15:35 AM;Microsoft Dynamics 365 for Customer Service (on-premises) - User CAL;CONTROLES EMPRESARIALES LTDA.;;;5;;.
CW-60811;CW-60811-007;ASGA9TAFB7LH4AQF2C0IQE4G285AAX;Historical;Desconocido;Unallocated;CONTROLES EMPRESARIALES LTDA.;EDEQ S.A. E.S.P.;2020/02/07 08:19:56 AM;2020/06/26 12:00:00 AM;2026/02/16 05:15:34 AM;Office 365 Advanced Threat Protection (Plan 1);CONTROLES EMPRESARIALES LTDA.;;;500;;.
CW-60811;CW-60811-008;ASGA9TAFB7LH4AQF2C57QE4G7Q5BDS;Historical;Desconocido;Unallocated;CONTROLES EMPRESARIALES LTDA.;EDEQ S.A. E.S.P.;2020/02/07 08:22:30 AM;2020/06/26 12:00:00 AM;2026/02/16 05:15:35 AM;Office 365 E1;CONTROLES EMPRESARIALES LTDA.;;;140;;.
CW-60811;CW-60811-009;ASGADR4FJYMVQAQF2CMDQE4H0RGWX7;Historical;Desconocido;Unallocated;CONTROLES EMPRESARIALES LTDA.;EDEQ S.A. E.S.P.;2020/02/07 08:25:58 AM;2020/06/26 12:00:00 AM;2026/02/16 05:15:35 AM;Office 365 E3;CONTROLES EMPRESARIALES LTDA.;;;460;EDEQ S.A. E.S.P.;.
CW-60811;CW-60811-010;ASGA9TAFB7LH4AQF2EJ3QE4I1M584D;Historical;Desconocido;Unallocated;CONTROLES EMPRESARIALES LTDA.;EDEQ S.A. E.S.P.;2020/02/07 09:01:46 AM;2020/06/26 12:00:00 AM;2026/02/16 05:15:35 AM;Skype for Business Plus CAL;CONTROLES EMPRESARIALES LTDA.;;;250;EDEQ S.A. E.S.P.;.
CW-60811;CW-60811-011;ASGA9TAFB7LH4AQF2E4YQE4I7H5KBJ;Historical;Desconocido;Unallocated;CONTROLES EMPRESARIALES LTDA.;EDEQ S.A. E.S.P.;2020/02/07 09:05:51 AM;2020/06/26 12:00:00 AM;2026/02/16 05:15:34 AM;Skype for Business Server Enterprise User CAL;CONTROLES EMPRESARIALES LTDA.;;;50;EDEQ S.A. E.S.P.;.
CW-60811;CW-60811-012;ASGA9TAFB7LH4AQF2EMAQE4IOJ5L4M;Historical;Desconocido;Unallocated;CONTROLES EMPRESARIALES LTDA.;EDEQ S.A. E.S.P.;2020/02/07 09:09:36 AM;2020/06/26 12:00:00 AM;2026/02/16 05:15:35 AM;SQL Server Standard Core;CONTROLES EMPRESARIALES LTDA.;;;24;EDEQ S.A. E.S.P.;.
CW-60811;CW-60811-013;ASGA9TAFB7LH4AQF2EQ4QE4ISN5MM0;Historical;Desconocido;Unallocated;CONTROLES EMPRESARIALES LTDA.;EDEQ S.A. E.S.P.;2020/02/07 09:13:27 AM;2020/06/26 12:00:00 AM;2026/02/16 05:15:34 AM;System Center Configuration Manager Client ML;CONTROLES EMPRESARIALES LTDA.;;;600;EDEQ S.A. E.S.P.;.
CW-60811;CW-60811-014;ASGA9TAFB7LH4AQF2EXAQE4IZJ5N96;Historical;Desconocido;Unallocated;CONTROLES EMPRESARIALES LTDA.;EDEQ S.A. E.S.P.;2020/02/07 09:15:50 AM;2020/06/26 12:00:00 AM;2026/02/16 05:15:35 AM;System Center Endpoint Protection;CONTROLES EMPRESARIALES LTDA.;;;600;EDEQ S.A. E.S.P.;.
CW-60811;CW-60811-015;ASGA9TAFB7LH4AQF2FBAQE4JDJ5O7D;Historical;Desconocido;Unallocated;CONTROLES EMPRESARIALES LTDA.;EDEQ S.A. E.S.P.;2020/02/07 09:18:16 AM;2020/06/26 12:00:00 AM;2026/02/16 05:15:35 AM;Windows Remote Desktop Services - User CAL;CONTROLES EMPRESARIALES LTDA.;;;38;EDEQ S.A. E.S.P.;.
CW-60811;CW-60811-016;ASGA9TAFB7LH4AQF2F2UQE4J5D5POE;Historical;Desconocido;Unallocated;CONTROLES EMPRESARIALES LTDA.;EDEQ S.A. E.S.P.;2020/02/07 09:26:09 AM;2020/06/26 12:00:00 AM;2026/02/16 05:15:35 AM;Windows Server - User CAL;CONTROLES EMPRESARIALES LTDA.;;;600;EDEQ S.A. E.S.P.;.
CW-60811;CW-60811-017;ASGADR4FJYMVQAQF2F8MQE40H0H7N8;Historical;Desconocido;Unallocated;CONTROLES EMPRESARIALES LTDA.;EDEQ S.A. E.S.P.;2020/02/07 09:28:33 AM;2020/06/26 12:00:00 AM;2026/02/16 05:15:35 AM;Windows Server Datacenter Core;CONTROLES EMPRESARIALES LTDA.;;;120;EDEQ S.A. E.S.P.;.
CW-60811;CW-60811-018;ASGA9TAFB7LH4AQF2FLAQE4JNJ5QPX;Historical;Desconocido;Unallocated;CONTROLES EMPRESARIALES LTDA.;EDEQ S.A. E.S.P.;2020/02/07 09:30:40 AM;2020/06/26 12:00:00 AM;2026/02/16 05:15:35 AM;Windows Server Standard Core;CONTROLES EMPRESARIALES LTDA.;;;40;EDEQ S.A. E.S.P.;.
CW73476;CW73476-001;ASGADR4FJYMVQAQVJSV6QU1A2E16J7;Historical;ISS;01989090;UNION ELECTRICA S.A.;EMPRESAS PUBLICAS DE MEDELLIN E.S.P;2021/06/25 01:34:59 PM;2024/11/19 12:00:00 AM;2026/02/16 05:15:40 AM;Failover Cluster;UNION ELECTRICA S.A.;;;2;EMPRESAS PUBLICAS DE MEDELLIN E.S.P;.
CW73476;CW73476-002;ASGA9TAFB7LH4AQVJTDGQU1A9UG7MX;Historical;ISS;01989090;UNION ELECTRICA S.A.;EMPRESAS PUBLICAS DE MEDELLIN E.S.P;2021/06/25 01:40:06 PM;2024/11/19 12:00:00 AM;2026/02/16 05:15:39 AM;Guarantee API;UNION ELECTRICA S.A.;;;1;EMPRESAS PUBLICAS DE MEDELLIN E.S.P;.
CW73476;CW73476-003;ASGADR4FJYMVQAQVJTJ7QU1AQF1PCY;Historical;ISS;01989090;UNION ELECTRICA S.A.;EMPRESAS PUBLICAS DE MEDELLIN E.S.P;2021/06/25 01:43:13 PM;2024/11/19 12:00:00 AM;2026/02/16 05:15:39 AM;LPR;UNION ELECTRICA S.A.;;;18;EMPRESAS PUBLICAS DE MEDELLIN E.S.P;.
CW73476;CW73476-004;ASGADR4FJYMVQAQVJUGZQU1BNM1Y6E;Historical;ISS;01989090;UNION ELECTRICA S.A.;EMPRESAS PUBLICAS DE MEDELLIN E.S.P;2021/06/25 02:03:02 PM;2024/11/19 12:00:00 AM;2026/02/16 05:15:40 AM;Mapas de calor;UNION ELECTRICA S.A.;;;3;EMPRESAS PUBLICAS DE MEDELLIN E.S.P;.
CW73476;CW73476-005;ASGA9TAFB7LH4AQVJU06QU1BRFGQQP;Historical;ISS;01989090;UNION ELECTRICA S.A.;EMPRESAS PUBLICAS DE MEDELLIN E.S.P;2021/06/25 02:05:45 PM;2024/11/19 12:00:00 AM;2026/02/16 05:15:39 AM;Tracking;UNION ELECTRICA S.A.;;;1;EMPRESAS PUBLICAS DE MEDELLIN E.S.P;.
CW73476;CW73476-006;ASGADR4FJYMVQAQVJU5FQU1BVT2A8N;Historical;ISS;01989090;UNION ELECTRICA S.A.;EMPRESAS PUBLICAS DE MEDELLIN E.S.P;2021/06/25 02:08:10 PM;2024/11/19 12:00:00 AM;2026/02/16 05:15:39 AM;Visualización de cámaras(Securos Enterprise);UNION ELECTRICA S.A.;;;870;EMPRESAS PUBLICAS DE MEDELLIN E.S.P;.
CW73476;CW73476-007;ASGADR4FJYMVQAQVJUXVQU1C492DYE;Historical;LENEL S2;01989090;UNION ELECTRICA S.A.;EMPRESAS PUBLICAS DE MEDELLIN E.S.P;2021/06/25 02:19:45 PM;2025/11/30 12:00:00 AM;2026/02/16 05:15:39 AM;SWG-1120;UNION ELECTRICA S.A.;;;1;EMPRESAS PUBLICAS DE MEDELLIN E.S.P;.
CW73476;CW73476-008;ASGA9TAFB7LH4AQVJVEKQU1CLIHAJA;Historical;LENEL S2;01989090;UNION ELECTRICA S.A.;EMPRESAS PUBLICAS DE MEDELLIN E.S.P;2021/06/25 02:27:18 PM;2025/11/30 12:00:00 AM;2026/02/16 05:15:39 AM;SWS-PRO;UNION ELECTRICA S.A.;;;3;EMPRESAS PUBLICAS DE MEDELLIN E.S.P;.
CW73476;CW73476-009;ASGA9TAFB7LH4AQVJVKVQU1DB9HFEW;Historical;ISS;01989090;UNION ELECTRICA S.A.;EMPRESAS PUBLICAS DE MEDELLIN E.S.P;2021/06/25 02:33:20 PM;2024/11/19 12:00:00 AM;2026/02/16 05:15:39 AM;Conteo de personas;UNION ELECTRICA S.A.;;;5;EMPRESAS PUBLICAS DE MEDELLIN E.S.P;.
CW73476;CW73476-010;ASGADR4FJYMVQAQVJW0QQU1DR426O3;Historical;LENEL S2;01989090;UNION ELECTRICA S.A.;EMPRESAS PUBLICAS DE MEDELLIN E.S.P;2021/06/25 02:48:33 PM;2025/11/30 12:00:00 AM;2026/02/16 05:15:40 AM;IPC-011-IIS01;UNION ELECTRICA S.A.;;;1;EMPRESAS PUBLICAS DE MEDELLIN E.S.P;.
CW73476;CW73476-011;ASGADR4FJYMVQAQVJW4BQU1DUP298B;Executed;LENEL S2;01989090;UNION ELECTRICA S.A.;EMPRESAS PUBLICAS DE MEDELLIN E.S.P;2021/06/25 02:50:37 PM;2035/11/30 12:00:00 AM;2025/07/28 08:20:38 AM;OCP-OVC-ADD-1 (On guard);UNION ELECTRICA S.A.;;;20;EMPRESAS PUBLICAS DE MEDELLIN E.S.P;.
CW73476;CW73476-012;ASGADR4FJYMVQAQVJW8WQU1DZ92LE9;Historical;LENEL S2;01989090;UNION ELECTRICA S.A.;EMPRESAS PUBLICAS DE MEDELLIN E.S.P;2021/06/25 02:53:16 PM;2025/11/30 12:00:00 AM;2026/02/16 05:15:40 AM;OCP-OVM- PRO/ENT;UNION ELECTRICA S.A.;;;1;EMPRESAS PUBLICAS DE MEDELLIN E.S.P;.
CW73476;CW73476-013;ASGA9TAFB7LH4AQVJXAPQU1E74H5M7;Historical;ISS;01989090;UNION ELECTRICA S.A.;EMPRESAS PUBLICAS DE MEDELLIN E.S.P;2021/06/25 03:03:53 PM;2024/11/19 12:00:00 AM;2026/02/16 05:15:39 AM;Cruce de línea;UNION ELECTRICA S.A.;;;1;EMPRESAS PUBLICAS DE MEDELLIN E.S.P;.
CW73476;CW73476-014;ASGA9TAFB7LH4AQVJXG2QU1ENBH6Y2;Historical;ISS;01989090;UNION ELECTRICA S.A.;EMPRESAS PUBLICAS DE MEDELLIN E.S.P;2021/06/25 03:07:23 PM;2024/11/19 12:00:00 AM;2026/02/16 05:15:39 AM;FACE;UNION ELECTRICA S.A.;;;26;EMPRESAS PUBLICAS DE MEDELLIN E.S.P;.
CW73476;CW73476-015;ASGA9TAFB7LH4AQVJX03QU1ERCH8A7;Historical;ISS;01989090;UNION ELECTRICA S.A.;EMPRESAS PUBLICAS DE MEDELLIN E.S.P;2021/06/25 03:10:05 PM;2024/11/19 12:00:00 AM;2026/02/16 05:15:39 AM;Failover API;UNION ELECTRICA S.A.;;;1;EMPRESAS PUBLICAS DE MEDELLIN E.S.P;.
CW73476;CW73476-016;ASGADR4FJYMVQAQVJYP4QU1GGB3II9;Historical;LENEL S2;01989090;UNION ELECTRICA S.A.;EMPRESAS PUBLICAS DE MEDELLIN E.S.P;2021/06/25 03:40:44 PM;2025/11/30 12:00:00 AM;2026/02/16 05:15:39 AM;PRO-64RUP;UNION ELECTRICA S.A.;;;5;EMPRESAS PUBLICAS DE MEDELLIN E.S.P;.
CW73476;CW73476-017;ASGA9TAFB7LH4AQVJYVSQU1G27HXDO;Historical;LENEL S2;01989090;UNION ELECTRICA S.A.;EMPRESAS PUBLICAS DE MEDELLIN E.S.P;2021/06/25 03:44:05 PM;2025/11/30 12:00:00 AM;2026/02/16 05:15:39 AM;SWC-ADV;UNION ELECTRICA S.A.;;;2;EMPRESAS PUBLICAS DE MEDELLIN E.S.P;.
CW75843-R1;CW75843-R1-001;ASGA9TAFB7LH4AQXC2FKQWD75SHV57;Historical;Bentley Systems;01989080;Bentec SAS;EMPRESAS PUBLICAS DE MEDELLIN E.S.P;2021/07/30 09:57:48 AM;2022/11/29 12:00:00 AM;2026/02/16 05:15:40 AM;Hammer Unlimited;Bentec SAS;;;1;EMPRESAS PUBLICAS DE MEDELLIN E.S.P;.
CW75843-R1;CW75843-R1-002;ASGADR4FJYMVQAQXC228QWD7MQXBQ6;Historical;Bentley Systems;01989080;Bentec SAS;EMPRESAS PUBLICAS DE MEDELLIN E.S.P;2021/07/30 10:01:35 AM;2022/11/29 12:00:00 AM;2026/02/16 05:15:40 AM;SewerGEMS Unlimited Pipes;Bentec SAS;;;1;EMPRESAS PUBLICAS DE MEDELLIN E.S.P;.
CW75843-R1;CW75843-R1-003;ASGA9TAFB7LH4AQXC281QWD7S9IA3E;Historical;Bentley Systems;01989080;Bentec SAS;EMPRESAS PUBLICAS DE MEDELLIN E.S.P;2021/07/30 10:05:04 AM;2022/11/29 12:00:00 AM;2026/02/16 05:15:40 AM;WaterGEMS Unlimited Pipes;Bentec SAS;;;2;EMPRESAS PUBLICAS DE MEDELLIN E.S.P;.
CW75843-R1;CW75843-R1-004;ASGA9TAFB7LH4AQXC2M1QWD7WKIB1W;Historical;Bentley Systems;01989080;Bentec SAS;EMPRESAS PUBLICAS DE MEDELLIN E.S.P;2021/07/30 10:07:25 AM;2022/11/29 12:00:00 AM;2026/02/16 05:15:40 AM;WaterGEMS 10000 Pipes;Bentec SAS;;;4;EMPRESAS PUBLICAS DE MEDELLIN E.S.P;.
CW75843-R1;CW75843-R1-005;ASGA9TAFB7LH4AQXC2POQWD7ZWIBUQ;Historical;Bentley Systems;01989080;Bentec SAS;EMPRESAS PUBLICAS DE MEDELLIN E.S.P;2021/07/30 10:09:08 AM;2022/11/29 12:00:00 AM;2026/02/16 05:15:40 AM;MicroStation;Bentec SAS;;;13;EMPRESAS PUBLICAS DE MEDELLIN E.S.P;.
CW75843-R1;CW75843-R1-006;ASGA9TAFB7LH4AQXC2SRQWD8CZICI8;Historical;Bentley Systems;01989080;Bentec SAS;EMPRESAS PUBLICAS DE MEDELLIN E.S.P;2021/07/30 10:11:05 AM;2022/11/29 12:00:00 AM;2026/02/16 05:15:40 AM;SewerGEMS 5000 Pipes;Bentec SAS;;;9;EMPRESAS PUBLICAS DE MEDELLIN E.S.P;.
CW75843-R1;CW75843-R1-007;ASGA9TAFB7LH4AQXC30DQWD8K2IFY8;Historical;Bentley Systems;01989080;Bentec SAS;EMPRESAS PUBLICAS DE MEDELLIN E.S.P;2021/07/30 10:21:31 AM;2022/11/29 12:00:00 AM;2026/02/16 05:15:40 AM;WaterGEMS 5000 Pipes;Bentec SAS;;;8;EMPRESAS PUBLICAS DE MEDELLIN E.S.P;.
CW 76830;CW 76830-001;ASGA9TAFB7LH4AQPRIHOQOSLSSS4NA;Executed;Desconocido;Unallocated;CONTROLES EMPRESARIALES LTDA;EM VARIAS;2021/03/10 08:03:49 AM;2030/12/31 12:00:00 AM;2025/05/12 12:19:01 PM;Microsoft Pluggin AntiSpam;CONTROLES EMPRESARIALES LTDA;;;240;EM VARIAS;.
CW 78939;CW 78939-001;ASGA9TAFB7LH4AQQGB8XQPH4O45DDU;Historical;Microsoft;Unallocated;CONTROLES EMPRESARIALES;EMPRESAS PUBLICAS DE MEDELLIN E.S.P;2021/03/18 08:04:28 AM;2021/12/31 12:00:00 AM;2026/02/16 05:15:38 AM;Office365 E3;CONTROLES EMPRESARIALES;;;1041;EMPRESAS PUBLICAS DE MEDELLIN E.S.P;.
CW 78939;CW 78939-002;ASGADR4FJYMVQAQQGBNZQPH5LYXR6P;Historical;Microsoft;Unallocated;CONTROLES EMPRESARIALES;EMPRESAS PUBLICAS DE MEDELLIN E.S.P;2021/03/18 08:08:04 AM;2021/12/31 12:00:00 AM;2026/02/16 05:15:38 AM;Office365 E1;CONTROLES EMPRESARIALES;;;180;EMPRESAS PUBLICAS DE MEDELLIN E.S.P;.
CW 78939;CW 78939-003;ASGA9TAFB7LH4AQQGBVYQPH5B557V9;Historical;Microsoft;Unallocated;CONTROLES EMPRESARIALES;EMPRESAS PUBLICAS DE MEDELLIN E.S.P;2021/03/18 08:11:26 AM;2021/12/31 12:00:00 AM;2026/02/16 05:15:38 AM;Core CAL Bridge Office 365;CONTROLES EMPRESARIALES;;;1221;EMPRESAS PUBLICAS DE MEDELLIN E.S.P;.
CW 78939;CW 78939-004;ASGADR4FJYMVQAQQGCCGQPH6AFYVFW;Historical;Microsoft;Unallocated;CONTROLES EMPRESARIALES;EMPRESAS PUBLICAS DE MEDELLIN E.S.P;2021/03/18 08:16:15 AM;2021/12/31 12:00:00 AM;2026/02/16 05:15:38 AM;Project Professional;CONTROLES EMPRESARIALES;;;64;EMPRESAS PUBLICAS DE MEDELLIN E.S.P;.
CW 78939;CW 78939-005;ASGA9TAFB7LH4AQQGC0FQPH55M5YI7;Historical;Microsoft;Unallocated;CONTROLES EMPRESARIALES;EMPRESAS PUBLICAS DE MEDELLIN E.S.P;2021/03/18 08:19:30 AM;2021/12/31 12:00:00 AM;2026/02/16 05:15:38 AM;Skype For Business;CONTROLES EMPRESARIALES;;;30;EMPRESAS PUBLICAS DE MEDELLIN E.S.P;.
CW 78939;CW 78939-006;ASGA9TAFB7LH4AQQGC38QPH58Z6BN1;Historical;Microsoft;Unallocated;CONTROLES EMPRESARIALES;EMPRESAS PUBLICAS DE MEDELLIN E.S.P;2021/03/18 08:21:42 AM;2021/12/31 12:00:00 AM;2026/02/16 05:15:38 AM;Visio Professional;CONTROLES EMPRESARIALES;;;6;EMPRESAS PUBLICAS DE MEDELLIN E.S.P;.
CW 78939;CW 78939-007;ASGA9TAFB7LH4AQQGC7NQPH5NE6G7M;Historical;Microsoft;Unallocated;CONTROLES EMPRESARIALES;EMPRESAS PUBLICAS DE MEDELLIN E.S.P;2021/03/18 08:23:59 AM;2021/12/31 12:00:00 AM;2026/02/16 05:15:38 AM;Dynamics 365 for Customer;CONTROLES EMPRESARIALES;;;13;EMPRESAS PUBLICAS DE MEDELLIN E.S.P;.
CW 78939;CW 78939-008;ASGA9TAFB7LH4AQQGCMIQPH5RO617V;Historical;Microsoft;Unallocated;CONTROLES EMPRESARIALES;EMPRESAS PUBLICAS DE MEDELLIN E.S.P;2021/03/18 08:26:47 AM;2021/12/31 12:00:00 AM;2026/02/16 05:15:38 AM;Dynamics 365 for Sales;CONTROLES EMPRESARIALES;;;13;EMPRESAS PUBLICAS DE MEDELLIN E.S.P;.
CW 78939;CW 78939-009;ASGADR4FJYMVQAQQGCNNQPH6LMAQGB;Historical;Microsoft;Unallocated;CONTROLES EMPRESARIALES;EMPRESAS PUBLICAS DE MEDELLIN E.S.P;2021/03/18 08:28:48 AM;2021/12/31 12:00:00 AM;2026/02/16 05:15:38 AM;Skype For Business Plus CAL;CONTROLES EMPRESARIALES;;;1041;EMPRESAS PUBLICAS DE MEDELLIN E.S.P;.
CW 78939;CW 78939-010;ASGA9TAFB7LH4AQQGCTCQPH5Y967PK;Historical;Microsoft;Unallocated;CONTROLES EMPRESARIALES;EMPRESAS PUBLICAS DE MEDELLIN E.S.P;2021/03/18 08:30:56 AM;2021/12/31 12:00:00 AM;2026/02/16 05:15:37 AM;SQL Server Enterprise;CONTROLES EMPRESARIALES;;;6;EMPRESAS PUBLICAS DE MEDELLIN E.S.P;.
CW 78939;CW 78939-011;ASGA9TAFB7LH4AQQGCYKQPH6EB6MZL;Historical;Microsoft;Unallocated;CONTROLES EMPRESARIALES;EMPRESAS PUBLICAS DE MEDELLIN E.S.P;2021/03/18 08:34:00 AM;2021/12/31 12:00:00 AM;2026/02/16 05:15:38 AM;System Center DataCenter Core;CONTROLES EMPRESARIALES;;;100;EMPRESAS PUBLICAS DE MEDELLIN E.S.P;.
CW 78939;CW 78939-012;ASGADR4FJYMVQAQQGCZVQPH6XVBPU6;Historical;Microsoft;Unallocated;CONTROLES EMPRESARIALES;EMPRESAS PUBLICAS DE MEDELLIN E.S.P;2021/03/18 08:36:30 AM;2021/12/31 12:00:00 AM;2026/02/16 05:15:38 AM;Windows Remote Desktop;CONTROLES EMPRESARIALES;;;665;EMPRESAS PUBLICAS DE MEDELLIN E.S.P;.
CW 78939;CW 78939-013;ASGA9TAFB7LH4AQQGDF8QPH60Z6TP1;Historical;Microsoft;Unallocated;CONTROLES EMPRESARIALES;EMPRESAS PUBLICAS DE MEDELLIN E.S.P;2021/03/18 08:37:00 AM;2021/12/31 12:00:00 AM;2026/02/16 05:15:37 AM;Windows Server DataCenter Core;CONTROLES EMPRESARIALES;;;50;EMPRESAS PUBLICAS DE MEDELLIN E.S.P;.
CW 78939;CW 78939-014;ASGA9TAFB7LH4AQQGDJ1QPH64S6ZX0;Historical;Microsoft;Unallocated;CONTROLES EMPRESARIALES;EMPRESAS PUBLICAS DE MEDELLIN E.S.P;2021/03/18 08:40:57 AM;2021/12/31 12:00:00 AM;2026/02/16 05:15:38 AM;Windows Server Standard Core;CONTROLES EMPRESARIALES;;;390;EMPRESAS PUBLICAS DE MEDELLIN E.S.P;.
CW 78939;CW 78939-015;ASGA9TAFB7LH4AQQGD3NQPH69E7EWH;Historical;Microsoft;Unallocated;CONTROLES EMPRESARIALES;EMPRESAS PUBLICAS DE MEDELLIN E.S.P;2021/03/18 08:42:35 AM;2021/12/31 12:00:00 AM;2026/02/16 05:15:37 AM;Identity Manager CAL;CONTROLES EMPRESARIALES;;;1221;EMPRESAS PUBLICAS DE MEDELLIN E.S.P;.
CW 78939;CW 78939-016;ASGADR4FJYMVQAQQGD63QPH742DC3H;Historical;Microsoft;Unallocated;CONTROLES EMPRESARIALES;EMPRESAS PUBLICAS DE MEDELLIN E.S.P;2021/03/18 08:45:03 AM;2021/12/31 12:00:00 AM;2026/02/16 05:15:37 AM;Visual Studio Pro;CONTROLES EMPRESARIALES;;;1;EMPRESAS PUBLICAS DE MEDELLIN E.S.P;.
CW 78939;CW 78939-017;ASGADR4FJYMVQAQQGDKWQPH78WD6GY;Historical;Microsoft;Unallocated;CONTROLES EMPRESARIALES;EMPRESAS PUBLICAS DE MEDELLIN E.S.P;2021/03/18 08:47:40 AM;2021/12/31 12:00:00 AM;2026/02/16 05:15:37 AM;Office 365 Advanced Threat Protection;CONTROLES EMPRESARIALES;;;1221;EMPRESAS PUBLICAS DE MEDELLIN E.S.P;.
CW89864;CW89864-001;ASGFJ8CVGDZAJAR2GS6LR1H5CTHAT0;Historical;Xseed;01989072;Xseed Software consultoria;EMPRESAS PUBLICAS DE MEDELLIN E.S.P;2022/05/20 10:05:42 AM;2023/03/01 12:00:00 AM;2026/02/16 05:15:44 AM;Xseed;Xseed Software consultoria;1070007;;1;EMPRESAS PUBLICAS DE MEDELLIN E.S.P;.
CW97813;CW97813-001;ASGB2V5BD255QAR2UYHIR1V7VCPCDP;Historical;IOIP SAS;01989074;IOIP SAS;EMPRESAS PUBLICAS DE MEDELLIN E.S.P;2022/06/02 11:11:18 AM;2023/08/04 12:00:00 AM;2026/02/16 05:15:44 AM;Signax;IOIP SAS;;;999;EMPRESAS PUBLICAS DE MEDELLIN E.S.P;.
EP-2016-334;EP-2016-334-1;ASGADR4FJYMVQAPKRHZLP9UDGJ2D7S;Historical;Desconocido;Unallocated;AUDIT SOFTWARE DE COLOMBIA;EM VARIAS;2018/12/20 02:18:20 PM;2017/12/31 02:11:00 PM;2026/02/16 05:15:18 AM;Audisoft;AUDIT SOFTWARE DE COLOMBIA;;;7;EMPRESAS PUBLICAS DE MEDELLIN E.S.P;.
EP 2016-455;EP 2016-455-1;ASGADR4FJYMVQAPKRHZTP9UDG82EC4;Historical;Desconocido;Unallocated;ESRI COLOMBIA S.A.S.;EM VARIAS;2018/12/20 02:35:14 PM;2017/12/31 03:37:00 PM;2026/02/16 05:15:22 AM;ArcGIS for Desktop;ESRI COLOMBIA S.A.S.;;;1;EMPRESAS PUBLICAS DE MEDELLIN E.S.P;.
EP 2016-455;EP 2016-455-2;ASGADR4FJYMVQAPKRHZ3P9UDGC2DC5;Historical;Desconocido;Unallocated;ESRI COLOMBIA S.A.S.;EM VARIAS;2018/12/20 02:35:10 PM;2017/12/31 03:47:00 PM;2026/02/16 05:15:21 AM;ArcGIS for Desktop;ESRI COLOMBIA S.A.S.;;;1;EMPRESAS PUBLICAS DE MEDELLIN E.S.P;.
EP 2016-455;EP 2016-455-3;ASGADR4FJYMVQAPKRHZWP9UDGL2EHL;Historical;Desconocido;Unallocated;ESRI COLOMBIA S.A.S.;EM VARIAS;2018/12/20 02:35:14 PM;2017/12/31 04:17:00 PM;2026/02/16 05:15:22 AM;ArcGIS for Server Enterprise;ESRI COLOMBIA S.A.S.;;;1;EMPRESAS PUBLICAS DE MEDELLIN E.S.P;.
EP-2016-458;EP-2016-458-003;ASGADR4FJYMVQAPKRHZ6P9UDGE2DGT;Historical;Desconocido;Unallocated;MICROCAD LTDA.;EM VARIAS;2018/12/20 02:18:20 PM;2017/12/31 09:02:00 AM;2026/02/16 05:15:19 AM;Autodesk AutoCAD;MICROCAD LTDA.;;;2;EMPRESAS PUBLICAS DE MEDELLIN E.S.P;.
EP-2016-458;EP-2016-458-1;ASGADR4FJYMVQAPKRHZCP9UDFQ2CJC;Historical;Desconocido;Unallocated;MICROCAD LTDA.;EM VARIAS;2018/12/20 02:18:20 PM;2017/12/31 02:20:00 PM;2026/02/16 05:15:17 AM;Autodesk AutoCAD Map 3D;MICROCAD LTDA.;;;2;EMPRESAS PUBLICAS DE MEDELLIN E.S.P;.
EP-2016-458;EP-2016-458-2;ASGADR4FJYMVQAPKRHZ6P9UDGE2DHJ;Historical;Desconocido;Unallocated;MICROCAD LTDA.;EM VARIAS;2018/12/20 02:18:22 PM;2017/12/31 02:25:00 PM;2026/02/16 05:15:21 AM;Adobe Creative Cloud;MICROCAD LTDA.;;;1;EMPRESAS PUBLICAS DE MEDELLIN E.S.P;.
EP-2017-255_;EP-2017-255-1_;ASGADR4FJYMVQAPKRHZ9P9UDGH2D3L;Historical;Desconocido;Unallocated;MULTISOFT LTDA.;EM VARIAS;2018/12/20 02:18:20 PM;2020/12/31 11:56:00 AM;2026/02/16 05:15:17 AM;McAfee Agent;MULTISOFT LTDA.;;;100;EMPRESAS PUBLICAS DE MEDELLIN E.S.P;.
EP-2017-258;EP-2017-258-1;ASGADR4FJYMVQAPKRHZ9P9UDGH2D3C;Historical;Desconocido;Unallocated;GIT LTDA;EM VARIAS;2018/12/20 02:18:20 PM;2018/09/01 03:25:00 PM;2026/02/16 05:15:17 AM;ERA - KAIROS;GIT LTDA;;;22;EMPRESAS PUBLICAS DE MEDELLIN E.S.P;.
EP-2017-258;EP-2017-258-2;ASGADR4FJYMVQAPKRHZ5P9UDGE2DGC;Historical;Desconocido;Unallocated;GIT LTDA;EM VARIAS;2018/12/20 02:18:20 PM;2018/08/31 03:43:00 PM;2026/02/16 05:15:15 AM;ACL for Windows;GIT LTDA;;;1;EMPRESAS PUBLICAS DE MEDELLIN E.S.P;.
EP-2017-270;EP-2017-270-1;ASGADR4FJYMVQAPKRHZWP9UDGL2EIJ;Historical;Desconocido;Unallocated;ORACLE COLOMBIA LTDA.;EM VARIAS;2018/12/20 02:18:24 PM;2017/12/31 02:19:00 PM;2026/02/16 05:15:20 AM;Hyperion Strategic Finance Client;ORACLE COLOMBIA LTDA.;;;1;EMPRESAS PUBLICAS DE MEDELLIN E.S.P;.
EPM-V-001;EPM-V-001;ASGADR4FJYMVQAPKRHY8P9UDFG2AS7;Executed;Itron;01337383;GEIICO;EMPRESAS PUBLICAS DE MEDELLIN E.S.P;2018/12/20 01:39:26 PM;2030/10/30 12:00:00 AM;2025/12/19 04:21:51 PM;Ace Pilot;GEIICO;;;9999;EMPRESAS PUBLICAS DE MEDELLIN E.S.P;.
EPM-V-002;EPM-V-002;ASGADR4FJYMVQAPKRHY3P9UDFC2A79;Executed;Adobe Inc.;01312013;CYS;EMPRESAS PUBLICAS DE MEDELLIN E.S.P;2018/12/20 01:39:21 PM;2030/08/23 12:00:00 AM;2026/01/06 07:24:58 AM;Adobe Acrobat 9 Pro;CYS;1755893-1756053;;1;EMPRESAS PUBLICAS DE MEDELLIN E.S.P;.
EPM-V-003;EPM-V-003;ASGADR4FJYMVQAPKRHY4P9UDFC2A8I;Executed;Adobe Inc.;01312001;CYS;EMPRESAS PUBLICAS DE MEDELLIN E.S.P;2018/12/20 01:39:21 PM;2030/08/23 08:00:00 AM;2026/01/06 09:37:05 AM;Adobe Acrobat 9 Pro;CYS;1755893-1756053;;2;EMPRESAS PUBLICAS DE MEDELLIN E.S.P;.
EPM-V-004;EPM-V-004;ASGADR4FJYMVQAPKRHY9P9UDFH2AW6;Executed;Adobe Inc.;01980286;CYS;EMPRESAS PUBLICAS DE MEDELLIN E.S.P;2018/12/20 01:39:28 PM;2030/08/23 12:00:00 AM;2026/01/05 04:03:06 PM;Adobe Acrobat 9 Pro;CYS;1755893-1756053;;1;EMPRESAS PUBLICAS DE MEDELLIN E.S.P;.
EPM-V-005;EPM-V-005;ASGADR4FJYMVQAPKRHY2P9UDFB2A4B;Executed;Adobe Inc.;01300224;CYS;EMPRESAS PUBLICAS DE MEDELLIN E.S.P;2018/12/20 01:39:21 PM;2030/08/23 12:00:00 AM;2026/01/06 09:31:27 AM;Adobe Acrobat 9 Pro;CYS;1755893-1756053;;1;EMPRESAS PUBLICAS DE MEDELLIN E.S.P;.
EPM-V-006;EPM-V-006;ASGADR4FJYMVQAPKRHZCP9UDFQ2CJB;Executed;Adobe Inc.;01989080;CYS;EMPRESAS PUBLICAS DE MEDELLIN E.S.P;2018/12/20 01:39:41 PM;2030/08/23 08:00:00 AM;2026/01/05 04:02:17 PM;Adobe Acrobat 9 Pro;CYS;1755893-1756053;;1;EMPRESAS PUBLICAS DE MEDELLIN E.S.P;.
EPM-V-007;EPM-V-007;ASGADR4FJYMVQAPKRHYTP9UDF82BMZ;Executed;Adobe Inc.;01989025;Desconocido;EMPRESAS PUBLICAS DE MEDELLIN E.S.P;2018/12/20 01:39:31 PM;;2019/01/03 03:06:21 PM;Adobe Acrobat 6.0 Professional;Desconocido;1209901;;1;EMPRESAS PUBLICAS DE MEDELLIN E.S.P;.
EPM-V-008;EPM-V-008;ASGADR4FJYMVQAPKRHZTP9UDG82ECU;Executed;Adobe Inc.;01337023;Desconocido;EMPRESAS PUBLICAS DE MEDELLIN E.S.P;2018/12/20 01:39:51 PM;;2019/01/03 03:06:32 PM;Adobe Acrobat 6.0 Professional;Desconocido;1183048;;1;EMPRESAS PUBLICAS DE MEDELLIN E.S.P;.
EPM-V-009;EPM-V-009;ASGADR4FJYMVQAPKRHYOP9UDF32BJ8;Executed;Adobe Inc.;01980282;Desconocido;EMPRESAS PUBLICAS DE MEDELLIN E.S.P;2018/12/20 01:39:28 PM;;2019/01/03 03:06:18 PM;Adobe Acrobat 6.0 Professional;Desconocido;1183047;;1;EMPRESAS PUBLICAS DE MEDELLIN E.S.P;.
EPM-V-010;EPM-V-010;ASGADR4FJYMVQAPKRHY8P9UDFH2AV0;Executed;Adobe Inc.;01980215;Desconocido;EMPRESAS PUBLICAS DE MEDELLIN E.S.P;2018/12/20 01:39:28 PM;;2019/01/03 03:06:19 PM;Adobe Acrobat 6.0 Professional;Desconocido;1156982;;1;EMPRESAS PUBLICAS DE MEDELLIN E.S.P;.
EPM-V-011;EPM-V-011;ASGADR4FJYMVQAPKRHZBP9UDFQ2CHO;Historical;Desconocido;01989080;Desconocido;EMPRESAS PUBLICAS DE MEDELLIN E.S.P;2018/12/20 01:39:41 PM;2006/09/20 12:00:00 AM;2026/02/16 05:15:09 AM;Adobe Acrobat 6.0 Professional;Desconocido;1209903;;0;EMPRESAS PUBLICAS DE MEDELLIN E.S.P;.
EPM-V-012;EPM-V-012;ASGADR4FJYMVQAPKRHYQP9UDF52B56;Executed;Adobe Inc.;01989080;Desconocido;EMPRESAS PUBLICAS DE MEDELLIN E.S.P;2018/12/20 01:39:39 PM;;2019/01/03 03:06:28 PM;Adobe Acrobat 7.0 Professional;Desconocido;;;1;EMPRESAS PUBLICAS DE MEDELLIN E.S.P;.
EPM-V-013;EPM-V-013;ASGADR4FJYMVQAPKRHYXP9UDFM2BZ1;Executed;Adobe Inc.;01989080;Desconocido;EMPRESAS PUBLICAS DE MEDELLIN E.S.P;2018/12/20 01:39:39 PM;;2019/01/03 03:06:22 PM;Adobe Acrobat 7.0 Professional;Desconocido;1314084;;4;EMPRESAS PUBLICAS DE MEDELLIN E.S.P;.
EPM-V-014;EPM-V-014;ASGADR4FJYMVQAPKRHYQP9UDF42B4B;Executed;Adobe Inc.;01989080;Desconocido;EMPRESAS PUBLICAS DE MEDELLIN E.S.P;2018/12/20 01:39:39 PM;;2019/01/03 03:06:28 PM;Adobe Acrobat 7.0 Professional;Desconocido;;;3;EMPRESAS PUBLICAS DE MEDELLIN E.S.P;.
EPM-V-015;EPM-V-015;ASGADR4FJYMVQAPKRHY9P9UDFH2AWB;Executed;Adobe Inc.;01980630;Desconocido;EMPRESAS PUBLICAS DE MEDELLIN E.S.P;2018/12/20 01:39:31 PM;;2019/01/03 03:06:24 PM;Adobe Acrobat 7.0 Professional;Desconocido;1282244;;1;EMPRESAS PUBLICAS DE MEDELLIN E.S.P;.
EPM-V-016;EPM-V-016;ASGADR4FJYMVQAPKRHYKP9UDFI2AY6;Executed;Adobe Inc.;01980146;Desconocido;EMPRESAS PUBLICAS DE MEDELLIN E.S.P;2018/12/20 01:39:28 PM;;2019/01/03 03:06:17 PM;Adobe Acrobat 7.0 Professional;Desconocido;1282244;;1;EMPRESAS PUBLICAS DE MEDELLIN E.S.P;.
EPM-V-017;EPM-V-017;ASGADR4FJYMVQAPKRHY2P9UDFB2A52;Executed;Adobe;01312001;Abits Colombia;EMPRESAS PUBLICAS DE MEDELLIN E.S.P;2018/12/20 01:39:21 PM;2035/11/29 12:00:00 AM;2025/12/19 02:18:53 PM;Adobe Acrobat 7.0 Professional;Abits Colombia;1286323;;2;EMPRESAS PUBLICAS DE MEDELLIN E.S.P;.
EPM-V-018;EPM-V-018;ASGADR4FJYMVQAPKRHY6P9UDFF2AOU;Executed;Adobe Inc.;01312070;Desconocido;EMPRESAS PUBLICAS DE MEDELLIN E.S.P;2018/12/20 01:39:26 PM;;2019/01/03 03:06:17 PM;Adobe Acrobat 7.0 Professional;Desconocido;;;1;EMPRESAS PUBLICAS DE MEDELLIN E.S.P;.
EPM-V-019;EPM-V-019;ASGADR4FJYMVQAPKRHYUP9UDF82BOH;Executed;Adobe Inc.;01982100;Desconocido;EMPRESAS PUBLICAS DE MEDELLIN E.S.P;2018/12/20 01:39:31 PM;;2019/01/03 03:06:21 PM;Adobe Acrobat 7.0 Professional;Desconocido;1314711;;1;EMPRESAS PUBLICAS DE MEDELLIN E.S.P;.
EPM-V-020;EPM-V-020;ASGADR4FJYMVQAPKRHY5P9UDFD2ALR;Executed;Adobe Inc.;01980123;Desconocido;EMPRESAS PUBLICAS DE MEDELLIN E.S.P;2018/12/20 01:39:28 PM;;2019/01/03 03:06:20 PM;Adobe Acrobat 7.0 Professional;Desconocido;1314084;;8;EMPRESAS PUBLICAS DE MEDELLIN E.S.P;.
EPM-V-021;EPM-V-021;ASGADR4FJYMVQAPKRHY4P9UDFD2A9X;Executed;Adobe Inc.;01312030;Desconocido;EMPRESAS PUBLICAS DE MEDELLIN E.S.P;2018/12/20 01:39:21 PM;;2019/01/03 03:06:16 PM;Adobe Acrobat 7.0 Professional;Desconocido;;;2;EMPRESAS PUBLICAS DE MEDELLIN E.S.P;.
EPM-V-022;EPM-V-022;ASGADR4FJYMVQAPKRHY8P9UDFG2ASQ;Executed;Adobe Inc.;01980200;Desconocido;EMPRESAS PUBLICAS DE MEDELLIN E.S.P;2018/12/20 01:39:28 PM;;2019/01/03 03:06:19 PM;Adobe Acrobat 7.0 Professional;Desconocido;1248780;;1;EMPRESAS PUBLICAS DE MEDELLIN E.S.P;.
EPM-V-023;EPM-V-023;ASGADR4FJYMVQAPKRHYOP9UDF22BIM;Executed;Adobe Inc.;01980200;Desconocido;EMPRESAS PUBLICAS DE MEDELLIN E.S.P;2018/12/20 01:39:28 PM;;2019/01/03 03:06:17 PM;Adobe Acrobat 7.0 Professional;Desconocido;1314084;;1;EMPRESAS PUBLICAS DE MEDELLIN E.S.P;.
EPM-V-024;EPM-V-024;ASGADR4FJYMVQAPKRHY3P9UDFC2A6Q;Executed;Adobe Inc.;01300224;Desconocido;EMPRESAS PUBLICAS DE MEDELLIN E.S.P;2018/12/20 01:39:21 PM;;2019/01/03 03:06:15 PM;Adobe Acrobat 7.0 Professional;Desconocido;;;1;EMPRESAS PUBLICAS DE MEDELLIN E.S.P;.
EPM-V-025;EPM-V-025;ASGADR4FJYMVQAPKRHY3P9UDFB2A5V;Executed;Adobe Inc.;01300224;Desconocido;EMPRESAS PUBLICAS DE MEDELLIN E.S.P;2018/12/20 01:39:21 PM;;2019/01/03 03:06:15 PM;Adobe Acrobat 7.0 Professional;Desconocido;1314084;;1;EMPRESAS PUBLICAS DE MEDELLIN E.S.P;.
EPM-V-026;EPM-V-026;ASGADR4FJYMVQAPKRHY4P9UDFD2AKI;Executed;Adobe Inc.;01312013;Desconocido;EMPRESAS PUBLICAS DE MEDELLIN E.S.P;2018/12/20 01:39:21 PM;;2019/01/03 03:06:15 PM;Adobe Acrobat 7.0 Professional;Desconocido;;;1;EMPRESAS PUBLICAS DE MEDELLIN E.S.P;.
EPM-V-027;EPM-V-027;ASGADR4FJYMVQAPKRHY4P9UDFD2A93;Executed;Adobe Inc.;01312012;Desconocido;EMPRESAS PUBLICAS DE MEDELLIN E.S.P;2018/12/20 01:39:21 PM;;2019/01/03 03:06:15 PM;Adobe Acrobat 7.0 Professional;Desconocido;1144485;;1;EMPRESAS PUBLICAS DE MEDELLIN E.S.P;.
EPM-V-028;EPM-V-028;ASGADR4FJYMVQAPKRHYKP9UDFJ2AZY;Executed;Adobe Inc.;01980718;Desconocido;EMPRESAS PUBLICAS DE MEDELLIN E.S.P;2018/12/20 01:39:31 PM;;2019/01/03 03:06:25 PM;Adobe Acrobat 7.0 Professional;Desconocido;1314711;;1;EMPRESAS PUBLICAS DE MEDELLIN E.S.P;.
EPM-V-029;EPM-V-029;ASGADR4FJYMVQAPKRHY4P9UDFC2A9D;Executed;Adobe Inc.;01312014;Desconocido;EMPRESAS PUBLICAS DE MEDELLIN E.S.P;2018/12/20 01:39:21 PM;;2019/01/03 03:06:16 PM;Adobe Acrobat 7.0 Professional;Desconocido;1314711;;1;EMPRESAS PUBLICAS DE MEDELLIN E.S.P;.
EPM-V-030;EPM-V-030;ASGADR4FJYMVQAPKRHYOP9UDF32BJT;Executed;Adobe Inc.;01980286;Desconocido;EMPRESAS PUBLICAS DE MEDELLIN E.S.P;2018/12/20 01:39:28 PM;;2019/01/03 03:06:18 PM;Adobe Acrobat 7.0 Professional;Desconocido;1314711;;1;EMPRESAS PUBLICAS DE MEDELLIN E.S.P;.
EPM-V-031;EPM-V-031;ASGADR4FJYMVQAPKRHYOP9UDF22BJG;Executed;Adobe Inc.;01980250;Desconocido;EMPRESAS PUBLICAS DE MEDELLIN E.S.P;2018/12/20 01:39:28 PM;;2019/01/03 03:06:17 PM;Adobe Acrobat 7.0 Professional;Desconocido;1314711;;1;EMPRESAS PUBLICAS DE MEDELLIN E.S.P;.
EPM-V-032;EPM-V-032;ASGADR4FJYMVQAPKRHYNP9UDF22BH4;Executed;Adobe Inc.;01980173;Desconocido;EMPRESAS PUBLICAS DE MEDELLIN E.S.P;2018/12/20 01:39:28 PM;;2019/01/03 03:06:17 PM;Adobe Acrobat 7.0 Professional;Desconocido;1314711;;1;EMPRESAS PUBLICAS DE MEDELLIN E.S.P;.
EPM-V-033;EPM-V-033;ASGADR4FJYMVQAPKRHY6P9UDFE2AN8;Executed;Adobe Inc.;01312042;Desconocido;EMPRESAS PUBLICAS DE MEDELLIN E.S.P;2018/12/20 01:39:21 PM;;2019/01/03 03:06:16 PM;Adobe Acrobat 7.0 Professional;Desconocido;1314711;;1;EMPRESAS PUBLICAS DE MEDELLIN E.S.P;.
EPM-V-034;EPM-V-034;ASGADR4FJYMVQAPKRHYLP9UDFJ2BB5;Executed;Adobe Inc.;01989070;Desconocido;EMPRESAS PUBLICAS DE MEDELLIN E.S.P;2018/12/20 01:39:37 PM;;2019/01/03 03:06:24 PM;Adobe Acrobat 7.0 Professional;Desconocido;;;1;EMPRESAS PUBLICAS DE MEDELLIN E.S.P;.
EPM-V-035;EPM-V-035;ASGADR4FJYMVQAPKRHYSP9UDF62B8X;Executed;Adobe Inc.;01989070;Desconocido;EMPRESAS PUBLICAS DE MEDELLIN E.S.P;2018/12/20 01:39:37 PM;;2019/01/03 03:06:20 PM;Adobe Acrobat 7.0 Professional;Desconocido;1314711;;1;EMPRESAS PUBLICAS DE MEDELLIN E.S.P;.
EPM-V-036;EPM-V-036;ASGADR4FJYMVQAPKRHYMP9UDF02BDU;Executed;Adobe Inc.;01985021;Desconocido;EMPRESAS PUBLICAS DE MEDELLIN E.S.P;2018/12/20 01:39:31 PM;;2019/01/03 03:06:25 PM;Adobe Acrobat 7.0 Professional;Desconocido;1290023;;1;EMPRESAS PUBLICAS DE MEDELLIN E.S.P;.
EPM-V-037;EPM-V-037;ASGADR4FJYMVQAPKRHYOP9UDF32B0O;Executed;Adobe Inc.;01980294;Desconocido;EMPRESAS PUBLICAS DE MEDELLIN E.S.P;2018/12/20 01:39:28 PM;;2019/01/03 03:06:18 PM;Adobe Acrobat 7.0 Professional;Desconocido;1314547;;1;EMPRESAS PUBLICAS DE MEDELLIN E.S.P;.
EPM-V-038;EPM-V-038;ASGADR4FJYMVQAPKRHYQP9UDF42B4Y;Executed;Adobe Inc.;01985060;Desconocido;EMPRESAS PUBLICAS DE MEDELLIN E.S.P;2018/12/20 01:39:31 PM;;2019/01/03 03:06:22 PM;Adobe Acrobat 7.0 Professional;Desconocido;1314078;;1;EMPRESAS PUBLICAS DE MEDELLIN E.S.P;.
EPM-V-039;EPM-V-039;ASGADR4FJYMVQAPKRHY2P9UDFA2A3T;Executed;Adobe Inc.;01337383;Desconocido;EMPRESAS PUBLICAS DE MEDELLIN E.S.P;2018/12/20 01:39:26 PM;;2019/01/03 03:06:18 PM;Adobe Acrobat 7.0 Professional;Desconocido;1314711;;1;EMPRESAS PUBLICAS DE MEDELLIN E.S.P;.
EPM-V-040;EPM-V-040;ASGADR4FJYMVQAPKRHZUP9UDG92EEQ;Executed;Adobe Inc.;01337022;Desconocido;EMPRESAS PUBLICAS DE MEDELLIN E.S.P;2018/12/20 01:39:50 PM;;2019/01/03 03:06:30 PM;Adobe Acrobat 7.0 Professional;Desconocido;1314084;;3;EMPRESAS PUBLICAS DE MEDELLIN E.S.P;.
EPM-V-041;EPM-V-041;ASGADR4FJYMVQAPKRHYVP9UDFK2BRU;Executed;Adobe Inc.;01985021;Desconocido;EMPRESAS PUBLICAS DE MEDELLIN E.S.P;2018/12/20 01:39:31 PM;;2019/01/03 03:06:21 PM;Adobe Acrobat 7.0 Professional;Desconocido;1316691;;1;EMPRESAS PUBLICAS DE MEDELLIN E.S.P;.
EPM-V-042;EPM-V-042;ASGADR4FJYMVQAPKRHZTP9UDG82ECL;Executed;Adobe Inc.;01337022;Desconocido;EMPRESAS PUBLICAS DE MEDELLIN E.S.P;2018/12/20 01:39:48 PM;;2019/01/03 03:06:35 PM;Adobe Acrobat 7.0 Professional;Desconocido;1314084;;2;EMPRESAS PUBLICAS DE MEDELLIN E.S.P;.
EPM-V-043;EPM-V-043;ASGADR4FJYMVQAPKRHZ4P9UDGD2DE7;Executed;Adobe Inc.;01337022;Desconocido;EMPRESAS PUBLICAS DE MEDELLIN E.S.P;2018/12/20 01:39:51 PM;;2019/01/03 03:06:32 PM;Adobe Acrobat 7.0 Professional;Desconocido;;;1;EMPRESAS PUBLICAS DE MEDELLIN E.S.P;.
EPM-V-044;EPM-V-044;ASGADR4FJYMVQAPKRHZTP9UDG72EB9;Executed;Adobe Inc.;01337023;Desconocido;EMPRESAS PUBLICAS DE MEDELLIN E.S.P;2018/12/20 01:39:48 PM;;2019/01/03 03:06:33 PM;Adobe Acrobat 7.0 Professional;Desconocido;1314711;;1;EMPRESAS PUBLICAS DE MEDELLIN E.S.P;.
EPM-V-045;EPM-V-045;ASGADR4FJYMVQAPKRHYPP9UDF32B0Z;Executed;Adobe Inc.;01980294;Desconocido;EMPRESAS PUBLICAS DE MEDELLIN E.S.P;2018/12/20 01:39:28 PM;;2019/01/03 03:06:18 PM;Adobe Acrobat 7.0 Professional;Desconocido;1314711;;1;EMPRESAS PUBLICAS DE MEDELLIN E.S.P;.
EPM-V-046;EPM-V-046;ASGADR4FJYMVQAPKRHY6P9UDFF2AP2;Executed;Adobe Inc.;01337330;Desconocido;EMPRESAS PUBLICAS DE MEDELLIN E.S.P;2018/12/20 01:39:26 PM;;2019/01/03 03:06:19 PM;Adobe Acrobat 7.0 Professional;Desconocido;1314711;;1;EMPRESAS PUBLICAS DE MEDELLIN E.S.P;.
EPM-V-047;EPM-V-047;ASGADR4FJYMVQAPKRHZRP9UDG62DXQ;Executed;Adobe Inc.;01337023;Desconocido;EMPRESAS PUBLICAS DE MEDELLIN E.S.P;2018/12/20 01:39:51 PM;;2019/01/03 03:06:33 PM;Adobe Acrobat 7.0 Professional;Desconocido;1314711;;1;EMPRESAS PUBLICAS DE MEDELLIN E.S.P;.
EPM-V-048;EPM-V-048;ASGADR4FJYMVQAPKRHY2P9UDFA2A3A;Executed;Adobe Inc.;01337500;Desconocido;EMPRESAS PUBLICAS DE MEDELLIN E.S.P;2018/12/20 01:39:26 PM;;2019/01/03 03:06:21 PM;Adobe Acrobat 7.0 Professional;Desconocido;;;1;EMPRESAS PUBLICAS DE MEDELLIN E.S.P;.
EPM-V-049;EPM-V-049;ASGADR4FJYMVQAPKRHY2P9UDFB2A4A;Executed;Adobe Inc.;01337500;Desconocido;EMPRESAS PUBLICAS DE MEDELLIN E.S.P;2018/12/20 01:39:26 PM;;2019/01/03 03:06:22 PM;Adobe Acrobat 7.0 Professional;Desconocido;1314711;;2;EMPRESAS PUBLICAS DE MEDELLIN E.S.P;.
EPM-V-050;EPM-V-050;ASGADR4FJYMVQAPKRHY4P9UDFD2A9Y;Executed;Adobe Inc.;01727552;Desconocido;EMPRESAS PUBLICAS DE MEDELLIN E.S.P;2018/12/20 01:39:26 PM;;2019/01/03 03:06:20 PM;Adobe Acrobat 7.0 Professional;Desconocido;1314082;;2;EMPRESAS PUBLICAS DE MEDELLIN E.S.P;.
EPM-V-051;EPM-V-051;ASGADR4FJYMVQAPKRHYNP9UDF22BH8;Executed;Adobe Inc.;01727552;Desconocido;EMPRESAS PUBLICAS DE MEDELLIN E.S.P;2018/12/20 01:39:26 PM;;2019/01/03 03:06:16 PM;Adobe Acrobat 7.0 Professional;Desconocido;1314082;;1;EMPRESAS PUBLICAS DE MEDELLIN E.S.P;.
EPM-V-052;EPM-V-052;ASGADR4FJYMVQAPKRHY5P9UDFD2AKS;Executed;Adobe Inc.;01727553;Desconocido;EMPRESAS PUBLICAS DE MEDELLIN E.S.P;2018/12/20 01:39:28 PM;;2019/01/03 03:06:20 PM;Adobe Acrobat 7.0 Professional;Desconocido;1314082;;2;EMPRESAS PUBLICAS DE MEDELLIN E.S.P;.
EPM-V-053;EPM-V-053;ASGADR4FJYMVQAPKRHYNP9UDF12BGU;Executed;Adobe Inc.;01980450;Desconocido;EMPRESAS PUBLICAS DE MEDELLIN E.S.P;2018/12/20 01:39:28 PM;;2019/01/03 03:06:22 PM;Adobe Acrobat 7.0 Professional;Desconocido;;;2;EMPRESAS PUBLICAS DE MEDELLIN E.S.P;.
EPM-V-054;EPM-V-054;ASGADR4FJYMVQAPKRHYUP9UDF92BP4;Executed;Adobe Inc.;01989080;Desconocido;EMPRESAS PUBLICAS DE MEDELLIN E.S.P;2018/12/20 01:39:41 PM;;2019/01/03 03:06:28 PM;Adobe Acrobat 7.0 Professional;Desconocido;;;2;EMPRESAS PUBLICAS DE MEDELLIN E.S.P;.
EPM-V-055;EPM-V-055;ASGADR4FJYMVQAPKRHYYP9UDFM2CAL;Executed;Adobe Inc.;01989080;Desconocido;EMPRESAS PUBLICAS DE MEDELLIN E.S.P;2018/12/20 01:39:39 PM;;2019/01/03 03:06:24 PM;Adobe Acrobat 7.0 Professional;Desconocido;1314080;;1;EMPRESAS PUBLICAS DE MEDELLIN E.S.P;.
EPM-V-056;EPM-V-056;ASGADR4FJYMVQAPKRHZBP9UDFQ2CI2;Executed;Adobe Inc.;01989080;Desconocido;EMPRESAS PUBLICAS DE MEDELLIN E.S.P;2018/12/20 01:39:39 PM;;2019/01/03 03:06:23 PM;Adobe Acrobat 7.0 Professional;Desconocido;1314082;;1;EMPRESAS PUBLICAS DE MEDELLIN E.S.P;.
EPM-V-057;EPM-V-057;ASGADR4FJYMVQAPKRHZDP9UDFS2C2H;Executed;Adobe Inc.;01989080;Desconocido;EMPRESAS PUBLICAS DE MEDELLIN E.S.P;2018/12/20 01:39:39 PM;;2019/01/03 03:06:24 PM;Adobe Acrobat 7.0 Professional;Desconocido;1314082;;1;EMPRESAS PUBLICAS DE MEDELLIN E.S.P;.
EPM-V-058;EPM-V-058;ASGADR4FJYMVQAPKRHY3P9UDFC2A6P;Executed;Adobe Inc.;01312012;Desconocido;EMPRESAS PUBLICAS DE MEDELLIN E.S.P;2018/12/20 01:39:21 PM;;2019/01/03 03:33:38 PM;Adobe Acrobat 8 Professional;Desconocido;;;1;EMPRESAS PUBLICAS DE MEDELLIN E.S.P;.
EPM-V-059;EPM-V-059;ASGADR4FJYMVQAPKRHZUP9UDG92EEH;Executed;Adobe Inc.;01980585;Desconocido;EMPRESAS PUBLICAS DE MEDELLIN E.S.P;2018/12/20 01:39:48 PM;;2019/01/03 03:33:40 PM;Adobe Acrobat 8 Professional;Desconocido;;;2;EMPRESAS PUBLICAS DE MEDELLIN E.S.P;.
EPM-V-060;EPM-V-060;ASGADR4FJYMVQAPKRHY2P9UDFB2A4V;Executed;Adobe Inc.;01300224;Desconocido;EMPRESAS PUBLICAS DE MEDELLIN E.S.P;2018/12/20 01:39:21 PM;;2019/01/03 03:06:15 PM;Adobe Acrobat 8 Professional;Desconocido;;;1;EMPRESAS PUBLICAS DE MEDELLIN E.S.P;.
EPM-V-061;EPM-V-061;ASGADR4FJYMVQAPKRHY4P9UDFC2A80;Executed;Adobe Inc.;01510230;Desconocido;EMPRESAS PUBLICAS DE MEDELLIN E.S.P;2018/12/20 01:39:26 PM;;2019/01/03 03:33:38 PM;Adobe Acrobat 8 Professional;Desconocido;1392366/1392676;;1;EMPRESAS PUBLICAS DE MEDELLIN E.S.P;.
EPM-V-062;EPM-V-062;ASGADR4FJYMVQAPKRHZWP9UDGL2EIK;Executed;Adobe Inc.;01980612;Desconocido;EMPRESAS PUBLICAS DE MEDELLIN E.S.P;2018/12/20 01:39:48 PM;;2019/01/03 03:33:40 PM;Adobe Acrobat 8 Professional;Desconocido;1392366/1392676;;1;EMPRESAS PUBLICAS DE MEDELLIN E.S.P;.
EPM-V-063;EPM-V-063;ASGADR4FJYMVQAPKRHY9P9UDFI2AXS;Executed;Adobe Inc.;01980635;Desconocido;EMPRESAS PUBLICAS DE MEDELLIN E.S.P;2018/12/20 01:39:31 PM;;2019/01/03 03:33:38 PM;Adobe Acrobat 8 Professional;Desconocido;1412888;;1;EMPRESAS PUBLICAS DE MEDELLIN E.S.P;.
EPM-V-064;EPM-V-064;ASGADR4FJYMVQAPKRHYNP9UDF12BFV;Executed;Adobe Inc.;01727552;COMPUTADORES Y SUMINISTROS S.A.S;EMPRESAS PUBLICAS DE MEDELLIN E.S.P;2018/12/20 01:39:26 PM;2030/10/18 08:00:00 AM;2026/01/05 02:40:08 PM;Adobe Acrobat 8 Professional;COMPUTADORES Y SUMINISTROS S.A.S;1417616;;1;EMPRESAS PUBLICAS DE MEDELLIN E.S.P;.
EPM-V-065;EPM-V-065;ASGADR4FJYMVQAPKRHY5P9UDFE2ANE;Executed;Adobe Inc.;01337010;COMPUTADORES Y SUMINISTROS S.A.S;EMPRESAS PUBLICAS DE MEDELLIN E.S.P;2018/12/20 01:39:26 PM;2030/10/31 12:00:00 AM;2026/01/06 09:45:57 AM;Adobe Acrobat 8 Professional;COMPUTADORES Y SUMINISTROS S.A.S;1417616;;1;EMPRESAS PUBLICAS DE MEDELLIN E.S.P;.
EPM-V-066;EPM-V-066;ASGADR4FJYMVQAPKRHYTP9UDF82BN8;Executed;Adobe Inc.;01989080;Desconocido;EMPRESAS PUBLICAS DE MEDELLIN E.S.P;2018/12/20 01:39:41 PM;;2019/01/03 03:33:39 PM;Adobe Acrobat 8 Professional;Desconocido;;;1;EMPRESAS PUBLICAS DE MEDELLIN E.S.P;.
EPM-V-067;EPM-V-067;ASGADR4FJYMVQAPKRHY7P9UDFG2ARL;Executed;Adobe Inc.;01980200;COMPUTADORES Y SUMINISTROS S.A.S;EMPRESAS PUBLICAS DE MEDELLIN E.S.P;2018/12/20 01:39:28 PM;2030/12/01 12:00:00 AM;2026/01/05 02:44:32 PM;Adobe Acrobat 8 Professional;COMPUTADORES Y SUMINISTROS S.A.S;1417616;;1;EMPRESAS PUBLICAS DE MEDELLIN E.S.P;.
EPM-V-068;EPM-V-068;ASGADR4FJYMVQAPKRHY4P9UDFD2A9K;Executed;Adobe Inc.;01312012;Desconocido;EMPRESAS PUBLICAS DE MEDELLIN E.S.P;2018/12/20 01:39:21 PM;;2019/01/03 03:33:37 PM;Adobe Acrobat 8 Professional;Desconocido;;;1;EMPRESAS PUBLICAS DE MEDELLIN E.S.P;.
EPM-V-069;EPM-V-069;ASGADR4FJYMVQAPKRHZ8P9UDGH2D2F;Executed;Adobe Inc.;01980585;Desconocido;EMPRESAS PUBLICAS DE MEDELLIN E.S.P;2018/12/20 01:39:51 PM;;2019/01/03 03:33:40 PM;Adobe Acrobat 8 Professional;Desconocido;;;2;EMPRESAS PUBLICAS DE MEDELLIN E.S.P;.
EPM-V-070;EPM-V-070;ASGADR4FJYMVQAPKRHY3P9UDFB2A6K;Executed;Adobe Inc.;01300224;Desconocido;EMPRESAS PUBLICAS DE MEDELLIN E.S.P;2018/12/20 01:39:21 PM;;2019/01/03 03:06:15 PM;Adobe Acrobat 8 Professional;Desconocido;;;1;EMPRESAS PUBLICAS DE MEDELLIN E.S.P;.
EPM-V-071;EPM-V-071;ASGADR4FJYMVQAPKRHYTP9UDF82BN3;Executed;Adobe Inc.;01989080;Desconocido;EMPRESAS PUBLICAS DE MEDELLIN E.S.P;2018/12/20 01:39:39 PM;;2019/01/03 03:33:39 PM;Adobe Acrobat 8 Professional;Desconocido;;;1;EMPRESAS PUBLICAS DE MEDELLIN E.S.P;.
EPM-V-072;EPM-V-072;ASGADR4FJYMVQAPKRHYLP9UDF02BCY;Executed;Adobe Inc.;01510230;Desconocido;EMPRESAS PUBLICAS DE MEDELLIN E.S.P;2018/12/20 01:39:26 PM;;2019/01/03 03:33:37 PM;Adobe Acrobat 8 Professional;Desconocido;1392366/1392676;;1;EMPRESAS PUBLICAS DE MEDELLIN E.S.P;.
EPM-V-073;EPM-V-073;ASGADR4FJYMVQAPKRHZKP9UDGJ2D5Z;Executed;Adobe Inc.;01980612;Desconocido;EMPRESAS PUBLICAS DE MEDELLIN E.S.P;2018/12/20 01:39:48 PM;;2019/01/03 03:33:40 PM;Adobe Acrobat 8 Professional;Desconocido;1392366/1392676;;1;EMPRESAS PUBLICAS DE MEDELLIN E.S.P;.
EPM-V-074;EPM-V-074;ASGADR4FJYMVQAPKRHYTP9UDF72BL3;Executed;Adobe Inc.;01980635;Desconocido;EMPRESAS PUBLICAS DE MEDELLIN E.S.P;2018/12/20 01:39:28 PM;;2019/01/03 03:33:38 PM;Adobe Acrobat 8 Professional;Desconocido;1412888;;1;EMPRESAS PUBLICAS DE MEDELLIN E.S.P;.
EPM-V-075;EPM-V-075;ASGADR4FJYMVQAPKRHYNP9UDF22BHG;Executed;Adobe Inc.;01727552;COMPUTADORES Y SUMINISTROS S.A.S;EMPRESAS PUBLICAS DE MEDELLIN E.S.P;2018/12/20 01:39:26 PM;2030/10/18 12:00:00 AM;2026/01/05 03:24:19 PM;Adobe Acrobat 8 Professional;COMPUTADORES Y SUMINISTROS S.A.S;1417616;;1;EMPRESAS PUBLICAS DE MEDELLIN E.S.P;.
EPM-V-076;EPM-V-076;ASGADR4FJYMVQAPKRHY7P9UDFF2AQ8;Executed;Adobe Inc.;01337010;COMPUTADORES Y SUMINISTROS S.A.S;EMPRESAS PUBLICAS DE MEDELLIN E.S.P;2018/12/20 01:39:26 PM;2030/10/31 08:00:00 AM;2026/01/05 04:41:20 PM;Adobe Acrobat 8 Professional;COMPUTADORES Y SUMINISTROS S.A.S;1417616;;1;EMPRESAS PUBLICAS DE MEDELLIN E.S.P;.
EPM-V-077;EPM-V-077;ASGADR4FJYMVQAPKRHYNP9UDF22BIJ;Executed;Adobe Inc.;01980200;COMPUTADORES Y SUMINISTROS S.A.S;EMPRESAS PUBLICAS DE MEDELLIN E.S.P;2018/12/20 01:39:28 PM;2030/12/01 12:00:00 AM;2026/01/05 04:24:28 PM;Adobe Acrobat 8 Professional;COMPUTADORES Y SUMINISTROS S.A.S;1417616;;1;EMPRESAS PUBLICAS DE MEDELLIN E.S.P;.
EPM-V-078;EPM-V-078;ASGADR4FJYMVQAPKRHY4P9UDFC2A8H;Executed;Adobe Inc.;01312014;COMPUTADORES Y SUMINISTROS S.A.S;EMPRESAS PUBLICAS DE MEDELLIN E.S.P;2018/12/20 01:39:21 PM;2030/12/01 12:00:00 AM;2026/01/06 09:40:55 AM;Adobe Acrobat 8 Professional;COMPUTADORES Y SUMINISTROS S.A.S;1422417;;1;EMPRESAS PUBLICAS DE MEDELLIN E.S.P;.
EPM-V-079;EPM-V-079;ASGADR4FJYMVQAPKRIABP9UDGP2E74;Executed;Adobe Inc.;01980568;COMPUTADORES Y SUMINISTROS S.A.S;EMPRESAS PUBLICAS DE MEDELLIN E.S.P;2018/12/20 01:39:50 PM;2030/12/01 12:00:00 AM;2026/01/06 07:40:28 AM;Adobe Acrobat 8 Professional;COMPUTADORES Y SUMINISTROS S.A.S;1437602;;1;EMPRESAS PUBLICAS DE MEDELLIN E.S.P;.
EPM-V-080;EPM-V-080;ASGADR4FJYMVQAPKRHYSP9UDF72BK3;Executed;Adobe Inc.;01980630;COMPUTADORES Y SUMINISTROS S.A.S;EMPRESAS PUBLICAS DE MEDELLIN E.S.P;2018/12/20 01:39:28 PM;2030/12/01 08:00:00 AM;2026/01/05 03:57:50 PM;Adobe Acrobat 8 Professional;COMPUTADORES Y SUMINISTROS S.A.S;1437602;;2;EMPRESAS PUBLICAS DE MEDELLIN E.S.P;.
EPM-V-081;EPM-V-081;ASGADR4FJYMVQAPKRHYVP9UDF92BQJ;Executed;Adobe Inc.;01989080;Desconocido;EMPRESAS PUBLICAS DE MEDELLIN E.S.P;2018/12/20 01:39:41 PM;;2019/01/03 03:17:44 PM;Adobe Acrobat 5.0;Desconocido;1314709;;1;EMPRESAS PUBLICAS DE MEDELLIN E.S.P;.
EPM-V-082;EPM-V-082;ASGADR4FJYMVQAPKRHYVP9UDFK2BRR;Executed;Adobe Inc.;01989080;Desconocido;EMPRESAS PUBLICAS DE MEDELLIN E.S.P;2018/12/20 01:39:41 PM;;2019/01/03 03:17:44 PM;Adobe Acrobat 5.0;Desconocido;;;2;EMPRESAS PUBLICAS DE MEDELLIN E.S.P;.
EPM-V-083;EPM-V-083;ASGADR4FJYMVQAPKRHY5P9UDFE2AND;Executed;Adobe Inc.;01980146;Desconocido;EMPRESAS PUBLICAS DE MEDELLIN E.S.P;2018/12/20 01:39:28 PM;;2019/01/03 03:17:43 PM;Adobe Acrobat 5.0;Desconocido;;;3;EMPRESAS PUBLICAS DE MEDELLIN E.S.P;.
EPM-V-084;EPM-V-084;ASGADR4FJYMVQAPKRHZSP9UDG62DZP;Executed;Adobe Inc.;01980631;Desconocido;EMPRESAS PUBLICAS DE MEDELLIN E.S.P;2018/12/20 01:39:51 PM;;2019/01/03 03:17:45 PM;Adobe Acrobat 5.0;Desconocido;;;1;EMPRESAS PUBLICAS DE MEDELLIN E.S.P;.
EPM-V-085;EPM-V-085;ASGADR4FJYMVQAPKRHY8P9UDFH2AVB;Executed;Adobe Inc.;01980610;Desconocido;EMPRESAS PUBLICAS DE MEDELLIN E.S.P;2018/12/20 01:39:31 PM;;2019/01/03 03:17:43 PM;Adobe Acrobat 5.0;Desconocido;;;1;EMPRESAS PUBLICAS DE MEDELLIN E.S.P;.
EPM-V-086;EPM-V-086;ASGADR4FJYMVQAPKRHYSP9UDF62B94;Executed;Adobe Inc.;01989070;Desconocido;EMPRESAS PUBLICAS DE MEDELLIN E.S.P;2018/12/20 01:39:37 PM;;2019/01/03 03:17:44 PM;Adobe Acrobat 5.0;Desconocido;1314709;;1;EMPRESAS PUBLICAS DE MEDELLIN E.S.P;.
EPM-V-087;EPM-V-087;ASGADR4FJYMVQAPKRHYOP9UDF22BJE;Executed;Adobe Inc.;01980113;Desconocido;EMPRESAS PUBLICAS DE MEDELLIN E.S.P;2018/12/20 01:39:26 PM;;2019/01/03 03:17:43 PM;Adobe Acrobat 5.0;Desconocido;;;1;EMPRESAS PUBLICAS DE MEDELLIN E.S.P;.
EPM-V-088;EPM-V-088;ASGADR4FJYMVQAPKRHZ3P9UDGC2DCR;Executed;Adobe Inc.;01930738;Desconocido;EMPRESAS PUBLICAS DE MEDELLIN E.S.P;2018/12/20 01:39:51 PM;;2019/01/03 03:17:46 PM;Adobe Acrobat 5.0;Desconocido;;;2;EMPRESAS PUBLICAS DE MEDELLIN E.S.P;.
EPM-V-089;EPM-V-089;ASGADR4FJYMVQAPKRHY8P9UDFH2AVH;Executed;Adobe Inc.;01980143;Desconocido;EMPRESAS PUBLICAS DE MEDELLIN E.S.P;2018/12/20 01:39:28 PM;;2019/01/03 03:17:43 PM;Adobe Acrobat 5.0;Desconocido;;;1;EMPRESAS PUBLICAS DE MEDELLIN E.S.P;.
EPM-V-090;EPM-V-090;ASGADR4FJYMVQAPKRHY7P9UDFG2AR0;Executed;Adobe Inc.;01980200;Desconocido;EMPRESAS PUBLICAS DE MEDELLIN E.S.P;2018/12/20 01:39:28 PM;;2019/01/03 03:17:43 PM;Adobe Acrobat 5.0;Desconocido;;;3;EMPRESAS PUBLICAS DE MEDELLIN E.S.P;.
EPM-V-091;EPM-V-091;ASGADR4FJYMVQAPKRHY3P9UDFB2A5O;Executed;Adobe Inc.;01312001;Desconocido;EMPRESAS PUBLICAS DE MEDELLIN E.S.P;2018/12/20 01:39:21 PM;;2019/01/03 03:17:43 PM;Adobe Acrobat 5.0;Desconocido;;;1;EMPRESAS PUBLICAS DE MEDELLIN E.S.P;.
EPM-V-092;EPM-V-092;ASGADR4FJYMVQAPKRHY5P9UDFE2AMJ;Executed;Adobe Inc.;01312070;Desconocido;EMPRESAS PUBLICAS DE MEDELLIN E.S.P;2018/12/20 01:39:26 PM;;2019/01/03 03:17:43 PM;Adobe Acrobat 5.0;Desconocido;;;1;EMPRESAS PUBLICAS DE MEDELLIN E.S.P;.
EPM-V-093;EPM-V-093;ASGADR4FJYMVQAPKRHYOP9UDF32B01;Executed;Adobe Inc.;01980286;Desconocido;EMPRESAS PUBLICAS DE MEDELLIN E.S.P;2018/12/20 01:39:28 PM;;2019/01/03 03:17:43 PM;Adobe Acrobat 5.0;Desconocido;;;1;EMPRESAS PUBLICAS DE MEDELLIN E.S.P;.
EPM-V-094;EPM-V-094;ASGADR4FJYMVQAPKRHY5P9UDFD2ALM;Executed;Adobe Inc.;01312060;Desconocido;EMPRESAS PUBLICAS DE MEDELLIN E.S.P;2018/12/20 01:39:26 PM;;2019/01/03 03:17:43 PM;Adobe Acrobat 5.0;Desconocido;;;1;EMPRESAS PUBLICAS DE MEDELLIN E.S.P;.
EPM-V-095;EPM-V-095;ASGADR4FJYMVQAPKRHY4P9UDFD2AK2;Executed;Adobe Inc.;01312013;Desconocido;EMPRESAS PUBLICAS DE MEDELLIN E.S.P;2018/12/20 01:39:21 PM;;2019/01/03 03:17:43 PM;Adobe Acrobat 5.0;Desconocido;;;1;EMPRESAS PUBLICAS DE MEDELLIN E.S.P;.
EPM-V-096;EPM-V-096;ASGADR4FJYMVQAPKRHYMP9UDF12BF3;Executed;Adobe Inc.;01985075;Desconocido;EMPRESAS PUBLICAS DE MEDELLIN E.S.P;2018/12/20 01:39:31 PM;;2019/01/03 03:17:44 PM;Adobe Acrobat 5.0;Desconocido;;;1;EMPRESAS PUBLICAS DE MEDELLIN E.S.P;.
EPM-V-097;EPM-V-097;ASGADR4FJYMVQAPKRHYSP9UDF62B9G;Executed;Adobe Inc.;01980605;Desconocido;EMPRESAS PUBLICAS DE MEDELLIN E.S.P;2018/12/20 01:39:28 PM;;2019/01/03 03:17:43 PM;Adobe Acrobat 5.0;Desconocido;;;1;EMPRESAS PUBLICAS DE MEDELLIN E.S.P;.
EPM-V-098;EPM-V-098;ASGADR4FJYMVQAPKRHYNP9UDF12BG4;Executed;Adobe Inc.;01985080;Desconocido;EMPRESAS PUBLICAS DE MEDELLIN E.S.P;2018/12/20 01:39:37 PM;;2019/01/03 03:17:44 PM;Adobe Acrobat 5.0;Desconocido;;;6;EMPRESAS PUBLICAS DE MEDELLIN E.S.P;.
EPM-V-099;EPM-V-099;ASGADR4FJYMVQAPKRHY8P9UDFH2AUK;Historical;Desconocido;01989015;Desconocido;EMPRESAS PUBLICAS DE MEDELLIN E.S.P;2018/12/20 01:39:37 PM;;2026/02/16 05:15:05 AM;Adobe Acrobat 5.0;Desconocido;1314709;;1;EMPRESAS PUBLICAS DE MEDELLIN E.S.P;.
EPM-V-100;EPM-V-100;ASGADR4FJYMVQAPKRHYTP9UDF82BN1;Executed;Adobe Inc.;01989025;Desconocido;EMPRESAS PUBLICAS DE MEDELLIN E.S.P;2018/12/20 01:39:37 PM;;2019/01/03 03:17:43 PM;Adobe Acrobat 5.0;Desconocido;;;4;EMPRESAS PUBLICAS DE MEDELLIN E.S.P;.
EPM-V-101;EPM-V-101;ASGADR4FJYMVQAPKRHY6P9UDFE2ANZ;Executed;Adobe Inc.;01337010;Desconocido;EMPRESAS PUBLICAS DE MEDELLIN E.S.P;2018/12/20 01:39:26 PM;;2019/01/03 03:17:43 PM;Adobe Acrobat 5.0;Desconocido;;;1;EMPRESAS PUBLICAS DE MEDELLIN E.S.P;.
EPM-V-102;EPM-V-102;ASGADR4FJYMVQAPKRHY5P9UDFE2AMR;Executed;Adobe Inc.;01337001;Desconocido;EMPRESAS PUBLICAS DE MEDELLIN E.S.P;2018/12/20 01:39:26 PM;;2019/01/03 03:17:43 PM;Adobe Acrobat 5.0;Desconocido;;;1;EMPRESAS PUBLICAS DE MEDELLIN E.S.P;.
EPM-V-103;EPM-V-103;ASGADR4FJYMVQAPKRHYLP9UDFJ2BAS;Executed;Adobe Inc.;01980152;Desconocido;EMPRESAS PUBLICAS DE MEDELLIN E.S.P;2018/12/20 01:39:28 PM;;2019/01/03 03:17:43 PM;Adobe Acrobat 5.0;Desconocido;;;1;EMPRESAS PUBLICAS DE MEDELLIN E.S.P;.
EPM-V-104;EPM-V-104;ASGADR4FJYMVQAPKRHY2P9UDFA2A32;Executed;Adobe Inc.;01337500;Desconocido;EMPRESAS PUBLICAS DE MEDELLIN E.S.P;2018/12/20 01:39:26 PM;;2019/01/03 03:17:43 PM;Adobe Acrobat 5.0;Desconocido;;;1;EMPRESAS PUBLICAS DE MEDELLIN E.S.P;.
EPM-V-105;EPM-V-105;ASGADR4FJYMVQAPKRHZ5P9UDGE2DFZ;Executed;Adobe Inc.;01980568;Desconocido;EMPRESAS PUBLICAS DE MEDELLIN E.S.P;2018/12/20 01:39:51 PM;;2019/01/03 03:17:46 PM;Adobe Acrobat 5.0;Desconocido;;;1;EMPRESAS PUBLICAS DE MEDELLIN E.S.P;.
EPM-V-106;EPM-V-106;ASGADR4FJYMVQAPKRHYRP9UDF62B82;Executed;Adobe Inc.;01980509;Desconocido;EMPRESAS PUBLICAS DE MEDELLIN E.S.P;2018/12/20 01:39:28 PM;;2019/01/03 03:17:43 PM;Adobe Acrobat 5.0;Desconocido;;;1;EMPRESAS PUBLICAS DE MEDELLIN E.S.P;.
EPM-V-107;EPM-V-107;ASGADR4FJYMVQAPKRHY4P9UDFC2A8S;Executed;Adobe Inc.;01727170;Desconocido;EMPRESAS PUBLICAS DE MEDELLIN E.S.P;2018/12/20 01:39:26 PM;;2019/01/03 03:17:43 PM;Adobe Acrobat 5.0;Desconocido;;;1;EMPRESAS PUBLICAS DE MEDELLIN E.S.P;.
EPM-V-108;EPM-V-108;ASGADR4FJYMVQAPKRHYKP9UDFJ2AZR;Executed;Adobe Inc.;01989070;Desconocido;EMPRESAS PUBLICAS DE MEDELLIN E.S.P;2018/12/20 01:39:37 PM;;2019/01/03 03:17:44 PM;Adobe Acrobat 5.0;Desconocido;1314709;;5;EMPRESAS PUBLICAS DE MEDELLIN E.S.P;.
EPM-V-109;EPM-V-109;ASGADR4FJYMVQAPKRHYLP9UDF02BCF;Executed;Adobe Inc.;01989070;Desconocido;EMPRESAS PUBLICAS DE MEDELLIN E.S.P;2018/12/20 01:39:39 PM;;2019/01/03 03:17:44 PM;Adobe Acrobat 5.0;Desconocido;1314709;;2;EMPRESAS PUBLICAS DE MEDELLIN E.S.P;.
EPM-V-110;EPM-V-110;ASGADR4FJYMVQAPKRHYQP9UDF52B6H;Executed;Adobe Inc.;01989070;Desconocido;EMPRESAS PUBLICAS DE MEDELLIN E.S.P;2018/12/20 01:39:37 PM;;2019/01/03 03:17:43 PM;Adobe Acrobat 5.0;Desconocido;1314709;;1;EMPRESAS PUBLICAS DE MEDELLIN E.S.P;.
EPM-V-111;EPM-V-111;ASGADR4FJYMVQAPKRHYWP9UDFK2BSV;Executed;Adobe Inc.;01989080;Desconocido;EMPRESAS PUBLICAS DE MEDELLIN E.S.P;2018/12/20 01:39:39 PM;;2019/01/03 03:06:24 PM;Adobe Acrobat 6.0 Standard;Desconocido;1209900;;1;EMPRESAS PUBLICAS DE MEDELLIN E.S.P;.
EPM-V-112;EPM-V-112;ASGADR4FJYMVQAPKRHYWP9UDFL2BVK;Executed;Adobe Inc.;01989080;Desconocido;EMPRESAS PUBLICAS DE MEDELLIN E.S.P;2018/12/20 01:39:39 PM;;2019/01/03 03:06:22 PM;Adobe Acrobat 6.0 Standard;Desconocido;1144488;;1;EMPRESAS PUBLICAS DE MEDELLIN E.S.P;.
EPM-V-113;EPM-V-113;ASGADR4FJYMVQAPKRHYWP9UDFK2BTH;Executed;Adobe Inc.;01989080;Desconocido;EMPRESAS PUBLICAS DE MEDELLIN E.S.P;2018/12/20 01:39:41 PM;;2019/01/03 03:06:28 PM;Adobe Acrobat 6.0 Standard;Desconocido;1144488;;1;EMPRESAS PUBLICAS DE MEDELLIN E.S.P;.
EPM-V-114;EPM-V-114;ASGADR4FJYMVQAPKRHYRP9UDF52B6Q;Executed;Adobe Inc.;01980445;Desconocido;EMPRESAS PUBLICAS DE MEDELLIN E.S.P;2018/12/20 01:39:28 PM;;2019/01/03 03:06:17 PM;Adobe Acrobat 6.0 Standard;Desconocido;1144488;;1;EMPRESAS PUBLICAS DE MEDELLIN E.S.P;.
EPM-V-115;EPM-V-115;ASGADR4FJYMVQAPKRHYRP9UDF52B6K;Executed;Adobe Inc.;01980400;Desconocido;EMPRESAS PUBLICAS DE MEDELLIN E.S.P;2018/12/20 01:39:28 PM;;2019/01/03 03:06:17 PM;Adobe Acrobat 6.0 Standard;Desconocido;1144488;;1;EMPRESAS PUBLICAS DE MEDELLIN E.S.P;.
EPM-V-116;EPM-V-116;ASGADR4FJYMVQAPKRHZWP9UDGL2EHS;Executed;Adobe Inc.;01980612;Desconocido;EMPRESAS PUBLICAS DE MEDELLIN E.S.P;2018/12/20 01:39:50 PM;;2019/01/03 03:06:36 PM;Adobe Acrobat 6.0 Standard;Desconocido;1183046;;1;EMPRESAS PUBLICAS DE MEDELLIN E.S.P;.
EPM-V-117;EPM-V-117;ASGADR4FJYMVQAPKRHYKP9UDFJ2BAL;Executed;Adobe Inc.;01980805;Desconocido;EMPRESAS PUBLICAS DE MEDELLIN E.S.P;2018/12/20 01:39:31 PM;;2019/01/03 03:06:25 PM;Adobe Acrobat 6.0 Standard;Desconocido;1144488;;1;EMPRESAS PUBLICAS DE MEDELLIN E.S.P;.
EPM-V-118;EPM-V-118;ASGADR4FJYMVQAPKRHY5P9UDFE2AM7;Executed;Adobe Inc.;01980143;Desconocido;EMPRESAS PUBLICAS DE MEDELLIN E.S.P;2018/12/20 01:39:28 PM;;2019/01/03 03:06:21 PM;Adobe Acrobat 6.0 Standard;Desconocido;1130981;;1;EMPRESAS PUBLICAS DE MEDELLIN E.S.P;.
EPM-V-119;EPM-V-119;ASGADR4FJYMVQAPKRHYOP9UDF22BIO;Executed;Adobe Inc.;01980509;Desconocido;EMPRESAS PUBLICAS DE MEDELLIN E.S.P;2018/12/20 01:39:28 PM;;2019/01/03 03:06:23 PM;Adobe Acrobat 6.0 Standard;Desconocido;1130980;;1;EMPRESAS PUBLICAS DE MEDELLIN E.S.P;.
EPM-V-120;EPM-V-120;ASGADR4FJYMVQAPKRHY3P9UDFC2A7P;Executed;Adobe Inc.;01312013;Desconocido;EMPRESAS PUBLICAS DE MEDELLIN E.S.P;2018/12/20 01:39:21 PM;;2019/01/03 03:06:16 PM;Adobe Acrobat 6.0 Standard;Desconocido;1144488;;1;EMPRESAS PUBLICAS DE MEDELLIN E.S.P;.
EPM-V-121;EPM-V-121;ASGADR4FJYMVQAPKRHY2P9UDFB2A5H;Executed;Adobe Inc.;01300224;Desconocido;EMPRESAS PUBLICAS DE MEDELLIN E.S.P;2018/12/20 01:39:21 PM;;2019/01/03 03:06:15 PM;Adobe Acrobat 6.0 Standard;Desconocido;1130982;;1;EMPRESAS PUBLICAS DE MEDELLIN E.S.P;.
EPM-V-122;EPM-V-122;ASGADR4FJYMVQAPKRHYKP9UDFJ2BA3;Executed;Adobe Inc.;01980315;Desconocido;EMPRESAS PUBLICAS DE MEDELLIN E.S.P;2018/12/20 01:39:28 PM;;2019/01/03 03:06:21 PM;Adobe Acrobat 6.0 Standard;Desconocido;1144488;;1;EMPRESAS PUBLICAS DE MEDELLIN E.S.P;.
EPM-V-123;EPM-V-123;ASGADR4FJYMVQAPKRHY9P9UDFI2AXD;Executed;Adobe Inc.;01980143;Desconocido;EMPRESAS PUBLICAS DE MEDELLIN E.S.P;2018/12/20 01:39:28 PM;;2019/01/03 03:06:16 PM;Adobe Acrobat 6.0 Standard;Desconocido;1130981;;2;EMPRESAS PUBLICAS DE MEDELLIN E.S.P;.
EPM-V-124;EPM-V-124;ASGADR4FJYMVQAPKRHY9P9UDFI2AYE;Executed;Adobe Inc.;01980670;Desconocido;EMPRESAS PUBLICAS DE MEDELLIN E.S.P;2018/12/20 01:39:31 PM;;2019/01/03 03:06:24 PM;Adobe Acrobat 6.0 Standard;Desconocido;1136846;;1;EMPRESAS PUBLICAS DE MEDELLIN E.S.P;.
EPM-V-125;EPM-V-125;ASGADR4FJYMVQAPKRHZCP9UDFQ2CIY;Executed;Adobe Inc.;01989080;Desconocido;EMPRESAS PUBLICAS DE MEDELLIN E.S.P;2018/12/20 01:39:39 PM;;2019/01/03 03:06:23 PM;Adobe Acrobat 6.0 Standard;Desconocido;1155760;;1;EMPRESAS PUBLICAS DE MEDELLIN E.S.P;.
EPM-V-126;EPM-V-126;ASGADR4FJYMVQAPKRHYUP9UDF92BQD;Executed;Adobe Inc.;01989070;Desconocido;EMPRESAS PUBLICAS DE MEDELLIN E.S.P;2018/12/20 01:39:37 PM;;2019/01/03 03:06:21 PM;Adobe Acrobat 7.0 Standard;Desconocido;1248785;;1;EMPRESAS PUBLICAS DE MEDELLIN E.S.P;.
EPM-V-127;EPM-V-127;ASGADR4FJYMVQAPKRHZ3P9UDGB2DBA;Executed;Adobe Inc.;01980563;Desconocido;EMPRESAS PUBLICAS DE MEDELLIN E.S.P;2018/12/20 01:39:49 PM;;2019/01/03 03:06:31 PM;Adobe Acrobat 7.0 Standard;Desconocido;1248781;;1;EMPRESAS PUBLICAS DE MEDELLIN E.S.P;.
EPM-V-128;EPM-V-128;ASGADR4FJYMVQAPKRHZ6P9UDGE2DH2;Executed;Adobe Inc.;01980568;Desconocido;EMPRESAS PUBLICAS DE MEDELLIN E.S.P;2018/12/20 01:39:49 PM;;2019/01/03 03:06:30 PM;Adobe Acrobat 7.0 Standard;Desconocido;1248783;;1;EMPRESAS PUBLICAS DE MEDELLIN E.S.P;.
EPM-V-129;EPM-V-129;ASGADR4FJYMVQAPKRHYRP9UDF62B7T;Executed;Adobe Inc.;01980500;Desconocido;EMPRESAS PUBLICAS DE MEDELLIN E.S.P;2018/12/20 01:39:28 PM;;2019/01/03 03:06:18 PM;Adobe Acrobat 7.0 Standard;Desconocido;1248783;;1;EMPRESAS PUBLICAS DE MEDELLIN E.S.P;.
EPM-V-130;EPM-V-130;ASGADR4FJYMVQAPKRHYSP9UDF72BKV;Executed;Adobe Inc.;01980631;Desconocido;EMPRESAS PUBLICAS DE MEDELLIN E.S.P;2018/12/20 01:39:28 PM;;2019/01/03 03:17:43 PM;Adobe Contribute CS4;Desconocido;80000427773;;1;EMPRESAS PUBLICAS DE MEDELLIN E.S.P;.
EPM-V-131;EPM-V-131;ASGADR4FJYMVQAPKRHZYP9UDGN2E1I;Executed;Adobe Inc.;01980568;CYS;EMPRESAS PUBLICAS DE MEDELLIN E.S.P;2018/12/20 01:39:48 PM;2030/07/18 12:00:00 AM;2026/01/05 03:03:08 PM;Adobe Dreamweaver CS5.5;CYS;1742824-1742826;;3;EMPRESAS PUBLICAS DE MEDELLIN E.S.P;.
EPM-V-132;EPM-V-132;ASGADR4FJYMVQAPKRHZXP9UDGL2EJ2;Executed;Adobe Inc.;01980568;CYS;EMPRESAS PUBLICAS DE MEDELLIN E.S.P;2018/12/20 01:39:48 PM;2030/07/18 12:00:00 AM;2026/01/06 08:59:32 AM;Adobe Flash Paper;CYS;1742824-1742826;;3;EMPRESAS PUBLICAS DE MEDELLIN E.S.P;.
EPM-V-133;EPM-V-133;ASGADR4FJYMVQAPKRHZ7P9UDGG2D03;Executed;Adobe Inc.;01980568;CYS;EMPRESAS PUBLICAS DE MEDELLIN E.S.P;2018/12/20 01:39:51 PM;2030/07/18 12:00:00 AM;2026/01/06 09:09:30 AM;Adobe Flash Professional CS5.5;CYS;1742824-1742826;;3;EMPRESAS PUBLICAS DE MEDELLIN E.S.P;.
EPM-V-134;EPM-V-134;ASGADR4FJYMVQAPKRHYLP9UDF02BC0;Executed;Adobe Inc.;01985020;Desconocido;EMPRESAS PUBLICAS DE MEDELLIN E.S.P;2018/12/20 01:39:31 PM;;2019/01/03 03:17:44 PM;Adobe Illustrator CS2;Desconocido;1183049;;1;EMPRESAS PUBLICAS DE MEDELLIN E.S.P;.
EPM-V-135;EPM-V-135;ASGADR4FJYMVQAPKRHY3P9UDFC2A7S;Executed;Adobe Inc.;01411081;Desconocido;EMPRESAS PUBLICAS DE MEDELLIN E.S.P;2018/12/20 01:39:26 PM;;2019/01/03 03:17:43 PM;Adobe Photoshop 6.0;Desconocido;99-196672;;1;EMPRESAS PUBLICAS DE MEDELLIN E.S.P;.
EPM-V-136;EPM-V-136;ASGADR4FJYMVQAPKRHYPP9UDF42B3A;Executed;Adobe Inc.;01985021;Desconocido;EMPRESAS PUBLICAS DE MEDELLIN E.S.P;2018/12/20 01:39:31 PM;;2019/01/03 03:06:21 PM;Adobe Photoshop 7.0;Desconocido;1126758;;1;EMPRESAS PUBLICAS DE MEDELLIN E.S.P;.
EPM-V-137;EPM-V-137;ASGADR4FJYMVQAPKRHYZP9UDFO2CDE;Executed;Adobe Inc.;01989080;Desconocido;EMPRESAS PUBLICAS DE MEDELLIN E.S.P;2018/12/20 01:39:39 PM;;2019/01/03 03:06:23 PM;Adobe Photoshop CC;Desconocido;1124186;;1;EMPRESAS PUBLICAS DE MEDELLIN E.S.P;.
EPM-V-138;EPM-V-138;ASGADR4FJYMVQAPKRHYVP9UDF92BQT;Executed;Adobe Inc.;01985020;Desconocido;EMPRESAS PUBLICAS DE MEDELLIN E.S.P;2018/12/20 01:39:31 PM;;2019/01/03 03:17:43 PM;Adobe Photoshop CS;Desconocido;1225508;;1;EMPRESAS PUBLICAS DE MEDELLIN E.S.P;.
EPM-V-139;EPM-V-139;ASGADR4FJYMVQAPKRHYLP9UDF02BDF;Executed;Adobe Inc.;01985021;Desconocido;EMPRESAS PUBLICAS DE MEDELLIN E.S.P;2018/12/20 01:39:31 PM;;2019/01/03 03:17:44 PM;Adobe Photoshop CS;Desconocido;1246509;;1;EMPRESAS PUBLICAS DE MEDELLIN E.S.P;.
EPM-V-140;EPM-V-140;ASGADR4FJYMVQAPKRHYMP9UDF02BDO;Executed;Adobe Inc.;01985021;Desconocido;EMPRESAS PUBLICAS DE MEDELLIN E.S.P;2018/12/20 01:39:31 PM;;2019/01/03 03:17:44 PM;Adobe Photoshop CS;Desconocido;1258193;;1;EMPRESAS PUBLICAS DE MEDELLIN E.S.P;.
EPM-V-141;EPM-V-141;ASGADR4FJYMVQAPKRHYTP9UDF82BMT;Executed;Adobe Inc.;01989080;Desconocido;EMPRESAS PUBLICAS DE MEDELLIN E.S.P;2018/12/20 01:39:41 PM;;2019/01/03 03:17:44 PM;Adobe Photoshop CS;Desconocido;1258193;;1;EMPRESAS PUBLICAS DE MEDELLIN E.S.P;.
EPM-V-142;EPM-V-142;ASGADR4FJYMVQAPKRHY9P9UDFH2AW0;Executed;Adobe Inc.;01980286;CYS;EMPRESAS PUBLICAS DE MEDELLIN E.S.P;2018/12/20 01:39:28 PM;2030/07/09 08:00:00 AM;2026/01/05 03:00:56 PM;Adobe Photoshop CS6;CYS;1935261;;2;EMPRESAS PUBLICAS DE MEDELLIN E.S.P;.
EPM-V-143;EPM-V-143;ASGADR4FJYMVQAPKRHYKP9UDFJ2BAC;Executed;Adobe Inc.;01980315;Desconocido;EMPRESAS PUBLICAS DE MEDELLIN E.S.P;2018/12/20 01:39:28 PM;;2019/01/03 03:06:21 PM;Adobe Premiere 6.0;Desconocido;1038621;;1;EMPRESAS PUBLICAS DE MEDELLIN E.S.P;.
EPM-V-144;EPM-V-144;ASGADR4FJYMVQAPKRHY2P9UDFA2A38;Executed;Adobe Inc.;01300224;Desconocido;EMPRESAS PUBLICAS DE MEDELLIN E.S.P;2018/12/20 01:39:21 PM;;2019/01/03 03:06:15 PM;Adobe Premiere 6.0;Desconocido;1069551;;1;EMPRESAS PUBLICAS DE MEDELLIN E.S.P;.
EPM-V-145;EPM-V-145;ASGADR4FJYMVQAPKRHZTP9UDG72EBS;Executed;ServiSoft S.A.;01980293;BENTLY NEVADA;EMPRESAS PUBLICAS DE MEDELLIN E.S.P;2018/12/20 01:39:48 PM;2030/08/12 12:00:00 AM;2026/01/05 03:13:43 PM;ADRE SXP;BENTLY NEVADA;;;3;EMPRESAS PUBLICAS DE MEDELLIN E.S.P;.
EPM-V-146;EPM-V-146;ASGADR4FJYMVQAPKRHY3P9UDFC2A7C;Executed;Desconocido;01411032;Desconocido;EMPRESAS PUBLICAS DE MEDELLIN E.S.P;2018/12/20 01:39:26 PM;;2019/01/03 03:06:19 PM;Aisladas;Desconocido;;;99;EMPRESAS PUBLICAS DE MEDELLIN E.S.P;.
EPM-V-147;EPM-V-147;ASGADR4FJYMVQAPKRHYSP9UDF72BKR;Executed;Adobe Inc.;01989070;Desconocido;EMPRESAS PUBLICAS DE MEDELLIN E.S.P;2018/12/20 01:39:37 PM;;2019/01/03 03:06:21 PM;Alias SketchBook Pro 2.0;Desconocido;;;1;EMPRESAS PUBLICAS DE MEDELLIN E.S.P;.
EPM-V-148;EPM-V-148;ASGADR4FJYMVQAPKRHYLP9UDF02BCT;Executed;Archibus;01985020;MICROCAD SA;EMPRESAS PUBLICAS DE MEDELLIN E.S.P;2018/12/20 01:39:31 PM;2030/08/10 12:00:00 AM;2025/12/22 09:30:16 AM;ARCHIBUS Smart Client V.22;MICROCAD SA;;;5;EMPRESAS PUBLICAS DE MEDELLIN E.S.P;.
EPM-V-149;EPM-V-149;ASGADR4FJYMVQAPKRHYOP9UDF32BJO;Executed;Archibus;01980286;MICROCAD SA;EMPRESAS PUBLICAS DE MEDELLIN E.S.P;2018/12/20 01:39:28 PM;2030/08/10 12:00:00 AM;2025/12/22 09:26:02 AM;ARCHIBUS Smart Client V.22;MICROCAD SA;;;1;EMPRESAS PUBLICAS DE MEDELLIN E.S.P;.
EPM-V-150;EPM-V-150;ASGADR4FJYMVQAPKRHYLP9UDF02BCM;Executed;Archibus;01985020;MICROCAD SA;EMPRESAS PUBLICAS DE MEDELLIN E.S.P;2018/12/20 01:39:31 PM;2030/09/01 12:00:00 AM;2025/12/22 09:20:02 AM;ARCHIBUS Smart Client V.22;MICROCAD SA;;;1;EMPRESAS PUBLICAS DE MEDELLIN E.S.P;.
EPM-V-151;EPM-V-151;ASGADR4FJYMVQAPKRHYPP9UDF32B29;Executed;Archibus;01989070;MICROCAD SA;EMPRESAS PUBLICAS DE MEDELLIN E.S.P;2018/12/20 01:39:37 PM;2030/08/10 12:00:00 AM;2025/12/22 09:21:56 AM;ARCHIBUS Smart Client V.22;MICROCAD SA;;;1;EMPRESAS PUBLICAS DE MEDELLIN E.S.P;.
EPM-V-152;EPM-V-152;ASGADR4FJYMVQAPKRHYUP9UDF82BOP;Executed;Archibus;01989080;MICROCAD SA;EMPRESAS PUBLICAS DE MEDELLIN E.S.P;2018/12/20 01:39:41 PM;2030/08/10 12:00:00 AM;2025/12/22 09:24:09 AM;ARCHIBUS Smart Client V.22;MICROCAD SA;;;14;EMPRESAS PUBLICAS DE MEDELLIN E.S.P;.
EPM-V-153;EPM-V-153;ASGADR4FJYMVQAPKRHYLP9UDFJ2BBD;Executed;Archibus;01989070;MICROCAD SA;EMPRESAS PUBLICAS DE MEDELLIN E.S.P;2018/12/20 01:39:37 PM;2030/08/28 12:00:00 AM;2025/12/22 09:27:50 AM;ARCHIBUS Smart Client V.22;MICROCAD SA;;;10;EMPRESAS PUBLICAS DE MEDELLIN E.S.P;.
EPM-V-154;EPM-V-154;ASGADR4FJYMVQAPKRHYSP9UDF72BKQ;Executed;BABYLON;01989080;Babylon Corporation;EMPRESAS PUBLICAS DE MEDELLIN E.S.P;2018/12/20 01:39:41 PM;2030/07/16 08:00:00 AM;2026/01/05 03:07:18 PM;Babylon;Babylon Corporation;;;2;EMPRESAS PUBLICAS DE MEDELLIN E.S.P;.
EPM-V-155;EPM-V-155;ASGADR4FJYMVQAPKRHYZP9UDFO2CD4;Executed;BABYLON;01989080;Babylon Corporation;EMPRESAS PUBLICAS DE MEDELLIN E.S.P;2018/12/20 01:39:41 PM;2030/04/25 12:00:00 AM;2026/01/06 07:27:34 AM;Babylon;Babylon Corporation;;;1;EMPRESAS PUBLICAS DE MEDELLIN E.S.P;.
EPM-V-156;EPM-V-156;ASGADR4FJYMVQAPKRHZCP9UDFQ2CJ0;Executed;BABYLON;01989080;Babylon Corporation;EMPRESAS PUBLICAS DE MEDELLIN E.S.P;2018/12/20 01:39:39 PM;2030/04/25 08:00:00 AM;2026/01/05 04:05:26 PM;Babylon;Babylon Corporation;;;6;EMPRESAS PUBLICAS DE MEDELLIN E.S.P;.
EPM-V-157;EPM-V-157;ASGADR4FJYMVQAPKRHYVP9UDF92BQW;Executed;BABYLON;01989080;Babylon Corporation;EMPRESAS PUBLICAS DE MEDELLIN E.S.P;2018/12/20 01:39:39 PM;2030/07/16 08:00:00 AM;2026/01/05 03:35:30 PM;Babylon;Babylon Corporation;;;9;EMPRESAS PUBLICAS DE MEDELLIN E.S.P;.
EPM-V-158;EPM-V-158;ASGADR4FJYMVQAPKRHYPP9UDF42B3X;Executed;BABYLON;01989080;Babylon Corporation;EMPRESAS PUBLICAS DE MEDELLIN E.S.P;2018/12/20 01:39:41 PM;2030/04/25 12:00:00 AM;2026/01/05 05:11:06 PM;Babylon;Babylon Corporation;;;2;EMPRESAS PUBLICAS DE MEDELLIN E.S.P;.
EPM-V-159;EPM-V-159;ASGADR4FJYMVQAPKRHY9P9UDFH2AWS;Executed;BABYLON;01980287;Babylon Corporation;EMPRESAS PUBLICAS DE MEDELLIN E.S.P;2018/12/20 01:39:28 PM;2030/07/16 08:00:00 AM;2026/01/05 04:40:24 PM;Babylon;Babylon Corporation;;;2;EMPRESAS PUBLICAS DE MEDELLIN E.S.P;.
EPM-V-160;EPM-V-160;ASGADR4FJYMVQAPKRHY4P9UDFC2A84;Executed;BABYLON;01312001;Babylon Corporation;EMPRESAS PUBLICAS DE MEDELLIN E.S.P;2018/12/20 01:39:21 PM;2030/07/16 12:00:00 AM;2026/01/05 05:08:19 PM;Babylon;Babylon Corporation;;;23;EMPRESAS PUBLICAS DE MEDELLIN E.S.P;.
EPM-V-161;EPM-V-161;ASGADR4FJYMVQAPKRHYLP9UDFJ2BB0;Executed;BABYLON;01982100;Babylon Corporation;EMPRESAS PUBLICAS DE MEDELLIN E.S.P;2018/12/20 01:39:31 PM;2030/07/16 08:00:00 AM;2026/01/05 02:54:23 PM;Babylon;Babylon Corporation;;;1;EMPRESAS PUBLICAS DE MEDELLIN E.S.P;.
EPM-V-162;EPM-V-162;ASGADR4FJYMVQAPKRHY5P9UDFD2ALS;Executed;BABYLON;01312070;Babylon Corporation;EMPRESAS PUBLICAS DE MEDELLIN E.S.P;2018/12/20 01:39:26 PM;2030/07/16 12:00:00 AM;2026/01/05 02:56:51 PM;Babylon;Babylon Corporation;;;2;EMPRESAS PUBLICAS DE MEDELLIN E.S.P;.
EPM-V-163;EPM-V-163;ASGADR4FJYMVQAPKRHY6P9UDFF2AO8;Executed;BABYLON;01312070;Babylon Corporation;EMPRESAS PUBLICAS DE MEDELLIN E.S.P;2018/12/20 01:39:26 PM;2030/07/16 08:00:00 AM;2026/01/05 04:07:52 PM;Babylon;Babylon Corporation;;;8;EMPRESAS PUBLICAS DE MEDELLIN E.S.P;.
EPM-V-164;EPM-V-164;ASGADR4FJYMVQAPKRHYOP9UDF32B0D;Executed;BABYLON;01980123;Babylon Corporation;EMPRESAS PUBLICAS DE MEDELLIN E.S.P;2018/12/20 01:39:28 PM;2030/07/16 08:00:00 AM;2026/01/05 03:26:30 PM;Babylon;Babylon Corporation;;;1;EMPRESAS PUBLICAS DE MEDELLIN E.S.P;.
EPM-V-165;EPM-V-165;ASGADR4FJYMVQAPKRHY7P9UDFG2ARW;Executed;BABYLON;01980200;Babylon Corporation;EMPRESAS PUBLICAS DE MEDELLIN E.S.P;2018/12/20 01:39:28 PM;2030/07/16 12:00:00 AM;2026/01/06 07:31:59 AM;Babylon;Babylon Corporation;;;7;EMPRESAS PUBLICAS DE MEDELLIN E.S.P;.
EPM-V-166;EPM-V-166;ASGADR4FJYMVQAPKRHY4P9UDFD2A9H;Executed;BABYLON;01312012;Babylon Corporation;EMPRESAS PUBLICAS DE MEDELLIN E.S.P;2018/12/20 01:39:21 PM;2030/07/16 08:00:00 AM;2026/01/05 04:44:12 PM;Babylon;Babylon Corporation;;;1;EMPRESAS PUBLICAS DE MEDELLIN E.S.P;.
EPM-V-167;EPM-V-167;ASGADR4FJYMVQAPKRHY3P9UDFB2A62;Executed;BABYLON;01312012;Babylon Corporation;EMPRESAS PUBLICAS DE MEDELLIN E.S.P;2018/12/20 01:39:21 PM;2030/04/25 12:00:00 AM;2026/01/06 08:12:40 AM;Babylon;Babylon Corporation;;;10;EMPRESAS PUBLICAS DE MEDELLIN E.S.P;.
EPM-V-168;EPM-V-168;ASGADR4FJYMVQAPKRHYTP9UDF82BMP;Executed;BABYLON;01980718;Babylon Corporation;EMPRESAS PUBLICAS DE MEDELLIN E.S.P;2018/12/20 01:39:31 PM;2030/07/16 12:00:00 AM;2026/01/05 03:46:38 PM;Babylon;Babylon Corporation;;;1;EMPRESAS PUBLICAS DE MEDELLIN E.S.P;.
EPM-V-169;EPM-V-169;ASGADR4FJYMVQAPKRHY3P9UDFC2A73;Executed;BABYLON;01312013;Babylon Corporation;EMPRESAS PUBLICAS DE MEDELLIN E.S.P;2018/12/20 01:39:21 PM;2030/07/16 08:00:00 AM;2026/01/06 09:44:53 AM;Babylon;Babylon Corporation;;;1;EMPRESAS PUBLICAS DE MEDELLIN E.S.P;.
EPM-V-170;EPM-V-170;ASGADR4FJYMVQAPKRHZ4P9UDGD2DDS;Executed;BABYLON;01980279;Babylon Corporation;EMPRESAS PUBLICAS DE MEDELLIN E.S.P;2018/12/20 01:39:51 PM;2030/04/25 08:00:00 AM;2026/01/05 04:00:15 PM;Babylon;Babylon Corporation;;;1;EMPRESAS PUBLICAS DE MEDELLIN E.S.P;.
EPM-V-171;EPM-V-171;ASGADR4FJYMVQAPKRHZ4P9UDGD2DDZ;Executed;BABYLON;01980279;Babylon Corporation;EMPRESAS PUBLICAS DE MEDELLIN E.S.P;2018/12/20 01:39:51 PM;2030/07/16 12:00:00 AM;2026/01/05 03:35:23 PM;Babylon;Babylon Corporation;;;4;EMPRESAS PUBLICAS DE MEDELLIN E.S.P;.
EPM-V-172;EPM-V-172;ASGADR4FJYMVQAPKRHY7P9UDFF2AQ0;Executed;BABYLON;01980173;Babylon Corporation;EMPRESAS PUBLICAS DE MEDELLIN E.S.P;2018/12/20 01:39:28 PM;2030/07/16 12:00:00 AM;2026/01/06 08:09:43 AM;Babylon;Babylon Corporation;;;2;EMPRESAS PUBLICAS DE MEDELLIN E.S.P;.
EPM-V-173;EPM-V-173;ASGADR4FJYMVQAPKRHY6P9UDFE2ANU;Executed;BABYLON;01312042;Babylon Corporation;EMPRESAS PUBLICAS DE MEDELLIN E.S.P;2018/12/20 01:39:21 PM;2030/04/25 12:00:00 AM;2026/01/06 08:16:24 AM;Babylon;Babylon Corporation;;;1;EMPRESAS PUBLICAS DE MEDELLIN E.S.P;.
EPM-V-174;EPM-V-174;ASGADR4FJYMVQAPKRHYUP9UDF92BPP;Executed;BABYLON;01989080;Babylon Corporation;EMPRESAS PUBLICAS DE MEDELLIN E.S.P;2018/12/20 01:39:39 PM;2030/07/16 12:00:00 AM;2026/01/06 07:42:00 AM;Babylon;Babylon Corporation;;;1;EMPRESAS PUBLICAS DE MEDELLIN E.S.P;.
EPM-V-175;EPM-V-175;ASGADR4FJYMVQAPKRHYSP9UDF62B9K;Executed;BABYLON;01989070;Babylon Corporation;EMPRESAS PUBLICAS DE MEDELLIN E.S.P;2018/12/20 01:39:37 PM;2030/07/16 08:00:00 AM;2026/01/06 09:30:29 AM;Babylon;Babylon Corporation;;;7;EMPRESAS PUBLICAS DE MEDELLIN E.S.P;.
EPM-V-176;EPM-V-176;ASGADR4FJYMVQAPKRHY9P9UDFI2AXQ;Executed;BABYLON;01989070;Babylon Corporation;EMPRESAS PUBLICAS DE MEDELLIN E.S.P;2018/12/20 01:39:37 PM;2030/04/25 08:00:00 AM;2026/01/06 09:12:28 AM;Babylon;Babylon Corporation;;;6;EMPRESAS PUBLICAS DE MEDELLIN E.S.P;.
EPM-V-177;EPM-V-177;ASGADR4FJYMVQAPKRHZ6P9UDGE2DHB;Executed;BABYLON;01980723;Babylon Corporation;EMPRESAS PUBLICAS DE MEDELLIN E.S.P;2018/12/20 01:39:51 PM;2030/07/16 12:00:00 AM;2026/01/06 08:44:58 AM;Babylon;Babylon Corporation;;;1;EMPRESAS PUBLICAS DE MEDELLIN E.S.P;.
EPM-V-178;EPM-V-178;ASGADR4FJYMVQAPKRHY4P9UDFC2A8Y;Executed;BABYLON;01727170;Babylon Corporation;EMPRESAS PUBLICAS DE MEDELLIN E.S.P;2018/12/20 01:39:26 PM;2030/07/16 08:00:00 AM;2026/01/05 04:01:16 PM;Babylon;Babylon Corporation;;;1;EMPRESAS PUBLICAS DE MEDELLIN E.S.P;.
EPM-V-179;EPM-V-179;ASGADR4FJYMVQAPKRHYOP9UDF22BJ1;Executed;BABYLON;01980509;Babylon Corporation;EMPRESAS PUBLICAS DE MEDELLIN E.S.P;2018/12/20 01:39:28 PM;2030/07/16 12:00:00 AM;2026/01/05 03:09:47 PM;Babylon;Babylon Corporation;;;1;EMPRESAS PUBLICAS DE MEDELLIN E.S.P;.
EPM-V-180;EPM-V-180;ASGADR4FJYMVQAPKRHZ6P9UDGE2DGS;Executed;BABYLON;01337023;Babylon Corporation;EMPRESAS PUBLICAS DE MEDELLIN E.S.P;2018/12/20 01:39:51 PM;2030/04/25 08:00:00 AM;2026/01/06 10:26:42 AM;Babylon;Babylon Corporation;;;1;EMPRESAS PUBLICAS DE MEDELLIN E.S.P;.
EPM-V-181;EPM-V-181;ASGADR4FJYMVQAPKRHZVP9UDGK2EG0;Executed;BABYLON;01337022;Babylon Corporation;EMPRESAS PUBLICAS DE MEDELLIN E.S.P;2018/12/20 01:39:48 PM;2030/07/16 12:00:00 AM;2026/01/05 05:12:13 PM;Babylon;Babylon Corporation;;;1;EMPRESAS PUBLICAS DE MEDELLIN E.S.P;.
EPM-V-182;EPM-V-182;ASGADR4FJYMVQAPKRHZ6P9UDGE2DH4;Executed;BABYLON;01337022;Babylon Corporation;EMPRESAS PUBLICAS DE MEDELLIN E.S.P;2018/12/20 01:39:51 PM;2030/04/25 08:00:00 AM;2026/01/05 02:17:51 PM;Babylon;Babylon Corporation;;;1;EMPRESAS PUBLICAS DE MEDELLIN E.S.P;.
EPM-V-183;EPM-V-183;ASGADR4FJYMVQAPKRHYRP9UDF62B87;Executed;BABYLON;01980509;Babylon Corporation;EMPRESAS PUBLICAS DE MEDELLIN E.S.P;2018/12/20 01:39:28 PM;2030/07/16 12:00:00 AM;2026/01/06 07:18:04 AM;Babylon;Babylon Corporation;;;1;EMPRESAS PUBLICAS DE MEDELLIN E.S.P;.
EPM-V-184;EPM-V-184;ASGADR4FJYMVQAPKRHYSP9UDF72BLI;Historical;BABYLON;01989015;Desconocido;EMPRESAS PUBLICAS DE MEDELLIN E.S.P;2018/12/20 01:39:31 PM;;2026/02/16 05:15:04 AM;Babylon;Desconocido;;;6;EMPRESAS PUBLICAS DE MEDELLIN E.S.P;.
EPM-V-185;EPM-V-185;ASGADR4FJYMVQAPKRHYTP9UDF82BM3;Executed;BABYLON;01980717;Babylon Corporation;EMPRESAS PUBLICAS DE MEDELLIN E.S.P;2018/12/20 01:39:31 PM;2030/07/16 12:00:00 AM;2026/01/06 09:18:43 AM;Babylon;Babylon Corporation;;;2;EMPRESAS PUBLICAS DE MEDELLIN E.S.P;.
EPM-V-186;EPM-V-186;ASGADR4FJYMVQAPKRHY8P9UDFH2AUQ;Historical;BABYLON;01989015;Desconocido;EMPRESAS PUBLICAS DE MEDELLIN E.S.P;2018/12/20 01:39:37 PM;;2026/02/16 05:15:05 AM;Babylon;Desconocido;;;1;EMPRESAS PUBLICAS DE MEDELLIN E.S.P;.
EPM-V-187;EPM-V-187;ASGADR4FJYMVQAPKRHY8P9UDFH2AVQ;Executed;BABYLON;01989025;Babylon Corporation;EMPRESAS PUBLICAS DE MEDELLIN E.S.P;2018/12/20 01:39:37 PM;2030/07/16 08:00:00 AM;2026/01/05 03:01:43 PM;Babylon;Babylon Corporation;;;10;EMPRESAS PUBLICAS DE MEDELLIN E.S.P;.
EPM-V-188;EPM-V-188;ASGADR4FJYMVQAPKRHYVP9UDFK2BRX;Executed;BABYLON;01989070;Babylon Corporation;EMPRESAS PUBLICAS DE MEDELLIN E.S.P;2018/12/20 01:39:37 PM;2030/07/16 08:00:00 AM;2026/01/05 04:34:12 PM;Babylon;Babylon Corporation;;;3;EMPRESAS PUBLICAS DE MEDELLIN E.S.P;.
EPM-V-189;EPM-V-189;ASGADR4FJYMVQAPKRHYKP9UDFJ2AZX;Executed;BABYLON;01989070;Babylon Corporation;EMPRESAS PUBLICAS DE MEDELLIN E.S.P;2018/12/20 01:39:37 PM;2030/04/25 12:00:00 AM;2026/01/05 01:34:49 PM;Babylon;Babylon Corporation;;;2;EMPRESAS PUBLICAS DE MEDELLIN E.S.P;.
EPM-V-190;EPM-V-190;ASGADR4FJYMVQAPKRHYKP9UDFJ2AZL;Executed;BABYLON;01989070;Babylon Corporation;EMPRESAS PUBLICAS DE MEDELLIN E.S.P;2018/12/20 01:39:37 PM;2030/07/16 08:00:00 AM;2026/01/05 04:11:22 PM;Babylon;Babylon Corporation;;;2;EMPRESAS PUBLICAS DE MEDELLIN E.S.P;.
EPM-V-191;EPM-V-191;ASGADR4FJYMVQAPKRHYVP9UDFK2BRJ;Executed;BABYLON;01989070;Babylon Corporation;EMPRESAS PUBLICAS DE MEDELLIN E.S.P;2018/12/20 01:39:37 PM;2030/07/16 08:00:00 AM;2026/01/05 03:32:34 PM;Babylon;Babylon Corporation;;;15;EMPRESAS PUBLICAS DE MEDELLIN E.S.P;.
EPM-V-192;EPM-V-192;ASGADR4FJYMVQAPKRHYKP9UDFJ2BA6;Executed;BABYLON;01989070;Babylon Corporation;EMPRESAS PUBLICAS DE MEDELLIN E.S.P;2018/12/20 01:39:37 PM;2030/04/25 08:00:00 AM;2026/01/06 09:39:15 AM;Babylon;Babylon Corporation;;;4;EMPRESAS PUBLICAS DE MEDELLIN E.S.P;.
EPM-V-193;EPM-V-193;ASGADR4FJYMVQAPKRHYXP9UDFM2BYY;Executed;BABYLON;01989080;Babylon Corporation;EMPRESAS PUBLICAS DE MEDELLIN E.S.P;2018/12/20 01:39:39 PM;2030/07/16 08:00:00 AM;2026/01/05 03:30:36 PM;Babylon;Babylon Corporation;;;3;EMPRESAS PUBLICAS DE MEDELLIN E.S.P;.
EPM-V-194;EPM-V-194;ASGADR4FJYMVQAPKRHZAP9UDFP2CGC;Executed;BABYLON;01989080;Babylon Corporation;EMPRESAS PUBLICAS DE MEDELLIN E.S.P;2018/12/20 01:39:39 PM;2030/07/16 08:00:00 AM;2026/01/05 04:26:53 PM;Babylon;Babylon Corporation;;;1;EMPRESAS PUBLICAS DE MEDELLIN E.S.P;.
EPM-V-195;EPM-V-195;ASGADR4FJYMVQAPKRHYMP9UDF02BDT;Executed;BABYLON;01989070;Babylon Corporation;EMPRESAS PUBLICAS DE MEDELLIN E.S.P;2018/12/20 01:39:39 PM;2030/07/16 12:00:00 AM;2026/01/06 09:19:41 AM;Babylon;Babylon Corporation;;;1;EMPRESAS PUBLICAS DE MEDELLIN E.S.P;.
EPM-V-196;EPM-V-196;ASGADR4FJYMVQAPKRHY6P9UDFF2APM;Executed;Oracle;01337500;SERVIBARRAS LTDA;EMPRESAS PUBLICAS DE MEDELLIN E.S.P;2018/12/20 01:39:26 PM;2030/04/24 08:00:00 AM;2026/01/05 02:42:23 PM;BAR-ONE Pro-Plus;SERVIBARRAS LTDA;1061908;;1;EMPRESAS PUBLICAS DE MEDELLIN E.S.P;.
EPM-V-197;EPM-V-197;ASGADR4FJYMVQAPKRHY9P9UDFI2AX5;Executed;Adobe Inc.;01980294;SERVIBARRAS LTDA;EMPRESAS PUBLICAS DE MEDELLIN E.S.P;2018/12/20 01:39:28 PM;2030/05/30 12:00:00 AM;2026/01/05 04:47:38 PM;BAR-ONE Pro-Plus;SERVIBARRAS LTDA;1120531;;1;EMPRESAS PUBLICAS DE MEDELLIN E.S.P;.
EPM-V-198;EPM-V-198;ASGADR4FJYMVQAPKRHY2P9UDFB2A4G;Executed;Adobe Inc.;01300223;Desconocido;EMPRESAS PUBLICAS DE MEDELLIN E.S.P;2018/12/20 01:39:21 PM;;2019/01/03 03:06:15 PM;PowerCivil;Desconocido;;;1;EMPRESAS PUBLICAS DE MEDELLIN E.S.P;.
EPM-V-199;EPM-V-199;ASGADR4FJYMVQAPKRHYZP9UDFO2CDK;Executed;Open Text Corporation;01989080;Hydromantis Environmental Software Solutions. Inc;EMPRESAS PUBLICAS DE MEDELLIN E.S.P;2018/12/20 01:39:39 PM;2030/03/01 08:00:00 AM;2026/01/05 04:33:13 PM;CapdetWorks;Hydromantis Environmental Software Solutions. Inc;;;1;EMPRESAS PUBLICAS DE MEDELLIN E.S.P;.
EPM-V-200;EPM-V-200;ASGADR4FJYMVQAPKRHY3P9UDFC2A7W;Executed;HIDROTEC LTDA;01312001;HIDROTEC LTDA;EMPRESAS PUBLICAS DE MEDELLIN E.S.P;2018/12/20 01:39:21 PM;2030/10/03 12:00:00 AM;2026/01/06 11:20:29 AM;Catalogo de proyectos de generación;HIDROTEC LTDA;;;99;EMPRESAS PUBLICAS DE MEDELLIN E.S.P;.
EPM-V-201;EPM-V-201;ASGADR4FJYMVQAPKRHYWP9UDFK2BTP;Executed;Desconocido;01989070;Desconocido;EMPRESAS PUBLICAS DE MEDELLIN E.S.P;2018/12/20 01:39:37 PM;;2019/01/03 03:06:22 PM;Sheridan Data Widgets 2.0;Desconocido;99-20476;;1;EMPRESAS PUBLICAS DE MEDELLIN E.S.P;.
EPM-V-202;EPM-V-202;ASGADR4FJYMVQAPKRHZCP9UDFR2C0M;Executed;Adobe Inc.;01989080;LEGIS;EMPRESAS PUBLICAS DE MEDELLIN E.S.P;2018/12/20 01:39:39 PM;2030/07/19 08:00:00 AM;2026/01/05 04:37:31 PM;Construplan NG;LEGIS;1326338;;1;EMPRESAS PUBLICAS DE MEDELLIN E.S.P;.
EPM-V-203;EPM-V-203;ASGADR4FJYMVQAPKRHY7P9UDFG2ARN;Executed;CorelDRAW;01337383;GTI;EMPRESAS PUBLICAS DE MEDELLIN E.S.P;2018/12/20 01:39:26 PM;2030/11/20 12:00:00 AM;2025/12/22 10:15:55 AM;CorelDRAW Graphics Suite 12;GTI;;;1;EMPRESAS PUBLICAS DE MEDELLIN E.S.P;.
EPM-V-204;EPM-V-204;ASGADR4FJYMVQAPKRHYNP9UDF22BHO;Executed;CorelDRAW;01980500;Calderón Cardona Ltda;EMPRESAS PUBLICAS DE MEDELLIN E.S.P;2018/12/20 01:39:28 PM;2030/07/12 12:00:00 AM;2026/01/06 08:18:17 AM;CorelDRAW Graphics Suite X3;Calderón Cardona Ltda;1321799;;1;EMPRESAS PUBLICAS DE MEDELLIN E.S.P;.
EPM-V-205;EPM-V-205;ASGADR4FJYMVQAPKRHYKP9UDFI2AZC;Executed;CorelDRAW;01411054;Calderón Cardona Ltda;EMPRESAS PUBLICAS DE MEDELLIN E.S.P;2018/12/20 01:39:26 PM;2030/07/12 08:00:00 AM;2026/01/05 03:04:42 PM;CorelDRAW Graphics Suite X3;Calderón Cardona Ltda;1321800;;1;EMPRESAS PUBLICAS DE MEDELLIN E.S.P;.
EPM-V-206;EPM-V-206;ASGADR4FJYMVQAPKRHYMP9UDF02BDZ;Executed;Business Objects;01989070;Abits Colombia;EMPRESAS PUBLICAS DE MEDELLIN E.S.P;2018/12/20 01:39:39 PM;2030/11/28 12:00:00 AM;2025/12/22 11:08:44 AM;Crystal Reports 9;Abits Colombia;;;1;EMPRESAS PUBLICAS DE MEDELLIN E.S.P;.
EPM-V-207;EPM-V-207;ASGADR4FJYMVQAPKRHY2P9UDFB2A5G;Executed;Business Objects;01312001;Abits Colombia;EMPRESAS PUBLICAS DE MEDELLIN E.S.P;2018/12/20 01:39:21 PM;2030/11/28 12:00:00 AM;2025/12/22 10:48:05 AM;Crystal Reports 9;Abits Colombia;;;2;EMPRESAS PUBLICAS DE MEDELLIN E.S.P;.
EPM-V-208;EPM-V-208;ASGADR4FJYMVQAPKRHZDP9UDFS2C2L;Executed;Business Objects;01980631;Abits Colombia;EMPRESAS PUBLICAS DE MEDELLIN E.S.P;2018/12/20 01:39:50 PM;2030/11/28 12:00:00 AM;2025/12/22 11:07:41 AM;Crystal Reports 9;Abits Colombia;;;1;EMPRESAS PUBLICAS DE MEDELLIN E.S.P;.
EPM-V-209;EPM-V-209;ASGADR4FJYMVQAPKRHYMP9UDF02BD1;Executed;Business Objects;01989070;Abits Colombia;EMPRESAS PUBLICAS DE MEDELLIN E.S.P;2018/12/20 01:39:39 PM;2030/11/28 12:00:00 AM;2025/12/22 11:01:47 AM;Crystal Reports 9;Abits Colombia;;;10;EMPRESAS PUBLICAS DE MEDELLIN E.S.P;.
EPM-V-210;EPM-V-210;ASGADR4FJYMVQAPKRHY9P9UDFH2AWE;Executed;Business Objects;01980286;Abits Colombia;EMPRESAS PUBLICAS DE MEDELLIN E.S.P;2018/12/20 01:39:28 PM;2030/11/28 12:00:00 AM;2025/12/22 10:59:03 AM;Crystal Reports 9;Abits Colombia;;;4;EMPRESAS PUBLICAS DE MEDELLIN E.S.P;.
EPM-V-211;EPM-V-211;ASGADR4FJYMVQAPKRHYVP9UDF92BQ7;Executed;Business Objects;01985020;Desconocido;EMPRESAS PUBLICAS DE MEDELLIN E.S.P;2018/12/20 01:39:31 PM;;2019/01/03 03:06:21 PM;Crystal Reports 9;Desconocido;;;1;EMPRESAS PUBLICAS DE MEDELLIN E.S.P;.
EPM-V-212;EPM-V-212;ASGADR4FJYMVQAPKRHY8P9UDFH2AV4;Executed;Business Objects;01989025;Abits Colombia;EMPRESAS PUBLICAS DE MEDELLIN E.S.P;2018/12/20 01:39:37 PM;2030/11/28 12:00:00 AM;2025/12/22 10:51:20 AM;Crystal Reports 9;Abits Colombia;;;2;EMPRESAS PUBLICAS DE MEDELLIN E.S.P;.
EPM-V-213;EPM-V-213;ASGADR4FJYMVQAPKRHZ3P9UDGC2DCE;Executed;Business Objects;01312030;Abits Colombia;EMPRESAS PUBLICAS DE MEDELLIN E.S.P;2018/12/20 01:39:49 PM;2030/11/28 12:00:00 AM;2025/12/22 11:06:38 AM;Crystal Reports 9;Abits Colombia;;;1;EMPRESAS PUBLICAS DE MEDELLIN E.S.P;.
EPM-V-214;EPM-V-214;ASGADR4FJYMVQAPKRHYQP9UDF42B4K;Executed;Business Objects;01989070;Abits Colombia;EMPRESAS PUBLICAS DE MEDELLIN E.S.P;2018/12/20 01:39:37 PM;2030/11/28 12:00:00 AM;2025/12/22 10:49:35 AM;Crystal Reports 9;Abits Colombia;;;5;EMPRESAS PUBLICAS DE MEDELLIN E.S.P;.
EPM-V-215;EPM-V-215;ASGADR4FJYMVQAPKRHYRP9UDF52B7E;Executed;Business Objects;01989070;Abits Colombia;EMPRESAS PUBLICAS DE MEDELLIN E.S.P;2018/12/20 01:39:37 PM;2030/11/28 12:00:00 AM;2025/12/22 11:03:38 AM;Crystal Reports 9;Abits Colombia;;;8;EMPRESAS PUBLICAS DE MEDELLIN E.S.P;.
EPM-V-216;EPM-V-216;ASGADR4FJYMVQAPKRHYVP9UDFK2BR5;Executed;Business Objects;01989080;Abits Colombia;EMPRESAS PUBLICAS DE MEDELLIN E.S.P;2018/12/20 01:39:41 PM;2030/11/28 12:00:00 AM;2025/12/22 10:53:35 AM;Crystal Reports 9;Abits Colombia;;;4;EMPRESAS PUBLICAS DE MEDELLIN E.S.P;.
EPM-V-217;EPM-V-217;ASGADR4FJYMVQAPKRHZTP9UDG72EBR;Executed;ServiSoft S.A.;01337022;Desconocido;EMPRESAS PUBLICAS DE MEDELLIN E.S.P;2018/12/20 01:39:51 PM;;2019/01/03 03:06:31 PM;CX-One;Desconocido;;;1;EMPRESAS PUBLICAS DE MEDELLIN E.S.P;.
EPM-V-218;EPM-V-218;ASGADR4FJYMVQAPKRHYLP9UDF02BCO;Executed;Desconocido;01989070;Desconocido;EMPRESAS PUBLICAS DE MEDELLIN E.S.P;2018/12/20 01:39:39 PM;;2019/01/03 03:06:24 PM;Sheridan Data Widgets 3.11;Desconocido;1042340;;2;EMPRESAS PUBLICAS DE MEDELLIN E.S.P;.
EPM-V-219;EPM-V-219;ASGADR4FJYMVQAPKRHYQP9UDF52B5H;Executed;Desconocido;01989080;Desconocido;EMPRESAS PUBLICAS DE MEDELLIN E.S.P;2018/12/20 01:39:41 PM;;2019/01/03 03:06:29 PM;Sheridan Data Widgets 3.11;Desconocido;1042340;;1;EMPRESAS PUBLICAS DE MEDELLIN E.S.P;.
EPM-V-220;EPM-V-220;ASGADR4FJYMVQAPKRHYLP9UDF02BC8;Executed;ServiSoft S.A.;01980335;Olympus;EMPRESAS PUBLICAS DE MEDELLIN E.S.P;2018/12/20 01:39:28 PM;2030/08/06 08:00:00 AM;2026/01/05 03:25:43 PM;Digital Wave Player;Olympus;;;1;EMPRESAS PUBLICAS DE MEDELLIN E.S.P;.
EPM-V-221;EPM-V-221;ASGADR4FJYMVQAPKRHY6P9UDFF2AP8;Executed;INGENIERÍA ESPECIALIZADA S.A.;01337001;INGENIERÍA ESPECIALIZADA S.A.;EMPRESAS PUBLICAS DE MEDELLIN E.S.P;2018/12/20 01:39:26 PM;2030/11/28 12:00:00 AM;2025/05/12 12:19:01 PM;DIGSILENT PowerFactory;INGENIERÍA ESPECIALIZADA S.A.;1313474;;9;EMPRESAS PUBLICAS DE MEDELLIN E.S.P;.
EPM-V-222;EPM-V-222;ASGADR4FJYMVQAPKRHY6P9UDFF2AO6;Executed;ServiSoft S.A.;01337280;ERAMUS LTDA;EMPRESAS PUBLICAS DE MEDELLIN E.S.P;2018/12/20 01:39:26 PM;2030/11/05 08:00:00 AM;2026/01/05 03:03:17 PM;DIRANA;ERAMUS LTDA;;;6;EMPRESAS PUBLICAS DE MEDELLIN E.S.P;.
EPM-V-223;EPM-V-223;ASGADR4FJYMVQAPKRHY3P9UDFC2A6V;Executed;ServiSoft S.A.;01312013;Desconocido;EMPRESAS PUBLICAS DE MEDELLIN E.S.P;2018/12/20 01:39:21 PM;;2019/01/03 03:06:15 PM;DM2000 1.1;Desconocido;;;1;EMPRESAS PUBLICAS DE MEDELLIN E.S.P;.
EPM-V-224;EPM-V-224;ASGADR4FJYMVQAPKRHY6P9UDFE2AOG;Executed;ServiSoft S.A.;01312052;Desconocido;EMPRESAS PUBLICAS DE MEDELLIN E.S.P;2018/12/20 01:39:26 PM;;2019/01/03 03:06:16 PM;DM2000 1.1;Desconocido;;;1;EMPRESAS PUBLICAS DE MEDELLIN E.S.P;.
EPM-V-225;EPM-V-225;ASGADR4FJYMVQAPKRHZAP9UDFO2CE4;Executed;Adobe Inc.;01989080;Desconocido;EMPRESAS PUBLICAS DE MEDELLIN E.S.P;2018/12/20 01:39:41 PM;;2019/01/03 03:06:25 PM;E Drive;Desconocido;;;7;EMPRESAS PUBLICAS DE MEDELLIN E.S.P;.
EPM-V-226;EPM-V-226;ASGADR4FJYMVQAPKRHYWP9UDFK2BSO;Executed;Adobe Inc.;01985021;ERA Electronica;EMPRESAS PUBLICAS DE MEDELLIN E.S.P;2018/12/20 01:39:31 PM;2030/11/30 08:00:00 AM;2026/01/06 09:49:42 AM;Elite Panaboard Software;ERA Electronica;;;2;EMPRESAS PUBLICAS DE MEDELLIN E.S.P;.
EPM-V-227;EPM-V-227;ASGADR4FJYMVQAPKRHYKP9UDFI2AY4;Executed;ESRI COLOMBIA S.A.S.;01411054;ESRI COLOMBIA S.A.S.;EMPRESAS PUBLICAS DE MEDELLIN E.S.P;2018/12/20 01:39:26 PM;2030/07/25 12:00:00 AM;2025/12/22 09:06:22 AM;ArcGIS Server;ESRI COLOMBIA S.A.S.;;;1;EMPRESAS PUBLICAS DE MEDELLIN E.S.P;.
EPM-V-228;EPM-V-228;ASGADR4FJYMVQAPKRHY2P9UDFB2A5A;Executed;INTERGRAPH CORPORATION;01312001;HEXAGON ESPATIAL - INTERGRAPH COLOMBIA S.A.S;EMPRESAS PUBLICAS DE MEDELLIN E.S.P;2018/12/20 01:39:21 PM;2030/09/01 12:00:00 AM;2025/12/22 11:31:21 AM;ERDAS IMAGINE;HEXAGON ESPATIAL - INTERGRAPH COLOMBIA S.A.S;;;1;EMPRESAS PUBLICAS DE MEDELLIN E.S.P;.
EPM-V-229;EPM-V-229;ASGADR4FJYMVQAPKRHY8P9UDFG2ATC;Executed;ServiSoft S.A.;01411040;Desconocido;EMPRESAS PUBLICAS DE MEDELLIN E.S.P;2018/12/20 01:39:26 PM;;2019/01/03 03:06:15 PM;EViews;Desconocido;1210184;;1;EMPRESAS PUBLICAS DE MEDELLIN E.S.P;.
EPM-V-230;EPM-V-230;ASGADR4FJYMVQAPKRHY2P9UDFA2A3P;Executed;Adobe Inc.;01337500;INFORMESE;EMPRESAS PUBLICAS DE MEDELLIN E.S.P;2018/12/20 01:39:26 PM;2030/10/04 12:00:00 AM;2025/12/22 11:41:34 AM;EViews;INFORMESE;1210183;;1;EMPRESAS PUBLICAS DE MEDELLIN E.S.P;.
EPM-V-231;EPM-V-231;ASGADR4FJYMVQAPKRHYNP9UDF22BHK;Executed;Adobe Inc.;01980173;INFORMESE;EMPRESAS PUBLICAS DE MEDELLIN E.S.P;2018/12/20 01:39:28 PM;2030/11/07 12:00:00 AM;2025/12/22 11:37:38 AM;EViews;INFORMESE;1345669;;1;EMPRESAS PUBLICAS DE MEDELLIN E.S.P;.
EPM-V-232;EPM-V-232;ASGADR4FJYMVQAPKRHZUP9UDG82EDR;Executed;Adobe Inc.;01980631;COMPAÑIA COMERCIAL GOBE LTDA.;EMPRESAS PUBLICAS DE MEDELLIN E.S.P;2018/12/20 01:39:51 PM;2030/05/22 12:00:00 AM;2025/12/22 11:39:23 AM;EViews;COMPAÑIA COMERCIAL GOBE LTDA.;1380330;;1;EMPRESAS PUBLICAS DE MEDELLIN E.S.P;.
EPM-V-233;EPM-V-233;ASGADR4FJYMVQAPKRHYKP9UDFI2AY5;Executed;Open Text Corporation;01989070;ANTIVIRUS-BOGOTA;EMPRESAS PUBLICAS DE MEDELLIN E.S.P;2018/12/20 01:39:37 PM;2030/12/12 12:00:00 AM;2026/01/05 05:09:23 PM;Exceed V8.0;ANTIVIRUS-BOGOTA;1044447;;1;EMPRESAS PUBLICAS DE MEDELLIN E.S.P;.
EPM-V-234;EPM-V-234;ASGADR4FJYMVQAPKRHY3P9UDFB2A55;Executed;Open Text Corporation;01337383;ANTIVIRUS-BOGOTA;EMPRESAS PUBLICAS DE MEDELLIN E.S.P;2018/12/20 01:39:26 PM;2030/12/12 12:00:00 AM;2026/01/06 09:16:12 AM;Exceed V8.0;ANTIVIRUS-BOGOTA;1044447;;1;EMPRESAS PUBLICAS DE MEDELLIN E.S.P;.
EPM-V-235;EPM-V-235;ASGADR4FJYMVQAPKRHY5P9UDFE2AMX;Executed;Open Text Corporation;01337001;ANTIVIRUS-BOGOTA;EMPRESAS PUBLICAS DE MEDELLIN E.S.P;2018/12/20 01:39:26 PM;2030/12/12 12:00:00 AM;2026/01/05 03:38:37 PM;Exceed V8.0;ANTIVIRUS-BOGOTA;1044447;;1;EMPRESAS PUBLICAS DE MEDELLIN E.S.P;.
EPM-V-236;EPM-V-236;ASGADR4FJYMVQAPKRHZ5P9UDGD2DEV;Executed;Open Text Corporation;01337022;Open Text Corporation;EMPRESAS PUBLICAS DE MEDELLIN E.S.P;2018/12/20 01:39:51 PM;2030/12/12 12:00:00 AM;2026/01/05 01:32:17 PM;Exceed V8.0;Open Text Corporation;1044447;;1;EMPRESAS PUBLICAS DE MEDELLIN E.S.P;.
EPM-V-237;EPM-V-237;ASGADR4FJYMVQAPKRHYSP9UDF72BLJ;Executed;Open Text Corporation;01989070;ADVANCED SOLUTIONS;EMPRESAS PUBLICAS DE MEDELLIN E.S.P;2018/12/20 01:39:37 PM;2030/01/12 12:00:00 AM;2026/01/06 09:30:38 AM;Exceed onDemand 5;ADVANCED SOLUTIONS;1229253;;1;EMPRESAS PUBLICAS DE MEDELLIN E.S.P;.
EPM-V-238;EPM-V-238;ASGADR4FJYMVQAPKRHY7P9UDFF2APT;Executed;Open Text Corporation;01337001;ADVANCED SOLUTIONS;EMPRESAS PUBLICAS DE MEDELLIN E.S.P;2018/12/20 01:39:26 PM;2030/01/12 08:00:00 AM;2026/01/05 04:31:52 PM;Exceed onDemand 5;ADVANCED SOLUTIONS;1229253;;1;EMPRESAS PUBLICAS DE MEDELLIN E.S.P;.
EPM-V-239;EPM-V-239;ASGADR4FJYMVQAPKRHY2P9UDFB2A4X;Executed;Open Text Corporation;01337383;ADVANCED SOLUTIONS;EMPRESAS PUBLICAS DE MEDELLIN E.S.P;2018/12/20 01:39:26 PM;2030/01/12 08:00:00 AM;2026/01/05 03:39:24 PM;Exceed onDemand 5;ADVANCED SOLUTIONS;1229253;;1;EMPRESAS PUBLICAS DE MEDELLIN E.S.P;.
EPM-V-240;EPM-V-240;ASGADR4FJYMVQAPKRHZ7P9UDGF2DIV;Executed;Open Text Corporation;01337022;ADVANCED SOLUTIONS;EMPRESAS PUBLICAS DE MEDELLIN E.S.P;2018/12/20 01:39:50 PM;2030/01/12 12:00:00 AM;2026/01/05 03:26:37 PM;Exceed onDemand 5;ADVANCED SOLUTIONS;1229253;;1;EMPRESAS PUBLICAS DE MEDELLIN E.S.P;.
EPM-V-241;EPM-V-241;ASGADR4FJYMVQAPKRHZ6P9UDGF2DHR;Executed;Open Text Corporation;01337023;ADVANCED SOLUTIONS;EMPRESAS PUBLICAS DE MEDELLIN E.S.P;2018/12/20 01:39:50 PM;2030/01/12 08:00:00 AM;2026/01/05 03:43:57 PM;Exceed onDemand 5;ADVANCED SOLUTIONS;1229253;;1;EMPRESAS PUBLICAS DE MEDELLIN E.S.P;.
EPM-V-242;EPM-V-242;ASGADR4FJYMVQAPKRHY2P9UDFA2A3N;Executed;Open Text Corporation;01337383;ADVANCED SOLUTIONS;EMPRESAS PUBLICAS DE MEDELLIN E.S.P;2018/12/20 01:39:26 PM;2030/01/12 08:00:00 AM;2026/01/05 03:58:56 PM;Exceed onDemand 5;ADVANCED SOLUTIONS;1229253;;3;EMPRESAS PUBLICAS DE MEDELLIN E.S.P;.
EPM-V-243;EPM-V-243;ASGADR4FJYMVQAPKRHY3P9UDFB2A6D;Executed;Open Text Corporation;01337384;ADVANCED SOLUTIONS;EMPRESAS PUBLICAS DE MEDELLIN E.S.P;2018/12/20 01:39:26 PM;2030/01/12 12:00:00 AM;2026/01/06 09:10:25 AM;Exceed onDemand 5;ADVANCED SOLUTIONS;1229253;;2;EMPRESAS PUBLICAS DE MEDELLIN E.S.P;.
EPM-V-244;EPM-V-244;ASGADR4FJYMVQAPKRHYSP9UDF62B91;Executed;ServiSoft S.A.;01989080;Desconocido;EMPRESAS PUBLICAS DE MEDELLIN E.S.P;2018/12/20 01:39:39 PM;;2019/01/03 03:17:45 PM;IBM WebSphere Application Server;Desconocido;;;1;EMPRESAS PUBLICAS DE MEDELLIN E.S.P;.
EPM-V-245;EPM-V-245;ASGADR4FJYMVQAPKRHYVP9UDF92BQZ;Executed;Business Objects;01989080;Desconocido;EMPRESAS PUBLICAS DE MEDELLIN E.S.P;2018/12/20 01:39:39 PM;;2019/01/03 03:17:44 PM;IBM WebSphere Application Server;Desconocido;;;2;EMPRESAS PUBLICAS DE MEDELLIN E.S.P;.
EPM-V-246;EPM-V-246;ASGADR4FJYMVQAPKRHY4P9UDFD2A9L;Executed;Adobe Inc.;01312014;SONTEK;EMPRESAS PUBLICAS DE MEDELLIN E.S.P;2018/12/20 01:39:21 PM;2030/06/30 12:00:00 AM;2026/01/06 09:01:42 AM;Flow Tracker;SONTEK;;;1;EMPRESAS PUBLICAS DE MEDELLIN E.S.P;.
EPM-V-247;EPM-V-247;ASGADR4FJYMVQAPKRHY2P9UDFA2A2T;Executed;Adobe Inc.;01337380;COOPER;EMPRESAS PUBLICAS DE MEDELLIN E.S.P;2018/12/20 01:39:26 PM;2030/04/29 12:00:00 AM;2026/01/05 02:22:09 PM;Form 5 Interface Software;COOPER;;;999;EMPRESAS PUBLICAS DE MEDELLIN E.S.P;.
EPM-V-248;EPM-V-248;ASGADR4FJYMVQAPKRHZ6P9UDGF2DHT;Executed;ServiSoft S.A.;01337023;COOPER;EMPRESAS PUBLICAS DE MEDELLIN E.S.P;2018/12/20 01:39:51 PM;2030/06/01 08:00:00 AM;2026/01/05 03:16:07 PM;Form 5 Interface Software;COOPER;;;1;EMPRESAS PUBLICAS DE MEDELLIN E.S.P;.
EPM-V-249;EPM-V-249;ASGADR4FJYMVQAPKRHY4P9UDFD2A96;Executed;Adobe Inc.;01727173;BANXIA SOFTWARE LTDA.;EMPRESAS PUBLICAS DE MEDELLIN E.S.P;2018/12/20 01:39:26 PM;2030/12/10 12:00:00 AM;2026/01/06 07:55:11 AM;Frontier Analyst Professional 3;BANXIA SOFTWARE LTDA.;1061145;;1;EMPRESAS PUBLICAS DE MEDELLIN E.S.P;.
EPM-V-250;EPM-V-250;ASGADR4FJYMVQAPKRHY3P9UDFC2A74;Executed;ServiSoft S.A.;01411033;Desconocido;EMPRESAS PUBLICAS DE MEDELLIN E.S.P;2018/12/20 01:39:26 PM;;2019/01/03 03:06:19 PM;G Design Studio;Desconocido;;;14;EMPRESAS PUBLICAS DE MEDELLIN E.S.P;.
EPM-V-251;EPM-V-251;ASGADR4FJYMVQAPKRHY2P9UDFB2A5J;Executed;Adobe Inc.;01337383;Desconocido;EMPRESAS PUBLICAS DE MEDELLIN E.S.P;2018/12/20 01:39:26 PM;;2019/01/03 03:06:18 PM;G Design Studio;Desconocido;;;20;EMPRESAS PUBLICAS DE MEDELLIN E.S.P;.
EPM-V-252;EPM-V-252;ASGADR4FJYMVQAPKRHYQP9UDF42B4D;Executed;Adobe Inc.;01989070;Desconocido;EMPRESAS PUBLICAS DE MEDELLIN E.S.P;2018/12/20 01:39:37 PM;;2019/01/03 03:06:19 PM;G Design Studio;Desconocido;;;12;EMPRESAS PUBLICAS DE MEDELLIN E.S.P;.
EPM-V-253;EPM-V-253;ASGADR4FJYMVQAPKRHY9P9UDFH2AW5;Executed;Oracle;01989070;Desconocido;EMPRESAS PUBLICAS DE MEDELLIN E.S.P;2018/12/20 01:39:37 PM;;2019/01/03 03:06:23 PM;G Design Studio;Desconocido;;;4;EMPRESAS PUBLICAS DE MEDELLIN E.S.P;.
EPM-V-258;EPM-V-258;ASGADR4FJYMVQAPKRHY7P9UDFG2AR2;Executed;Desconocido;01337280;Desconocido;EMPRESAS PUBLICAS DE MEDELLIN E.S.P;2018/12/20 01:39:26 PM;;2019/01/03 03:06:17 PM;GEventos;Desconocido;;;4;EMPRESAS PUBLICAS DE MEDELLIN E.S.P;.
EPM-V-259;EPM-V-259;ASGADR4FJYMVQAPKRHY4P9UDFD2A9R;Executed;Symantec;01312030;Symantec;EMPRESAS PUBLICAS DE MEDELLIN E.S.P;2018/12/20 01:39:21 PM;2030/06/01 12:00:00 AM;2026/01/06 09:17:56 AM;Ghost Software;Symantec;1102551/1102915;;2;EMPRESAS PUBLICAS DE MEDELLIN E.S.P;.
EPM-V-260;EPM-V-260;ASGADR4FJYMVQAPKRHY5P9UDFD2ALD;Executed;Symantec;01312042;Symantec;EMPRESAS PUBLICAS DE MEDELLIN E.S.P;2018/12/20 01:39:26 PM;2030/06/01 12:00:00 AM;2026/01/05 04:58:45 PM;Ghost Software;Symantec;1102551/1102915;;1;EMPRESAS PUBLICAS DE MEDELLIN E.S.P;.
EPM-V-261;EPM-V-261;ASGADR4FJYMVQAPKRHZBP9UDFQ2CHT;Executed;Symantec;01989080;Symantec;EMPRESAS PUBLICAS DE MEDELLIN E.S.P;2018/12/20 01:39:41 PM;2030/06/01 08:00:00 AM;2026/01/06 10:19:32 AM;Ghost Software;Symantec;1102551/1102915;;2;EMPRESAS PUBLICAS DE MEDELLIN E.S.P;.
EPM-V-262;EPM-V-262;ASGADR4FJYMVQAPKRHYQP9UDF52B50;Executed;Symantec;01985075;Symantec;EMPRESAS PUBLICAS DE MEDELLIN E.S.P;2018/12/20 01:39:31 PM;2030/06/01 12:00:00 AM;2026/01/05 02:45:53 PM;Ghost Software;Symantec;1102551/1102915;;2;EMPRESAS PUBLICAS DE MEDELLIN E.S.P;.
EPM-V-263;EPM-V-263;ASGADR4FJYMVQAPKRHYPP9UDF32B15;Executed;Symantec;01989080;Symantec;EMPRESAS PUBLICAS DE MEDELLIN E.S.P;2018/12/20 01:39:39 PM;2030/06/01 08:00:00 AM;2026/01/06 09:33:37 AM;Ghost Software;Symantec;1102551/1102915;;1;EMPRESAS PUBLICAS DE MEDELLIN E.S.P;.
EPM-V-264;EPM-V-264;ASGADR4FJYMVQAPKRHYRP9UDF62B7Q;Executed;Symantec;01989080;Symantec;EMPRESAS PUBLICAS DE MEDELLIN E.S.P;2018/12/20 01:39:39 PM;2030/06/01 08:00:00 AM;2026/01/05 02:52:57 PM;Ghost Software;Symantec;1102551/1102915;;1;EMPRESAS PUBLICAS DE MEDELLIN E.S.P;.
EPM-V-265;EPM-V-265;ASGADR4FJYMVQAPKRHZBP9UDFP2CHF;Executed;Symantec;01989080;Symantec;EMPRESAS PUBLICAS DE MEDELLIN E.S.P;2018/12/20 01:39:41 PM;2030/06/01 12:00:00 AM;2026/01/06 08:46:49 AM;Ghost Software;Symantec;1102551/1102915;;1;EMPRESAS PUBLICAS DE MEDELLIN E.S.P;.
EPM-V-266;EPM-V-266;ASGADR4FJYMVQAPKRHYNP9UDF12BGH;Executed;GIT LTDA;01980445;GIT LTDA;EMPRESAS PUBLICAS DE MEDELLIN E.S.P;2018/12/20 01:39:28 PM;2030/09/20 12:00:00 AM;2025/12/22 01:20:49 PM;Solución ACL;GIT LTDA;1338895;;6;EMPRESAS PUBLICAS DE MEDELLIN E.S.P;.
EPM-V-267;EPM-V-267;ASGADR4FJYMVQAPKRHY1P9UDFA2A2K;Executed;Adobe Inc.;01300223;Desconocido;EMPRESAS PUBLICAS DE MEDELLIN E.S.P;2018/12/20 01:39:21 PM;;2019/01/03 03:06:14 PM;GLNP;Desconocido;;;4;EMPRESAS PUBLICAS DE MEDELLIN E.S.P;.
EPM-V-268;EPM-V-268-001;ASGADR4FJYMVQAPKRHY3P9UDFB2A63;Executed;Trimble;01411032;PROCALCULO - PROSIS S.A.;EMPRESAS PUBLICAS DE MEDELLIN E.S.P;2018/12/20 01:39:26 PM;2030/10/01 12:00:00 AM;2025/05/12 12:19:01 PM;GPS Pathfinder Office;PROCALCULO - PROSIS S.A.;1092575;;1;EMPRESAS PUBLICAS DE MEDELLIN E.S.P;.
EPM-V-269;EPM-V-269;ASGADR4FJYMVQAPKRHY6P9UDFE2AOE;Executed;Trimble;01337020;PROCALCULO - PROSIS S.A.;EMPRESAS PUBLICAS DE MEDELLIN E.S.P;2018/12/20 01:39:26 PM;2030/10/01 12:00:00 AM;2025/05/12 12:19:01 PM;GPS Pathfinder Office;PROCALCULO - PROSIS S.A.;1092575;;13;EMPRESAS PUBLICAS DE MEDELLIN E.S.P;.
EPM-V-270;EPM-V-270;ASGADR4FJYMVQAPKRHY8P9UDFG2ASZ;Executed;Trimble;01337384;PROCALCULO - PROSIS S.A.;EMPRESAS PUBLICAS DE MEDELLIN E.S.P;2018/12/20 01:39:26 PM;2030/10/01 12:00:00 AM;2025/05/12 12:19:01 PM;GPS Pathfinder Office;PROCALCULO - PROSIS S.A.;1092575;;9;EMPRESAS PUBLICAS DE MEDELLIN E.S.P;.
EPM-V-271;EPM-V-271;ASGADR4FJYMVQAPKRHZBP9UDFQ2CHK;Executed;Trimble;01989080;PROCALCULO - PROSIS S.A.;EMPRESAS PUBLICAS DE MEDELLIN E.S.P;2018/12/20 01:39:39 PM;2030/03/30 12:00:00 AM;2025/05/12 12:19:01 PM;GPS Pathfinder Office;PROCALCULO - PROSIS S.A.;;;70;EMPRESAS PUBLICAS DE MEDELLIN E.S.P;.
EPM-V-272;EPM-V-272;ASGADR4FJYMVQAPKRHYLP9UDFJ2BBM;Executed;ServiSoft S.A.;01982100;Fieldston Software, LLC;EMPRESAS PUBLICAS DE MEDELLIN E.S.P;2018/12/20 01:39:31 PM;2030/08/29 08:00:00 AM;2026/01/05 04:10:15 PM;gSyncit;Fieldston Software, LLC;;;1;EMPRESAS PUBLICAS DE MEDELLIN E.S.P;.
EPM-V-273;EPM-V-273;ASGADR4FJYMVQAPKRHY4P9UDFC2A83;Executed;Adobe Inc.;01312014;PROCALCULO - PROSIS LTDA;EMPRESAS PUBLICAS DE MEDELLIN E.S.P;2018/12/20 01:39:21 PM;2030/05/06 12:00:00 AM;2026/01/06 08:43:27 AM;HYDROpro;PROCALCULO - PROSIS LTDA;;;5;EMPRESAS PUBLICAS DE MEDELLIN E.S.P;.
EPM-V-274;EPM-V-274;ASGADR4FJYMVQAPKRHYSP9UDF72BKX;Executed;SAP;01989070;Desconocido;EMPRESAS PUBLICAS DE MEDELLIN E.S.P;2018/12/20 01:39:37 PM;;2019/01/03 03:06:21 PM;Hyena;Desconocido;1402541;;3;EMPRESAS PUBLICAS DE MEDELLIN E.S.P;.
EPM-V-275;EPM-V-275;ASGADR4FJYMVQAPKRHYSP9UDF72BKH;Executed;Oracle;01980630;JD Edwards;EMPRESAS PUBLICAS DE MEDELLIN E.S.P;2018/12/20 01:39:28 PM;2030/02/04 12:00:00 AM;2026/01/06 09:44:26 AM;Hyperion Pillar 5.1;JD Edwards;;;1;EMPRESAS PUBLICAS DE MEDELLIN E.S.P;.
EPM-V-276;EPM-V-276;ASGADR4FJYMVQAPKRHYSP9UDF72BKB;Executed;Oracle;01980630;JD Edwards;EMPRESAS PUBLICAS DE MEDELLIN E.S.P;2018/12/20 01:39:28 PM;2030/02/04 12:00:00 AM;2026/01/06 08:41:32 AM;Hyperion Pillar 5.1;JD Edwards;;;12;EMPRESAS PUBLICAS DE MEDELLIN E.S.P;.
EPM-V-277;EPM-V-277;ASGADR4FJYMVQAPKRHYSP9UDF72BLB;Executed;Oracle;01980635;JD Edwards;EMPRESAS PUBLICAS DE MEDELLIN E.S.P;2018/12/20 01:39:28 PM;2030/02/04 12:00:00 AM;2026/01/06 08:11:56 AM;Hyperion Pillar 5.1;JD Edwards;;;1;EMPRESAS PUBLICAS DE MEDELLIN E.S.P;.
EPM-V-278;EPM-V-278;ASGADR4FJYMVQAPKRHZXP9UDGL2EJF;Executed;Oracle;01980631;JD Edwards;EMPRESAS PUBLICAS DE MEDELLIN E.S.P;2018/12/20 01:39:48 PM;2030/02/04 08:00:00 AM;2026/01/05 04:25:50 PM;Hyperion Pillar 5.1;JD Edwards;;;1;EMPRESAS PUBLICAS DE MEDELLIN E.S.P;.
EPM-V-279;EPM-V-279;ASGADR4FJYMVQAPKRHZ4P9UDGC2DD6;Executed;Oracle;01980609;JD Edwards;EMPRESAS PUBLICAS DE MEDELLIN E.S.P;2018/12/20 01:39:51 PM;2030/02/04 12:00:00 AM;2026/01/06 07:46:41 AM;Hyperion Pillar 5.1;JD Edwards;;;1;EMPRESAS PUBLICAS DE MEDELLIN E.S.P;.
EPM-V-280;EPM-V-280;ASGADR4FJYMVQAPKRHYKP9UDFI2AYW;Executed;Oracle;01980300;JD Edwards;EMPRESAS PUBLICAS DE MEDELLIN E.S.P;2018/12/20 01:39:28 PM;2030/02/04 12:00:00 AM;2026/01/06 09:04:04 AM;Hyperion Pillar 5.1;JD Edwards;;;1;EMPRESAS PUBLICAS DE MEDELLIN E.S.P;.
EPM-V-281;EPM-V-281;ASGADR4FJYMVQAPKRHZKP9UDGI2D5N;Executed;Oracle;01980685;JD Edwards;EMPRESAS PUBLICAS DE MEDELLIN E.S.P;2018/12/20 01:39:48 PM;2030/02/04 12:00:00 AM;2026/01/05 04:49:02 PM;Hyperion Pillar 5.1;JD Edwards;;;1;EMPRESAS PUBLICAS DE MEDELLIN E.S.P;.
EPM-V-282;EPM-V-282;ASGADR4FJYMVQAPKRHZVP9UDG92EF3;Executed;Oracle;01980685;JD Edwards;EMPRESAS PUBLICAS DE MEDELLIN E.S.P;2018/12/20 01:39:51 PM;2030/02/04 08:00:00 AM;2026/01/06 09:00:58 AM;Hyperion Pillar 5.1;JD Edwards;;;9;EMPRESAS PUBLICAS DE MEDELLIN E.S.P;.
EPM-V-283;EPM-V-283;ASGADR4FJYMVQAPKRHYRP9UDF62B7O;Executed;Oracle;01980500;JD Edwards;EMPRESAS PUBLICAS DE MEDELLIN E.S.P;2018/12/20 01:39:28 PM;2030/02/04 12:00:00 AM;2026/01/06 08:58:24 AM;Hyperion Pillar 5.1;JD Edwards;;;1;EMPRESAS PUBLICAS DE MEDELLIN E.S.P;.
EPM-V-284;EPM-V-284;ASGADR4FJYMVQAPKRHYRP9UDF52B6V;Executed;Oracle;01980450;JD Edwards;EMPRESAS PUBLICAS DE MEDELLIN E.S.P;2018/12/20 01:39:28 PM;2030/02/04 08:00:00 AM;2026/01/05 02:59:15 PM;Hyperion Pillar 5.1;JD Edwards;;;1;EMPRESAS PUBLICAS DE MEDELLIN E.S.P;.
EPM-V-285;EPM-V-285;ASGADR4FJYMVQAPKRHYRP9UDF62B8G;Executed;Oracle;01980509;JD Edwards;EMPRESAS PUBLICAS DE MEDELLIN E.S.P;2018/12/20 01:39:28 PM;2030/02/04 08:00:00 AM;2026/01/05 03:39:48 PM;Hyperion Pillar 5.1;JD Edwards;;;2;EMPRESAS PUBLICAS DE MEDELLIN E.S.P;.
EPM-V-286;EPM-V-286;ASGADR4FJYMVQAPKRHYKP9UDFI2AZE;Executed;Oracle;01980152;JD Edwards;EMPRESAS PUBLICAS DE MEDELLIN E.S.P;2018/12/20 01:39:28 PM;2030/02/04 08:00:00 AM;2026/01/05 03:18:43 PM;Hyperion Pillar 5.1;JD Edwards;;;1;EMPRESAS PUBLICAS DE MEDELLIN E.S.P;.
EPM-V-287;EPM-V-287;ASGADR4FJYMVQAPKRHY6P9UDFE2ANL;Executed;Oracle;01980147;JD Edwards;EMPRESAS PUBLICAS DE MEDELLIN E.S.P;2018/12/20 01:39:28 PM;2030/02/04 08:00:00 AM;2026/01/05 03:41:47 PM;Hyperion Pillar 5.1;JD Edwards;;;1;EMPRESAS PUBLICAS DE MEDELLIN E.S.P;.
EPM-V-288;EPM-V-288;ASGADR4FJYMVQAPKRHYUP9UDF82BOG;Executed;Oracle;01989025;JD Edwards;EMPRESAS PUBLICAS DE MEDELLIN E.S.P;2018/12/20 01:39:37 PM;2030/02/04 08:00:00 AM;2026/01/05 03:20:11 PM;Hyperion Pillar 5.1;JD Edwards;;;1;EMPRESAS PUBLICAS DE MEDELLIN E.S.P;.
EPM-V-289;EPM-V-289;ASGADR4FJYMVQAPKRHYTP9UDF72BLK;Executed;Oracle;01989070;JD Edwards;EMPRESAS PUBLICAS DE MEDELLIN E.S.P;2018/12/20 01:39:37 PM;2030/02/04 12:00:00 AM;2026/01/05 02:47:19 PM;Hyperion Pillar 5.1;JD Edwards;;;1;EMPRESAS PUBLICAS DE MEDELLIN E.S.P;.
EPM-V-290;EPM-V-290;ASGADR4FJYMVQAPKRHYQP9UDF52B64;Executed;Oracle;01980400;JD Edwards;EMPRESAS PUBLICAS DE MEDELLIN E.S.P;2018/12/20 01:39:28 PM;2030/11/01 08:00:00 AM;2026/01/05 04:36:30 PM;Hyperion Pillar 5.1;JD Edwards;;;1;EMPRESAS PUBLICAS DE MEDELLIN E.S.P;.
EPM-V-291;EPM-V-291;ASGADR4FJYMVQAPKRHY6P9UDFF2APG;Executed;ILOG;01312203;Abits Colombia;EMPRESAS PUBLICAS DE MEDELLIN E.S.P;2018/12/20 01:39:26 PM;2030/05/26 12:00:00 AM;2025/05/12 12:19:01 PM;ILOG CPLEX;Abits Colombia;;;1;EMPRESAS PUBLICAS DE MEDELLIN E.S.P;.
EPM-V-292;EPM-V-292;ASGADR4FJYMVQAPKRHYPP9UDF42B2U;Executed;Adobe Inc.;01989080;Desconocido;EMPRESAS PUBLICAS DE MEDELLIN E.S.P;2018/12/20 01:39:39 PM;;2019/01/03 03:17:45 PM;IBM WebSphere Application Server;Desconocido;2185758;;1;EMPRESAS PUBLICAS DE MEDELLIN E.S.P;.
EPM-V-293;EPM-V-293;ASGADR4FJYMVQAPKRHYTP9UDF72BL5;Executed;ServiSoft S.A.;01989070;Intergrupo S.A.S;EMPRESAS PUBLICAS DE MEDELLIN E.S.P;2018/12/20 01:39:37 PM;2030/11/16 12:00:00 AM;2026/01/06 07:45:31 AM;IDSOS Complemento Office;Intergrupo S.A.S;;;999;EMPRESAS PUBLICAS DE MEDELLIN E.S.P;.
EPM-V-294;EPM-V-294;ASGADR4FJYMVQAPKRHYUP9UDF82BO2;Executed;Oracle;01989080;URIGO;EMPRESAS PUBLICAS DE MEDELLIN E.S.P;2018/12/20 01:39:41 PM;2030/11/09 12:00:00 AM;2025/12/22 01:34:54 PM;IFIX;URIGO;1085424;;1;EMPRESAS PUBLICAS DE MEDELLIN E.S.P;.
EPM-V-295;EPM-V-295;ASGADR4FJYMVQAPKRHY7P9UDFF2AQT;Executed;Schneider Electric;01337383;SCHNEIDER ELECTRIC DE COLOMBIA S.A;EMPRESAS PUBLICAS DE MEDELLIN E.S.P;2018/12/20 01:39:26 PM;2030/10/30 12:00:00 AM;2025/12/22 01:42:28 PM;ION Setup;SCHNEIDER ELECTRIC DE COLOMBIA S.A;;;3;EMPRESAS PUBLICAS DE MEDELLIN E.S.P;.
EPM-V-296;EPM-V-296;ASGADR4FJYMVQAPKRHYSP9UDF72BKC;Executed;Schneider Electric;01989080;SCHNEIDER ELECTRIC DE COLOMBIA S.A;EMPRESAS PUBLICAS DE MEDELLIN E.S.P;2018/12/20 01:39:39 PM;2030/10/08 12:00:00 AM;2025/12/22 01:39:39 PM;ION Setup;SCHNEIDER ELECTRIC DE COLOMBIA S.A;;;1;EMPRESAS PUBLICAS DE MEDELLIN E.S.P;.
EPM-V-297;EPM-V-297;ASGADR4FJYMVQAPKRHY9P9UDFI2AX0;Executed;Schneider Electric;01980294;SCHNEIDER ELECTRIC DE COLOMBIA S.A;EMPRESAS PUBLICAS DE MEDELLIN E.S.P;2018/12/20 01:39:28 PM;2030/10/08 12:00:00 AM;2025/12/22 01:41:16 PM;ION Setup;SCHNEIDER ELECTRIC DE COLOMBIA S.A;;;1;EMPRESAS PUBLICAS DE MEDELLIN E.S.P;.
EPM-V-298;EPM-V-298;ASGADR4FJYMVQAPKRHY2P9UDFA2A3B;Executed;Leica Geosystems AG;01300223;PROCALCULO - PROSIS S.A.;EMPRESAS PUBLICAS DE MEDELLIN E.S.P;2018/12/20 01:39:21 PM;2030/06/12 12:00:00 AM;2025/12/22 01:51:15 PM;Leica Geo Office 8.3;PROCALCULO - PROSIS S.A.;;;1;EMPRESAS PUBLICAS DE MEDELLIN E.S.P;.
EPM-V-299;EPM-V-299;ASGADR4FJYMVQAPKRHZSP9UDG72EAX;Executed;Adobe Inc.;01980612;Desconocido;EMPRESAS PUBLICAS DE MEDELLIN E.S.P;2018/12/20 01:39:51 PM;;2019/01/03 03:33:40 PM;Macromedia Captivate;Desconocido;1270486;;1;EMPRESAS PUBLICAS DE MEDELLIN E.S.P;.
EPM-V-300;EPM-V-300;ASGADR4FJYMVQAPKRHY4P9UDFD2A9Q;Executed;Adobe Inc.;01312013;Desconocido;EMPRESAS PUBLICAS DE MEDELLIN E.S.P;2018/12/20 01:39:21 PM;;2019/01/03 03:06:15 PM;Macromedia Captivate;Desconocido;1270486;;1;EMPRESAS PUBLICAS DE MEDELLIN E.S.P;.
EPM-V-301;EPM-V-301;ASGADR4FJYMVQAPKRHYNP9UDF12BGI;Executed;Adobe Inc.;01985080;Desconocido;EMPRESAS PUBLICAS DE MEDELLIN E.S.P;2018/12/20 01:39:37 PM;;2019/01/03 03:06:25 PM;Macromedia Captivate;Desconocido;1270486;;2;EMPRESAS PUBLICAS DE MEDELLIN E.S.P;.
EPM-V-302;EPM-V-302;ASGADR4FJYMVQAPKRHZ6P9UDGE2DGX;Executed;Adobe Inc.;01980509;Desconocido;EMPRESAS PUBLICAS DE MEDELLIN E.S.P;2018/12/20 01:39:49 PM;;2019/01/03 03:33:39 PM;Macromedia Captivate;Desconocido;1270486;;1;EMPRESAS PUBLICAS DE MEDELLIN E.S.P;.
EPM-V-303;EPM-V-303;ASGADR4FJYMVQAPKRHZSP9UDG62DZO;Executed;Adobe Inc.;01337022;Desconocido;EMPRESAS PUBLICAS DE MEDELLIN E.S.P;2018/12/20 01:39:48 PM;;2019/01/03 03:33:40 PM;Macromedia Captivate;Desconocido;1270486;;1;EMPRESAS PUBLICAS DE MEDELLIN E.S.P;.
EPM-V-304;EPM-V-304;ASGADR4FJYMVQAPKRHZ3P9UDGC2DBU;Executed;Adobe Inc.;01980568;Desconocido;EMPRESAS PUBLICAS DE MEDELLIN E.S.P;2018/12/20 01:39:49 PM;;2019/01/03 03:33:39 PM;Macromedia Captivate;Desconocido;1270486;;1;EMPRESAS PUBLICAS DE MEDELLIN E.S.P;.
EPM-V-305;EPM-V-305;ASGADR4FJYMVQAPKRHZKP9UDGI2D52;Historical;ADOBE SYSTEMS INCORPORATED;01980631;Desconocido;EMPRESAS PUBLICAS DE MEDELLIN E.S.P;2018/12/20 01:39:51 PM;2009/01/01 12:00:00 AM;2026/02/16 05:15:13 AM;Macromedia Captivate;Desconocido;1270486;;0;EMPRESAS PUBLICAS DE MEDELLIN E.S.P;.
EPM-V-306;EPM-V-306;ASGADR4FJYMVQAPKRHYOP9UDF32B0J;Historical;ADOBE SYSTEMS INCORPORATED;01980563;Desconocido;EMPRESAS PUBLICAS DE MEDELLIN E.S.P;2018/12/20 01:39:28 PM;2009/01/01 12:00:00 AM;2026/02/16 05:15:04 AM;Macromedia Captivate;Desconocido;1270486;;0;EMPRESAS PUBLICAS DE MEDELLIN E.S.P;.
EPM-V-307;EPM-V-307;ASGADR4FJYMVQAPKRHYQP9UDF42B4R;Executed;Adobe Inc.;01989080;Desconocido;EMPRESAS PUBLICAS DE MEDELLIN E.S.P;2018/12/20 01:39:39 PM;;2019/01/03 03:06:27 PM;Macromedia Captivate;Desconocido;1270486;;1;EMPRESAS PUBLICAS DE MEDELLIN E.S.P;.
EPM-V-308;EPM-V-308;ASGADR4FJYMVQAPKRHY9P9UDFH2AWK;Executed;Adobe Inc.;01980631;Desconocido;EMPRESAS PUBLICAS DE MEDELLIN E.S.P;2018/12/20 01:39:31 PM;;2019/01/03 03:06:24 PM;Macromedia Contribute 3;Desconocido;1173543;;2;EMPRESAS PUBLICAS DE MEDELLIN E.S.P;.
EPM-V-309;EPM-V-309;ASGADR4FJYMVQAPKRHYMP9UDF12BEW;Executed;Adobe Inc.;01980335;Desconocido;EMPRESAS PUBLICAS DE MEDELLIN E.S.P;2018/12/20 01:39:28 PM;;2019/01/03 03:06:22 PM;Macromedia Contribute 3;Desconocido;1258192;;1;EMPRESAS PUBLICAS DE MEDELLIN E.S.P;.
EPM-V-310;EPM-V-310;ASGADR4FJYMVQAPKRHYQP9UDF52B55;Executed;Adobe Inc.;01980335;Desconocido;EMPRESAS PUBLICAS DE MEDELLIN E.S.P;2018/12/20 01:39:28 PM;;2019/01/03 03:06:17 PM;Macromedia Contribute 3;Desconocido;1278142;;5;EMPRESAS PUBLICAS DE MEDELLIN E.S.P;.
EPM-V-311;EPM-V-311;ASGADR4FJYMVQAPKRHYLP9UDFJ2BBU;Executed;Adobe Inc.;01980315;Desconocido;EMPRESAS PUBLICAS DE MEDELLIN E.S.P;2018/12/20 01:39:28 PM;;2019/01/03 03:06:22 PM;Macromedia Contribute 3;Desconocido;1258192;;1;EMPRESAS PUBLICAS DE MEDELLIN E.S.P;.
EPM-V-312;EPM-V-312;ASGADR4FJYMVQAPKRHY8P9UDFH2AUS;Executed;Adobe Inc.;01411040;Desconocido;EMPRESAS PUBLICAS DE MEDELLIN E.S.P;2018/12/20 01:39:26 PM;;2019/01/03 03:06:15 PM;Macromedia Contribute 3;Desconocido;1258192;;2;EMPRESAS PUBLICAS DE MEDELLIN E.S.P;.
EPM-V-313;EPM-V-313;ASGADR4FJYMVQAPKRHYKP9UDFJ2BA0;Executed;Adobe Inc.;01989070;Desconocido;EMPRESAS PUBLICAS DE MEDELLIN E.S.P;2018/12/20 01:39:37 PM;;2019/01/03 03:06:23 PM;Macromedia Contribute 3;Desconocido;1258192;;1;EMPRESAS PUBLICAS DE MEDELLIN E.S.P;.
EPM-V-314;EPM-V-314;ASGADR4FJYMVQAPKRHZ3P9UDGB2DBH;Executed;Adobe Inc.;01980568;Desconocido;EMPRESAS PUBLICAS DE MEDELLIN E.S.P;2018/12/20 01:39:51 PM;;2019/01/03 03:33:40 PM;Macromedia Contribute 3;Desconocido;1290540;;1;EMPRESAS PUBLICAS DE MEDELLIN E.S.P;.
EPM-V-315;EPM-V-315;ASGADR4FJYMVQAPKRHZ8P9UDGG2D0X;Executed;Adobe Inc.;01980568;Desconocido;EMPRESAS PUBLICAS DE MEDELLIN E.S.P;2018/12/20 01:39:51 PM;;2019/01/03 03:33:40 PM;Macromedia Contribute 3;Desconocido;1278141;;6;EMPRESAS PUBLICAS DE MEDELLIN E.S.P;.
EPM-V-316;EPM-V-316;ASGADR4FJYMVQAPKRHZSP9UDG62EAB;Executed;Adobe Inc.;01337022;Desconocido;EMPRESAS PUBLICAS DE MEDELLIN E.S.P;2018/12/20 01:39:51 PM;;2019/01/03 03:33:40 PM;Macromedia Contribute 3;Desconocido;1278147;;1;EMPRESAS PUBLICAS DE MEDELLIN E.S.P;.
EPM-V-317;EPM-V-317;ASGADR4FJYMVQAPKRHYKP9UDFI2AZ0;Executed;Adobe Inc.;01980717;Desconocido;EMPRESAS PUBLICAS DE MEDELLIN E.S.P;2018/12/20 01:39:31 PM;;2019/01/03 03:06:24 PM;Macromedia Contribute 3;Desconocido;1258192;;1;EMPRESAS PUBLICAS DE MEDELLIN E.S.P;.
EPM-V-318;EPM-V-318;ASGADR4FJYMVQAPKRHYNP9UDF12BG3;Executed;Adobe Inc.;01727552;Desconocido;EMPRESAS PUBLICAS DE MEDELLIN E.S.P;2018/12/20 01:39:26 PM;;2019/01/03 03:06:16 PM;Macromedia Contribute 3;Desconocido;1278145;;2;EMPRESAS PUBLICAS DE MEDELLIN E.S.P;.
EPM-V-319;EPM-V-319;ASGADR4FJYMVQAPKRHY6P9UDFE2ANS;Executed;Adobe Inc.;01980152;Desconocido;EMPRESAS PUBLICAS DE MEDELLIN E.S.P;2018/12/20 01:39:28 PM;;2019/01/03 03:06:21 PM;Macromedia Contribute 3;Desconocido;1258192;;1;EMPRESAS PUBLICAS DE MEDELLIN E.S.P;.
EPM-V-320;EPM-V-320;ASGADR4FJYMVQAPKRHYLP9UDFJ2BBE;Executed;Adobe Inc.;01980152;Desconocido;EMPRESAS PUBLICAS DE MEDELLIN E.S.P;2018/12/20 01:39:28 PM;;2019/01/03 03:06:17 PM;Macromedia Contribute 3;Desconocido;1278142;;3;EMPRESAS PUBLICAS DE MEDELLIN E.S.P;.
EPM-V-321;EPM-V-321;ASGADR4FJYMVQAPKRHY5P9UDFE2AME;Executed;Adobe Inc.;01980134;Desconocido;EMPRESAS PUBLICAS DE MEDELLIN E.S.P;2018/12/20 01:39:28 PM;;2019/01/03 03:06:20 PM;Macromedia Contribute 3;Desconocido;1278145;;1;EMPRESAS PUBLICAS DE MEDELLIN E.S.P;.
EPM-V-322;EPM-V-322;ASGADR4FJYMVQAPKRHZ3P9UDGC2DBT;Executed;Adobe Inc.;01980159;Desconocido;EMPRESAS PUBLICAS DE MEDELLIN E.S.P;2018/12/20 01:39:50 PM;;2019/01/03 03:33:40 PM;Macromedia Contribute 3;Desconocido;1278145;;1;EMPRESAS PUBLICAS DE MEDELLIN E.S.P;.
EPM-V-323;EPM-V-323;ASGADR4FJYMVQAPKRHY8P9UDFH2AVK;Executed;Adobe Inc.;01989025;Desconocido;EMPRESAS PUBLICAS DE MEDELLIN E.S.P;2018/12/20 01:39:37 PM;;2019/01/03 03:06:22 PM;Macromedia Contribute 3;Desconocido;1173543;;1;EMPRESAS PUBLICAS DE MEDELLIN E.S.P;.
EPM-V-324;EPM-V-324;ASGADR4FJYMVQAPKRHYTP9UDF72BLZ;Historical;ADOBE SYSTEMS INCORPORATED;01989015;Desconocido;EMPRESAS PUBLICAS DE MEDELLIN E.S.P;2018/12/20 01:39:31 PM;;2026/02/16 05:15:04 AM;Macromedia Contribute 3;Desconocido;1278148;;1;EMPRESAS PUBLICAS DE MEDELLIN E.S.P;.
EPM-V-325;EPM-V-325;ASGADR4FJYMVQAPKRHY6P9UDFF2AP6;Executed;Adobe Inc.;01980156;Desconocido;EMPRESAS PUBLICAS DE MEDELLIN E.S.P;2018/12/20 01:39:28 PM;;2019/01/03 03:06:22 PM;Macromedia Contribute 3;Desconocido;1258192;;1;EMPRESAS PUBLICAS DE MEDELLIN E.S.P;.
EPM-V-326;EPM-V-326;ASGADR4FJYMVQAPKRHY9P9UDFH2AWC;Executed;Adobe Inc.;01989070;Desconocido;EMPRESAS PUBLICAS DE MEDELLIN E.S.P;2018/12/20 01:39:37 PM;;2019/01/03 03:06:23 PM;Macromedia Contribute 3;Desconocido;1290539;;1;EMPRESAS PUBLICAS DE MEDELLIN E.S.P;.
EPM-V-327;EPM-V-327;ASGADR4FJYMVQAPKRHZEP9UDFS2C3B;Executed;Adobe Inc.;01989080;Desconocido;EMPRESAS PUBLICAS DE MEDELLIN E.S.P;2018/12/20 01:39:39 PM;;2019/01/03 03:06:24 PM;Macromedia Contribute 3;Desconocido;1278146;;1;EMPRESAS PUBLICAS DE MEDELLIN E.S.P;.
EPM-V-328;EPM-V-328;ASGADR4FJYMVQAPKRHZCP9UDFR2C0R;Executed;Adobe Inc.;01989080;Desconocido;EMPRESAS PUBLICAS DE MEDELLIN E.S.P;2018/12/20 01:39:39 PM;;2019/01/03 03:06:23 PM;Macromedia Contribute 3;Desconocido;1258192;;1;EMPRESAS PUBLICAS DE MEDELLIN E.S.P;.
EPM-V-329;EPM-V-329;ASGADR4FJYMVQAPKRHY9P9UDFH2AW3;Executed;Adobe Inc.;01980631;Desconocido;EMPRESAS PUBLICAS DE MEDELLIN E.S.P;2018/12/20 01:39:31 PM;;2019/01/03 03:06:24 PM;Macromedia Contribute 3;Desconocido;80000427773;;1;EMPRESAS PUBLICAS DE MEDELLIN E.S.P;.
EPM-V-330;EPM-V-330;ASGADR4FJYMVQAPKRHYQP9UDF52B6J;Executed;Adobe Inc.;01980335;Desconocido;EMPRESAS PUBLICAS DE MEDELLIN E.S.P;2018/12/20 01:39:28 PM;;2019/01/03 03:06:17 PM;Macromedia Contribute 3;Desconocido;1258192;;1;EMPRESAS PUBLICAS DE MEDELLIN E.S.P;.
EPM-V-331;EPM-V-331;ASGADR4FJYMVQAPKRHYQP9UDF52B6D;Executed;Adobe Inc.;01980335;Desconocido;EMPRESAS PUBLICAS DE MEDELLIN E.S.P;2018/12/20 01:39:28 PM;;2019/01/03 03:06:17 PM;Macromedia Contribute 3;Desconocido;1278142;;5;EMPRESAS PUBLICAS DE MEDELLIN E.S.P;.
EPM-V-332;EPM-V-332;ASGADR4FJYMVQAPKRHYKP9UDFJ2BAI;Executed;Adobe Inc.;01980315;Desconocido;EMPRESAS PUBLICAS DE MEDELLIN E.S.P;2018/12/20 01:39:28 PM;;2019/01/03 03:06:21 PM;Macromedia Contribute 3;Desconocido;1258192;;1;EMPRESAS PUBLICAS DE MEDELLIN E.S.P;.
EPM-V-333;EPM-V-333;ASGADR4FJYMVQAPKRHY8P9UDFH2AVE;Executed;Adobe Inc.;01411040;Desconocido;EMPRESAS PUBLICAS DE MEDELLIN E.S.P;2018/12/20 01:39:26 PM;;2019/01/03 03:06:15 PM;Macromedia Contribute 3;Desconocido;1258192;;2;EMPRESAS PUBLICAS DE MEDELLIN E.S.P;.
EPM-V-334;EPM-V-334;ASGADR4FJYMVQAPKRHY5P9UDFD2AL6;Executed;Adobe Inc.;01980123;Desconocido;EMPRESAS PUBLICAS DE MEDELLIN E.S.P;2018/12/20 01:39:28 PM;;2019/01/03 03:06:20 PM;Macromedia Contribute 3;Desconocido;80000427773;;1;EMPRESAS PUBLICAS DE MEDELLIN E.S.P;.
EPM-V-335;EPM-V-335;ASGADR4FJYMVQAPKRHYVP9UDFK2BSL;Executed;Adobe Inc.;01989070;Desconocido;EMPRESAS PUBLICAS DE MEDELLIN E.S.P;2018/12/20 01:39:37 PM;;2019/01/03 03:06:22 PM;Macromedia Contribute 3;Desconocido;1258192;;1;EMPRESAS PUBLICAS DE MEDELLIN E.S.P;.
EPM-V-336;EPM-V-336;ASGADR4FJYMVQAPKRHZ5P9UDGD2DF1;Executed;Adobe Inc.;01980568;Desconocido;EMPRESAS PUBLICAS DE MEDELLIN E.S.P;2018/12/20 01:39:51 PM;;2019/01/03 03:33:40 PM;Macromedia Contribute 3;Desconocido;1278141;;4;EMPRESAS PUBLICAS DE MEDELLIN E.S.P;.
EPM-V-337;EPM-V-337;ASGADR4FJYMVQAPKRHY4P9UDFD2AK0;Executed;Adobe Inc.;01727552;Desconocido;EMPRESAS PUBLICAS DE MEDELLIN E.S.P;2018/12/20 01:39:28 PM;;2019/01/03 03:06:20 PM;Macromedia Contribute 3;Desconocido;80000427773;;1;EMPRESAS PUBLICAS DE MEDELLIN E.S.P;.
EPM-V-338;EPM-V-338;ASGADR4FJYMVQAPKRHY2P9UDFB2A4P;Executed;Adobe Inc.;01337500;Desconocido;EMPRESAS PUBLICAS DE MEDELLIN E.S.P;2018/12/20 01:39:26 PM;;2019/01/03 03:06:22 PM;Macromedia Contribute 3;Desconocido;80000427773;;1;EMPRESAS PUBLICAS DE MEDELLIN E.S.P;.
EPM-V-339;EPM-V-339;ASGADR4FJYMVQAPKRIAAP9UDGP2E6H;Executed;Adobe Inc.;01337022;Desconocido;EMPRESAS PUBLICAS DE MEDELLIN E.S.P;2018/12/20 01:39:50 PM;;2019/01/03 03:33:40 PM;Macromedia Contribute 3;Desconocido;1278147;;1;EMPRESAS PUBLICAS DE MEDELLIN E.S.P;.
EPM-V-340;EPM-V-340;ASGADR4FJYMVQAPKRHY4P9UDFD2A9S;Executed;Adobe Inc.;01727552;Desconocido;EMPRESAS PUBLICAS DE MEDELLIN E.S.P;2018/12/20 01:39:26 PM;;2019/01/03 03:06:20 PM;Macromedia Contribute 3;Desconocido;1278145;;1;EMPRESAS PUBLICAS DE MEDELLIN E.S.P;.
EPM-V-341;EPM-V-341;ASGADR4FJYMVQAPKRHY4P9UDFD2AK6;Executed;Adobe Inc.;01727553;Desconocido;EMPRESAS PUBLICAS DE MEDELLIN E.S.P;2018/12/20 01:39:28 PM;;2019/01/03 03:06:20 PM;Macromedia Contribute 3;Desconocido;80000427773;;6;EMPRESAS PUBLICAS DE MEDELLIN E.S.P;.
EPM-V-342;EPM-V-342;ASGADR4FJYMVQAPKRHYTP9UDF82BM9;Executed;Adobe Inc.;01980717;Desconocido;EMPRESAS PUBLICAS DE MEDELLIN E.S.P;2018/12/20 01:39:31 PM;;2019/01/03 03:06:20 PM;Macromedia Contribute 3;Desconocido;1258192;;1;EMPRESAS PUBLICAS DE MEDELLIN E.S.P;.
EPM-V-343;EPM-V-343;ASGADR4FJYMVQAPKRHY6P9UDFF2AOM;Executed;Adobe Inc.;01980152;Desconocido;EMPRESAS PUBLICAS DE MEDELLIN E.S.P;2018/12/20 01:39:28 PM;;2019/01/03 03:06:21 PM;Macromedia Contribute 3;Desconocido;1258192;;1;EMPRESAS PUBLICAS DE MEDELLIN E.S.P;.
EPM-V-344;EPM-V-344;ASGADR4FJYMVQAPKRHYKP9UDFJ2AZS;Executed;Adobe Inc.;01980152;Desconocido;EMPRESAS PUBLICAS DE MEDELLIN E.S.P;2018/12/20 01:39:28 PM;;2019/01/03 03:06:17 PM;Macromedia Contribute 3;Desconocido;1278145;;3;EMPRESAS PUBLICAS DE MEDELLIN E.S.P;.
EPM-V-345;EPM-V-345;ASGADR4FJYMVQAPKRHY8P9UDFH2AUP;Executed;Adobe Inc.;01980134;Desconocido;EMPRESAS PUBLICAS DE MEDELLIN E.S.P;2018/12/20 01:39:28 PM;;2019/01/03 03:06:16 PM;Macromedia Contribute 3;Desconocido;1278145;;1;EMPRESAS PUBLICAS DE MEDELLIN E.S.P;.
EPM-V-346;EPM-V-346;ASGADR4FJYMVQAPKRHYNP9UDF22BHI;Executed;Adobe Inc.;01980156;Desconocido;EMPRESAS PUBLICAS DE MEDELLIN E.S.P;2018/12/20 01:39:28 PM;;2019/01/03 03:06:17 PM;Macromedia Contribute 3;Desconocido;1258192;;1;EMPRESAS PUBLICAS DE MEDELLIN E.S.P;.
EPM-V-347;EPM-V-347;ASGADR4FJYMVQAPKRHZTP9UDG82EDJ;Executed;Adobe Inc.;01980159;Desconocido;EMPRESAS PUBLICAS DE MEDELLIN E.S.P;2018/12/20 01:39:48 PM;;2019/01/03 03:33:40 PM;Macromedia Contribute 3;Desconocido;1278145;;1;EMPRESAS PUBLICAS DE MEDELLIN E.S.P;.
EPM-V-348;EPM-V-348;ASGADR4FJYMVQAPKRHYTP9UDF82BMM;Historical;ADOBE SYSTEMS INCORPORATED;01989015;Desconocido;EMPRESAS PUBLICAS DE MEDELLIN E.S.P;2018/12/20 01:39:31 PM;;2026/02/16 05:15:04 AM;Macromedia Contribute 3;Desconocido;1278148;;1;EMPRESAS PUBLICAS DE MEDELLIN E.S.P;.
EPM-V-349;EPM-V-349;ASGADR4FJYMVQAPKRHYYP9UDFN2CBD;Executed;Adobe Inc.;01989080;Desconocido;EMPRESAS PUBLICAS DE MEDELLIN E.S.P;2018/12/20 01:39:39 PM;;2019/01/03 03:06:25 PM;Macromedia Contribute 3;Desconocido;1278146;;1;EMPRESAS PUBLICAS DE MEDELLIN E.S.P;.
EPM-V-350;EPM-V-350;ASGADR4FJYMVQAPKRHZCP9UDFQ2CJ8;Executed;Adobe Inc.;01989080;Desconocido;EMPRESAS PUBLICAS DE MEDELLIN E.S.P;2018/12/20 01:39:41 PM;;2019/01/03 03:06:26 PM;Macromedia Contribute 3;Desconocido;1258192;;1;EMPRESAS PUBLICAS DE MEDELLIN E.S.P;.
EPM-V-351;EPM-V-351;ASGADR4FJYMVQAPKRHY2P9UDFB2A49;Executed;Adobe Inc.;01300224;Desconocido;EMPRESAS PUBLICAS DE MEDELLIN E.S.P;2018/12/20 01:39:21 PM;;2019/01/03 03:06:15 PM;Adobe Flash 5;Desconocido;1030763;;1;EMPRESAS PUBLICAS DE MEDELLIN E.S.P;.
EPM-V-352;EPM-V-352;ASGADR4FJYMVQAPKRHY3P9UDFB2A6H;Executed;Adobe Inc.;01300224;Desconocido;EMPRESAS PUBLICAS DE MEDELLIN E.S.P;2018/12/20 01:39:21 PM;;2019/01/03 03:06:15 PM;Adobe Flash 5;Desconocido;1030763;;1;EMPRESAS PUBLICAS DE MEDELLIN E.S.P;.
EPM-V-353;EPM-V-353;ASGADR4FJYMVQAPKRHYTP9UDF72BLO;Executed;Adobe Inc.;01989080;Desconocido;EMPRESAS PUBLICAS DE MEDELLIN E.S.P;2018/12/20 01:39:39 PM;;2019/01/03 03:06:27 PM;Adobe Flash 5;Desconocido;1053812;;1;EMPRESAS PUBLICAS DE MEDELLIN E.S.P;.
EPM-V-354;EPM-V-354;ASGADR4FJYMVQAPKRHYTP9UDF72BM1;Executed;Adobe Inc.;01989080;Desconocido;EMPRESAS PUBLICAS DE MEDELLIN E.S.P;2018/12/20 01:39:41 PM;;2019/01/03 03:06:27 PM;Adobe Flash 5;Desconocido;1053812;;1;EMPRESAS PUBLICAS DE MEDELLIN E.S.P;.
EPM-V-355;EPM-V-355;ASGADR4FJYMVQAPKRHY8P9UDFG2ASU;Executed;Adobe Inc.;01337330;Desconocido;EMPRESAS PUBLICAS DE MEDELLIN E.S.P;2018/12/20 01:39:26 PM;;2019/01/03 03:06:17 PM;Macromedia Studio 8;Desconocido;80000427773;;1;EMPRESAS PUBLICAS DE MEDELLIN E.S.P;.
EPM-V-356;EPM-V-356;ASGADR4FJYMVQAPKRHYUP9UDF82BNU;Executed;Adobe Inc.;01989080;Desconocido;EMPRESAS PUBLICAS DE MEDELLIN E.S.P;2018/12/20 01:39:41 PM;;2019/01/03 03:06:28 PM;Macromedia Studio 8;Desconocido;80000427773;;1;EMPRESAS PUBLICAS DE MEDELLIN E.S.P;.
EPM-V-357;EPM-V-357;ASGADR4FJYMVQAPKRHY9P9UDFI2AXE;Executed;Adobe Inc.;01411053;Desconocido;EMPRESAS PUBLICAS DE MEDELLIN E.S.P;2018/12/20 01:39:26 PM;;2019/01/03 03:06:15 PM;Metrohm MagIC Net;Desconocido;;;1;EMPRESAS PUBLICAS DE MEDELLIN E.S.P;.
EPM-V-358;EPM-V-358;ASGADR4FJYMVQAPKRHY8P9UDFG2ATF;Executed;TopCon;01337384;JMENDOZA equipos SA.S;EMPRESAS PUBLICAS DE MEDELLIN E.S.P;2018/12/20 01:39:26 PM;2030/10/01 12:00:00 AM;2025/05/12 12:19:01 PM;MAGNET Tools;JMENDOZA equipos SA.S;;;50;EMPRESAS PUBLICAS DE MEDELLIN E.S.P;.
EPM-V-359;EPM-V-359;ASGADR4FJYMVQAPKRHY6P9UDFE2AO1;Executed;TopCon;01337384;GEOSYSTEM;EMPRESAS PUBLICAS DE MEDELLIN E.S.P;2018/12/20 01:39:26 PM;2030/12/26 12:00:00 AM;2025/05/12 12:19:01 PM;MAGNET Tools;GEOSYSTEM;1404833;;49;EMPRESAS PUBLICAS DE MEDELLIN E.S.P;.
EPM-V-360;EPM-V-360;ASGADR4FJYMVQAPKRHY2P9UDFA2A31;Executed;Adobe Inc.;01337383;COMERCIAL METERING LTDA;EMPRESAS PUBLICAS DE MEDELLIN E.S.P;2018/12/20 01:39:26 PM;2030/10/30 12:00:00 AM;2026/01/06 07:28:55 AM;MAPPER;COMERCIAL METERING LTDA;;;3;EMPRESAS PUBLICAS DE MEDELLIN E.S.P;.
EPM-V-361_;EPM-V-361;ASGADR4FJYMVQAPKRHYNP9UDF22BI2;Historical;Desconocido;01980506;Desconocido;EMPRESAS PUBLICAS DE MEDELLIN E.S.P;2018/12/20 01:39:28 PM;;2026/02/16 05:15:03 AM;MEGA HOPEX;Desconocido;;;4;EMPRESAS PUBLICAS DE MEDELLIN E.S.P;.
EPM-V-362_;EPM-V-362;ASGADR4FJYMVQAPKRHY8P9UDFH2AUW;Historical;Desconocido;01989015;Desconocido;EMPRESAS PUBLICAS DE MEDELLIN E.S.P;2018/12/20 01:39:37 PM;;2026/02/16 05:15:05 AM;MEGA HOPEX;Desconocido;;;4;EMPRESAS PUBLICAS DE MEDELLIN E.S.P;.
EPM-V-363;EPM-V-363;ASGADR4FJYMVQAPKRHYMP9UDF12BFN;Historical;Desconocido;01989073;Desconocido;EMPRESAS PUBLICAS DE MEDELLIN E.S.P;2018/12/20 01:39:39 PM;;2026/02/16 05:15:07 AM;MEGA HOPEX;Desconocido;;;2;EMPRESAS PUBLICAS DE MEDELLIN E.S.P;.
EPM-V-364_;EPM-V-364;ASGADR4FJYMVQAPKRHYMP9UDF12BE7;Historical;Desconocido;01989072;Desconocido;EMPRESAS PUBLICAS DE MEDELLIN E.S.P;2018/12/20 01:39:39 PM;;2026/02/16 05:15:06 AM;MEGA HOPEX;Desconocido;;;1;EMPRESAS PUBLICAS DE MEDELLIN E.S.P;.
EPM-V-365;EPM-V-365;ASGADR4FJYMVQAPKRHYMP9UDF12BFQ;Historical;ServiSoft S.A.;01980400;SERVISOFT S.A.;EMPRESAS PUBLICAS DE MEDELLIN E.S.P;2018/12/20 01:39:28 PM;2030/05/19 08:00:00 AM;2026/02/16 05:15:03 AM;MERCURIO 4.0;SERVISOFT S.A.;;;1;EMPRESAS PUBLICAS DE MEDELLIN E.S.P;.
EPM-V-366;EPM-V-366;ASGADR4FJYMVQAPKRHYNP9UDF12BGB;Historical;ServiSoft S.A.;01980445;SERVISOFT S.A.;EMPRESAS PUBLICAS DE MEDELLIN E.S.P;2018/12/20 01:39:28 PM;2030/05/19 12:00:00 AM;2026/02/16 05:15:03 AM;MERCURIO 4.0;SERVISOFT S.A.;;;1;EMPRESAS PUBLICAS DE MEDELLIN E.S.P;.
EPM-V-367;EPM-V-367;ASGADR4FJYMVQAPKRHZTP9UDG82ECQ;Historical;ServiSoft S.A.;01980601;SERVISOFT S.A.;EMPRESAS PUBLICAS DE MEDELLIN E.S.P;2018/12/20 01:39:48 PM;2030/05/19 08:00:00 AM;2026/02/16 05:15:12 AM;MERCURIO 4.0;SERVISOFT S.A.;;;1;EMPRESAS PUBLICAS DE MEDELLIN E.S.P;.
EPM-V-368;EPM-V-368;ASGADR4FJYMVQAPKRHYMP9UDF12BF4;Historical;ServiSoft S.A.;01980400;SERVISOFT S.A.;EMPRESAS PUBLICAS DE MEDELLIN E.S.P;2018/12/20 01:39:28 PM;2030/05/19 08:00:00 AM;2026/02/16 05:15:03 AM;MERCURIO 4.0;SERVISOFT S.A.;;;1;EMPRESAS PUBLICAS DE MEDELLIN E.S.P;.
EPM-V-369;EPM-V-369;ASGADR4FJYMVQAPKRHY8P9UDFH2AUV;Historical;ServiSoft S.A.;01980610;SERVISOFT S.A.;EMPRESAS PUBLICAS DE MEDELLIN E.S.P;2018/12/20 01:39:31 PM;2030/05/19 12:00:00 AM;2026/02/16 05:15:01 AM;MERCURIO 4.0;SERVISOFT S.A.;;;12;EMPRESAS PUBLICAS DE MEDELLIN E.S.P;.
EPM-V-370;EPM-V-370;ASGADR4FJYMVQAPKRHYSP9UDF62B9N;Historical;ServiSoft S.A.;01980615;SERVISOFT S.A.;EMPRESAS PUBLICAS DE MEDELLIN E.S.P;2018/12/20 01:39:28 PM;2030/05/19 08:00:00 AM;2026/02/16 05:15:03 AM;MERCURIO 4.0;SERVISOFT S.A.;;;3;EMPRESAS PUBLICAS DE MEDELLIN E.S.P;.
EPM-V-371;EPM-V-371;ASGADR4FJYMVQAPKRHY5P9UDFE2AMY;Historical;ServiSoft S.A.;01980146;SERVISOFT S.A.;EMPRESAS PUBLICAS DE MEDELLIN E.S.P;2018/12/20 01:39:28 PM;2030/05/19 08:00:00 AM;2026/02/16 05:15:01 AM;MERCURIO 4.0;SERVISOFT S.A.;;;2;EMPRESAS PUBLICAS DE MEDELLIN E.S.P;.
EPM-V-372;EPM-V-372;ASGADR4FJYMVQAPKRHY9P9UDFI2AWX;Historical;ServiSoft S.A.;01980635;SERVISOFT S.A.;EMPRESAS PUBLICAS DE MEDELLIN E.S.P;2018/12/20 01:39:31 PM;2030/05/19 12:00:00 AM;2026/02/16 05:15:02 AM;MERCURIO 4.0;SERVISOFT S.A.;;;1;EMPRESAS PUBLICAS DE MEDELLIN E.S.P;.
EPM-V-373;EPM-V-373;ASGADR4FJYMVQAPKRHY9P9UDFH2AVV;Historical;ServiSoft S.A.;01980630;SERVISOFT S.A.;EMPRESAS PUBLICAS DE MEDELLIN E.S.P;2018/12/20 01:39:31 PM;2030/05/19 12:00:00 AM;2026/02/16 05:15:02 AM;MERCURIO 4.0;SERVISOFT S.A.;;;1;EMPRESAS PUBLICAS DE MEDELLIN E.S.P;.
EPM-V-374;EPM-V-374;ASGADR4FJYMVQAPKRHY8P9UDFH2AV9;Historical;ServiSoft S.A.;01980630;SERVISOFT S.A.;EMPRESAS PUBLICAS DE MEDELLIN E.S.P;2018/12/20 01:39:31 PM;2030/05/19 08:00:00 AM;2026/02/16 05:15:02 AM;MERCURIO 4.0;SERVISOFT S.A.;;;1;EMPRESAS PUBLICAS DE MEDELLIN E.S.P;.
EPM-V-375;EPM-V-375;ASGADR4FJYMVQAPKRHY8P9UDFH2AVP;Historical;ServiSoft S.A.;01980143;SERVISOFT S.A.;EMPRESAS PUBLICAS DE MEDELLIN E.S.P;2018/12/20 01:39:28 PM;2030/05/19 12:00:00 AM;2026/02/16 05:15:01 AM;MERCURIO 4.0;SERVISOFT S.A.;;;1;EMPRESAS PUBLICAS DE MEDELLIN E.S.P;.
EPM-V-376;EPM-V-376;ASGADR4FJYMVQAPKRHY5P9UDFE2AMS;Historical;ServiSoft S.A.;01980143;SERVISOFT S.A.;EMPRESAS PUBLICAS DE MEDELLIN E.S.P;2018/12/20 01:39:28 PM;2030/05/19 08:00:00 AM;2026/02/16 05:15:01 AM;MERCURIO 4.0;SERVISOFT S.A.;;;2;EMPRESAS PUBLICAS DE MEDELLIN E.S.P;.
EPM-V-377;EPM-V-377;ASGADR4FJYMVQAPKRHZ3P9UDGB2DB8;Historical;ServiSoft S.A.;01980631;SERVISOFT S.A.;EMPRESAS PUBLICAS DE MEDELLIN E.S.P;2018/12/20 01:39:50 PM;2030/05/19 08:00:00 AM;2026/02/16 05:15:13 AM;MERCURIO 4.0;SERVISOFT S.A.;;;1;EMPRESAS PUBLICAS DE MEDELLIN E.S.P;.
EPM-V-378;EPM-V-378;ASGADR4FJYMVQAPKRHZXP9UDGM2E0C;Historical;ServiSoft S.A.;01980612;SERVISOFT S.A.;EMPRESAS PUBLICAS DE MEDELLIN E.S.P;2018/12/20 01:39:48 PM;2030/05/19 12:00:00 AM;2026/02/16 05:15:12 AM;MERCURIO 4.0;SERVISOFT S.A.;;;5;EMPRESAS PUBLICAS DE MEDELLIN E.S.P;.
EPM-V-379;EPM-V-379;ASGADR4FJYMVQAPKRHYTP9UDF72BLV;Historical;ServiSoft S.A.;01980670;SERVISOFT S.A.;EMPRESAS PUBLICAS DE MEDELLIN E.S.P;2018/12/20 01:39:31 PM;2030/05/19 12:00:00 AM;2026/02/16 05:15:01 AM;MERCURIO 4.0;SERVISOFT S.A.;;;2;EMPRESAS PUBLICAS DE MEDELLIN E.S.P;.
EPM-V-380;EPM-V-380;ASGADR4FJYMVQAPKRHZ6P9UDGF2DHY;Historical;ServiSoft S.A.;01980612;SERVISOFT S.A.;EMPRESAS PUBLICAS DE MEDELLIN E.S.P;2018/12/20 01:39:51 PM;2030/05/19 08:00:00 AM;2026/02/16 05:15:14 AM;MERCURIO 4.0;SERVISOFT S.A.;;;1;EMPRESAS PUBLICAS DE MEDELLIN E.S.P;.
EPM-V-381;EPM-V-381;ASGADR4FJYMVQAPKRHZ4P9UDGD2DE3;Historical;ServiSoft S.A.;01980609;SERVISOFT S.A.;EMPRESAS PUBLICAS DE MEDELLIN E.S.P;2018/12/20 01:39:49 PM;2030/05/19 12:00:00 AM;2026/02/16 05:15:12 AM;MERCURIO 4.0;SERVISOFT S.A.;;;1;EMPRESAS PUBLICAS DE MEDELLIN E.S.P;.
EPM-V-382;EPM-V-382;ASGADR4FJYMVQAPKRHYLP9UDF02BBY;Historical;ServiSoft S.A.;01980300;SERVISOFT S.A.;EMPRESAS PUBLICAS DE MEDELLIN E.S.P;2018/12/20 01:39:28 PM;2030/05/19 12:00:00 AM;2026/02/16 05:15:00 AM;MERCURIO 4.0;SERVISOFT S.A.;;;2;EMPRESAS PUBLICAS DE MEDELLIN E.S.P;.
EPM-V-383;EPM-V-383;ASGADR4FJYMVQAPKRHYLP9UDFJ2BAY;Historical;ServiSoft S.A.;01980900;SERVISOFT S.A.;EMPRESAS PUBLICAS DE MEDELLIN E.S.P;2018/12/20 01:39:31 PM;2030/05/19 08:00:00 AM;2026/02/16 05:15:03 AM;MERCURIO 4.0;SERVISOFT S.A.;;;1;EMPRESAS PUBLICAS DE MEDELLIN E.S.P;.
EPM-V-384;EPM-V-384;ASGADR4FJYMVQAPKRHYMP9UDF02BDQ;Historical;ServiSoft S.A.;01980335;SERVISOFT S.A.;EMPRESAS PUBLICAS DE MEDELLIN E.S.P;2018/12/20 01:39:28 PM;2030/05/19 08:00:00 AM;2026/02/16 05:15:02 AM;MERCURIO 4.0;SERVISOFT S.A.;;;2;EMPRESAS PUBLICAS DE MEDELLIN E.S.P;.
EPM-V-385;EPM-V-385;ASGADR4FJYMVQAPKRHY5P9UDFD2AL0;Historical;ServiSoft S.A.;01980113;SERVISOFT S.A.;EMPRESAS PUBLICAS DE MEDELLIN E.S.P;2018/12/20 01:39:28 PM;2030/05/19 08:00:00 AM;2026/02/16 05:15:01 AM;MERCURIO 4.0;SERVISOFT S.A.;;;1;EMPRESAS PUBLICAS DE MEDELLIN E.S.P;.
EPM-V-386;EPM-V-386;ASGADR4FJYMVQAPKRHYOP9UDF32B08;Historical;ServiSoft S.A.;01980287;SERVISOFT S.A.;EMPRESAS PUBLICAS DE MEDELLIN E.S.P;2018/12/20 01:39:28 PM;2030/05/19 12:00:00 AM;2026/02/16 05:15:03 AM;MERCURIO 4.0;SERVISOFT S.A.;;;2;EMPRESAS PUBLICAS DE MEDELLIN E.S.P;.
EPM-V-387;EPM-V-387;ASGADR4FJYMVQAPKRHYKP9UDFJ2AZQ;Historical;ServiSoft S.A.;01980305;SERVISOFT S.A.;EMPRESAS PUBLICAS DE MEDELLIN E.S.P;2018/12/20 01:39:28 PM;2030/05/19 12:00:00 AM;2026/02/16 05:15:01 AM;MERCURIO 4.0;SERVISOFT S.A.;;;1;EMPRESAS PUBLICAS DE MEDELLIN E.S.P;.
EPM-V-388;EPM-V-388;ASGADR4FJYMVQAPKRHYUP9UDF82BOB;Historical;ServiSoft S.A.;01981200;SERVISOFT S.A.;EMPRESAS PUBLICAS DE MEDELLIN E.S.P;2018/12/20 01:39:31 PM;2030/05/19 08:00:00 AM;2026/02/16 05:15:02 AM;MERCURIO 4.0;SERVISOFT S.A.;;;1;EMPRESAS PUBLICAS DE MEDELLIN E.S.P;.
EPM-V-389;EPM-V-389;ASGADR4FJYMVQAPKRHY2P9UDFB2A4R;Historical;ServiSoft S.A.;01411050;SERVISOFT S.A.;EMPRESAS PUBLICAS DE MEDELLIN E.S.P;2018/12/20 01:39:26 PM;2030/05/19 08:00:00 AM;2026/02/16 05:15:01 AM;MERCURIO 4.0;SERVISOFT S.A.;;;1;EMPRESAS PUBLICAS DE MEDELLIN E.S.P;.
EPM-V-390;EPM-V-390;ASGADR4FJYMVQAPKRHYMP9UDF12BEN;Historical;ServiSoft S.A.;01980315;SERVISOFT S.A.;EMPRESAS PUBLICAS DE MEDELLIN E.S.P;2018/12/20 01:39:28 PM;2030/05/19 08:00:00 AM;2026/02/16 05:15:00 AM;MERCURIO 4.0;SERVISOFT S.A.;;;1;EMPRESAS PUBLICAS DE MEDELLIN E.S.P;.
EPM-V-391;EPM-V-391;ASGADR4FJYMVQAPKRHY2P9UDFB2A5B;Historical;ServiSoft S.A.;01411020;SERVISOFT S.A.;EMPRESAS PUBLICAS DE MEDELLIN E.S.P;2018/12/20 01:39:26 PM;2030/05/19 12:00:00 AM;2026/02/16 05:15:00 AM;MERCURIO 4.0;SERVISOFT S.A.;;;1;EMPRESAS PUBLICAS DE MEDELLIN E.S.P;.
EPM-V-392;EPM-V-392;ASGADR4FJYMVQAPKRHY9P9UDFH2AVY;Historical;ServiSoft S.A.;01411050;SERVISOFT S.A.;EMPRESAS PUBLICAS DE MEDELLIN E.S.P;2018/12/20 01:39:26 PM;2030/05/19 08:00:00 AM;2026/02/16 05:15:00 AM;MERCURIO 4.0;SERVISOFT S.A.;;;4;EMPRESAS PUBLICAS DE MEDELLIN E.S.P;.
EPM-V-393;EPM-V-393;ASGADR4FJYMVQAPKRHY2P9UDFB2A47;Historical;ServiSoft S.A.;01411040;SERVISOFT S.A.;EMPRESAS PUBLICAS DE MEDELLIN E.S.P;2018/12/20 01:39:26 PM;2030/05/19 08:00:00 AM;2026/02/16 05:15:01 AM;MERCURIO 4.0;SERVISOFT S.A.;;;2;EMPRESAS PUBLICAS DE MEDELLIN E.S.P;.
EPM-V-394;EPM-V-394;ASGADR4FJYMVQAPKRHYMP9UDF02BDK;Historical;ServiSoft S.A.;01511063;SERVISOFT S.A.;EMPRESAS PUBLICAS DE MEDELLIN E.S.P;2018/12/20 01:39:26 PM;2030/05/19 12:00:00 AM;2026/02/16 05:15:01 AM;MERCURIO 4.0;SERVISOFT S.A.;;;1;EMPRESAS PUBLICAS DE MEDELLIN E.S.P;.
EPM-V-395;EPM-V-395;ASGADR4FJYMVQAPKRHY3P9UDFB2A65;Historical;ServiSoft S.A.;01411054;SERVISOFT S.A.;EMPRESAS PUBLICAS DE MEDELLIN E.S.P;2018/12/20 01:39:26 PM;2030/05/19 08:00:00 AM;2026/02/16 05:15:01 AM;MERCURIO 4.0;SERVISOFT S.A.;;;1;EMPRESAS PUBLICAS DE MEDELLIN E.S.P;.
EPM-V-396;EPM-V-396;ASGADR4FJYMVQAPKRHYKP9UDFI2AZ4;Historical;ServiSoft S.A.;01411056;SERVISOFT S.A.;EMPRESAS PUBLICAS DE MEDELLIN E.S.P;2018/12/20 01:39:26 PM;2030/05/19 08:00:00 AM;2026/02/16 05:15:01 AM;MERCURIO 4.0;SERVISOFT S.A.;;;1;EMPRESAS PUBLICAS DE MEDELLIN E.S.P;.
EPM-V-397;EPM-V-397;ASGADR4FJYMVQAPKRHY3P9UDFC2A70;Historical;ServiSoft S.A.;01411056;SERVISOFT S.A.;EMPRESAS PUBLICAS DE MEDELLIN E.S.P;2018/12/20 01:39:26 PM;2030/05/19 12:00:00 AM;2026/02/16 05:15:01 AM;MERCURIO 4.0;SERVISOFT S.A.;;;1;EMPRESAS PUBLICAS DE MEDELLIN E.S.P;.
EPM-V-398;EPM-V-398;ASGADR4FJYMVQAPKRHY9P9UDFI2AXL;Historical;ServiSoft S.A.;01411053;SERVISOFT S.A.;EMPRESAS PUBLICAS DE MEDELLIN E.S.P;2018/12/20 01:39:26 PM;2030/05/19 08:00:00 AM;2026/02/16 05:15:00 AM;MERCURIO 4.0;SERVISOFT S.A.;;;1;EMPRESAS PUBLICAS DE MEDELLIN E.S.P;.
EPM-V-399;EPM-V-399;ASGADR4FJYMVQAPKRHY7P9UDFG2ARE;Historical;ServiSoft S.A.;01411025;SERVISOFT S.A.;EMPRESAS PUBLICAS DE MEDELLIN E.S.P;2018/12/20 01:39:26 PM;2030/05/19 12:00:00 AM;2026/02/16 05:15:00 AM;MERCURIO 4.0;SERVISOFT S.A.;;;1;EMPRESAS PUBLICAS DE MEDELLIN E.S.P;.
EPM-V-400;EPM-V-400;ASGADR4FJYMVQAPKRHY3P9UDFC2A7K;Historical;ServiSoft S.A.;01312001;SERVISOFT S.A.;EMPRESAS PUBLICAS DE MEDELLIN E.S.P;2018/12/20 01:39:21 PM;2030/05/19 08:00:00 AM;2026/02/16 05:15:00 AM;MERCURIO 4.0;SERVISOFT S.A.;;;2;EMPRESAS PUBLICAS DE MEDELLIN E.S.P;.
EPM-V-401;EPM-V-401;ASGADR4FJYMVQAPKRHY3P9UDFC2A6W;Historical;ServiSoft S.A.;01312000;SERVISOFT S.A.;EMPRESAS PUBLICAS DE MEDELLIN E.S.P;2018/12/20 01:39:21 PM;2030/05/19 08:00:00 AM;2026/02/16 05:15:00 AM;MERCURIO 4.0;SERVISOFT S.A.;;;1;EMPRESAS PUBLICAS DE MEDELLIN E.S.P;.
EPM-V-402;EPM-V-402;ASGADR4FJYMVQAPKRHY5P9UDFE2AMD;Historical;ServiSoft S.A.;01312070;SERVISOFT S.A.;EMPRESAS PUBLICAS DE MEDELLIN E.S.P;2018/12/20 01:39:26 PM;2030/05/19 12:00:00 AM;2026/02/16 05:15:00 AM;MERCURIO 4.0;SERVISOFT S.A.;;;1;EMPRESAS PUBLICAS DE MEDELLIN E.S.P;.
EPM-V-403;EPM-V-403;ASGADR4FJYMVQAPKRHY5P9UDFE2AMU;Historical;ServiSoft S.A.;01312030;SERVISOFT S.A.;EMPRESAS PUBLICAS DE MEDELLIN E.S.P;2018/12/20 01:39:21 PM;2030/05/19 12:00:00 AM;2026/02/16 05:15:00 AM;MERCURIO 4.0;SERVISOFT S.A.;;;3;EMPRESAS PUBLICAS DE MEDELLIN E.S.P;.
EPM-V-404;EPM-V-404;ASGADR4FJYMVQAPKRHY5P9UDFD2ALL;Historical;ServiSoft S.A.;01980123;SERVISOFT S.A.;EMPRESAS PUBLICAS DE MEDELLIN E.S.P;2018/12/20 01:39:28 PM;2030/05/19 08:00:00 AM;2026/02/16 05:15:01 AM;MERCURIO 4.0;SERVISOFT S.A.;;;1;EMPRESAS PUBLICAS DE MEDELLIN E.S.P;.
EPM-V-405;EPM-V-405;ASGADR4FJYMVQAPKRHYLP9UDFJ2BB6;Historical;ServiSoft S.A.;01982100;SERVISOFT S.A.;EMPRESAS PUBLICAS DE MEDELLIN E.S.P;2018/12/20 01:39:31 PM;2030/05/19 08:00:00 AM;2026/02/16 05:15:04 AM;MERCURIO 4.0;SERVISOFT S.A.;;;1;EMPRESAS PUBLICAS DE MEDELLIN E.S.P;.
EPM-V-406;EPM-V-406;ASGADR4FJYMVQAPKRHYNP9UDF22BID;Historical;ServiSoft S.A.;01980200;SERVISOFT S.A.;EMPRESAS PUBLICAS DE MEDELLIN E.S.P;2018/12/20 01:39:28 PM;2030/05/19 12:00:00 AM;2026/02/16 05:15:02 AM;MERCURIO 4.0;SERVISOFT S.A.;;;9;EMPRESAS PUBLICAS DE MEDELLIN E.S.P;.
EPM-V-407;EPM-V-407;ASGADR4FJYMVQAPKRHY2P9UDFB2A4H;Historical;ServiSoft S.A.;01300224;SERVISOFT S.A.;EMPRESAS PUBLICAS DE MEDELLIN E.S.P;2018/12/20 01:39:21 PM;2030/05/19 12:00:00 AM;2026/02/16 05:15:00 AM;MERCURIO 4.0;SERVISOFT S.A.;;;1;EMPRESAS PUBLICAS DE MEDELLIN E.S.P;.
EPM-V-408;EPM-V-408;ASGADR4FJYMVQAPKRHY5P9UDFD2AKR;Historical;ServiSoft S.A.;01312032;SERVISOFT S.A.;EMPRESAS PUBLICAS DE MEDELLIN E.S.P;2018/12/20 01:39:26 PM;2030/05/19 08:00:00 AM;2026/02/16 05:15:00 AM;MERCURIO 4.0;SERVISOFT S.A.;;;1;EMPRESAS PUBLICAS DE MEDELLIN E.S.P;.
EPM-V-409;EPM-V-409;ASGADR4FJYMVQAPKRHY3P9UDFB2A69;Historical;ServiSoft S.A.;01312012;SERVISOFT S.A.;EMPRESAS PUBLICAS DE MEDELLIN E.S.P;2018/12/20 01:39:21 PM;2030/05/19 08:00:00 AM;2026/02/16 05:15:00 AM;MERCURIO 4.0;SERVISOFT S.A.;;;1;EMPRESAS PUBLICAS DE MEDELLIN E.S.P;.
EPM-V-410;EPM-V-410;ASGADR4FJYMVQAPKRHY5P9UDFE2ANG;Historical;ServiSoft S.A.;01312030;SERVISOFT S.A.;EMPRESAS PUBLICAS DE MEDELLIN E.S.P;2018/12/20 01:39:21 PM;2030/05/19 08:00:00 AM;2026/02/16 05:15:01 AM;MERCURIO 4.0;SERVISOFT S.A.;;;1;EMPRESAS PUBLICAS DE MEDELLIN E.S.P;.
EPM-V-411;EPM-V-411;ASGADR4FJYMVQAPKRHY6P9UDFE2AN2;Historical;ServiSoft S.A.;01312032;SERVISOFT S.A.;EMPRESAS PUBLICAS DE MEDELLIN E.S.P;2018/12/20 01:39:21 PM;2030/05/19 08:00:00 AM;2026/02/16 05:15:01 AM;MERCURIO 4.0;SERVISOFT S.A.;;;2;EMPRESAS PUBLICAS DE MEDELLIN E.S.P;.
EPM-V-412;EPM-V-412;ASGADR4FJYMVQAPKRHY4P9UDFD2AK8;Historical;ServiSoft S.A.;01312013;SERVISOFT S.A.;EMPRESAS PUBLICAS DE MEDELLIN E.S.P;2018/12/20 01:39:21 PM;2030/05/19 08:00:00 AM;2026/02/16 05:15:00 AM;MERCURIO 4.0;SERVISOFT S.A.;;;3;EMPRESAS PUBLICAS DE MEDELLIN E.S.P;.
EPM-V-413;EPM-V-413;ASGADR4FJYMVQAPKRHY5P9UDFD2ALJ;Historical;ServiSoft S.A.;01312042;SERVISOFT S.A.;EMPRESAS PUBLICAS DE MEDELLIN E.S.P;2018/12/20 01:39:26 PM;2030/05/19 08:00:00 AM;2026/02/16 05:15:00 AM;MERCURIO 4.0;SERVISOFT S.A.;;;2;EMPRESAS PUBLICAS DE MEDELLIN E.S.P;.
EPM-V-414;EPM-V-414;ASGADR4FJYMVQAPKRHY5P9UDFD2AL5;Historical;ServiSoft S.A.;01312052;SERVISOFT S.A.;EMPRESAS PUBLICAS DE MEDELLIN E.S.P;2018/12/20 01:39:26 PM;2030/05/19 12:00:00 AM;2026/02/16 05:15:00 AM;MERCURIO 4.0;SERVISOFT S.A.;;;1;EMPRESAS PUBLICAS DE MEDELLIN E.S.P;.
EPM-V-415;EPM-V-415;ASGADR4FJYMVQAPKRHY6P9UDFE2AOA;Historical;ServiSoft S.A.;01312042;SERVISOFT S.A.;EMPRESAS PUBLICAS DE MEDELLIN E.S.P;2018/12/20 01:39:26 PM;2030/05/19 08:00:00 AM;2026/02/16 05:15:00 AM;MERCURIO 4.0;SERVISOFT S.A.;;;1;EMPRESAS PUBLICAS DE MEDELLIN E.S.P;.
EPM-V-416;EPM-V-416;ASGADR4FJYMVQAPKRHY8P9UDFH2AV6;Historical;ServiSoft S.A.;01980250;SERVISOFT S.A.;EMPRESAS PUBLICAS DE MEDELLIN E.S.P;2018/12/20 01:39:28 PM;2030/05/19 08:00:00 AM;2026/02/16 05:15:04 AM;MERCURIO 4.0;SERVISOFT S.A.;;;3;EMPRESAS PUBLICAS DE MEDELLIN E.S.P;.
EPM-V-417;EPM-V-417;ASGADR4FJYMVQAPKRHYSP9UDF72BKL;Historical;ServiSoft S.A.;01989070;SERVISOFT S.A.;EMPRESAS PUBLICAS DE MEDELLIN E.S.P;2018/12/20 01:39:37 PM;2030/05/19 08:00:00 AM;2026/02/16 05:15:08 AM;MERCURIO 4.0;SERVISOFT S.A.;;;1;EMPRESAS PUBLICAS DE MEDELLIN E.S.P;.
EPM-V-418;EPM-V-418;ASGADR4FJYMVQAPKRHYTP9UDF72BMC;Historical;ServiSoft S.A.;01980685;SERVISOFT S.A.;EMPRESAS PUBLICAS DE MEDELLIN E.S.P;2018/12/20 01:39:31 PM;2030/05/19 12:00:00 AM;2026/02/16 05:15:01 AM;MERCURIO 4.0;SERVISOFT S.A.;;;1;EMPRESAS PUBLICAS DE MEDELLIN E.S.P;.
EPM-V-419;EPM-V-419;ASGADR4FJYMVQAPKRHYOP9UDF32BJZ;Historical;ServiSoft S.A.;01980286;SERVISOFT S.A.;EMPRESAS PUBLICAS DE MEDELLIN E.S.P;2018/12/20 01:39:28 PM;2030/05/19 12:00:00 AM;2026/02/16 05:15:03 AM;MERCURIO 4.0;SERVISOFT S.A.;;;1;EMPRESAS PUBLICAS DE MEDELLIN E.S.P;.
EPM-V-420;EPM-V-420;ASGADR4FJYMVQAPKRHYTP9UDF72BMH;Historical;ServiSoft S.A.;01980717;SERVISOFT S.A.;EMPRESAS PUBLICAS DE MEDELLIN E.S.P;2018/12/20 01:39:31 PM;2030/05/19 12:00:00 AM;2026/02/16 05:15:02 AM;MERCURIO 4.0;SERVISOFT S.A.;;;1;EMPRESAS PUBLICAS DE MEDELLIN E.S.P;.
EPM-V-421;EPM-V-421;ASGADR4FJYMVQAPKRHYOP9UDF22BI6;Historical;ServiSoft S.A.;01980200;SERVISOFT S.A.;EMPRESAS PUBLICAS DE MEDELLIN E.S.P;2018/12/20 01:39:28 PM;2030/05/19 08:00:00 AM;2026/02/16 05:15:02 AM;MERCURIO 4.0;SERVISOFT S.A.;;;1;EMPRESAS PUBLICAS DE MEDELLIN E.S.P;.
EPM-V-422;EPM-V-422;ASGADR4FJYMVQAPKRHYUP9UDF92BPH;Historical;ServiSoft S.A.;01985000;SERVISOFT S.A.;EMPRESAS PUBLICAS DE MEDELLIN E.S.P;2018/12/20 01:39:31 PM;2030/05/19 12:00:00 AM;2026/02/16 05:15:03 AM;MERCURIO 4.0;SERVISOFT S.A.;;;3;EMPRESAS PUBLICAS DE MEDELLIN E.S.P;.
EPM-V-423;EPM-V-423;ASGADR4FJYMVQAPKRHZAP9UDFP2CFH;Historical;ServiSoft S.A.;01989080;SERVISOFT S.A.;EMPRESAS PUBLICAS DE MEDELLIN E.S.P;2018/12/20 01:39:41 PM;2030/05/19 12:00:00 AM;2026/02/16 05:15:08 AM;MERCURIO 4.0;SERVISOFT S.A.;;;1;EMPRESAS PUBLICAS DE MEDELLIN E.S.P;.
EPM-V-424;EPM-V-424;ASGADR4FJYMVQAPKRHYVP9UDF92BRF;Historical;ServiSoft S.A.;01985020;SERVISOFT S.A.;EMPRESAS PUBLICAS DE MEDELLIN E.S.P;2018/12/20 01:39:31 PM;2030/05/19 12:00:00 AM;2026/02/16 05:15:03 AM;MERCURIO 4.0;SERVISOFT S.A.;;;1;EMPRESAS PUBLICAS DE MEDELLIN E.S.P;.
EPM-V-425;EPM-V-425;ASGADR4FJYMVQAPKRHYUP9UDF92BPV;Historical;ServiSoft S.A.;01985020;SERVISOFT S.A.;EMPRESAS PUBLICAS DE MEDELLIN E.S.P;2018/12/20 01:39:31 PM;2030/05/19 08:00:00 AM;2026/02/16 05:15:03 AM;MERCURIO 4.0;SERVISOFT S.A.;;;2;EMPRESAS PUBLICAS DE MEDELLIN E.S.P;.
EPM-V-426;EPM-V-426;ASGADR4FJYMVQAPKRHY8P9UDFH2AU9;Historical;ServiSoft S.A.;01980605;SERVISOFT S.A.;EMPRESAS PUBLICAS DE MEDELLIN E.S.P;2018/12/20 01:39:28 PM;2030/05/19 08:00:00 AM;2026/02/16 05:15:04 AM;MERCURIO 4.0;SERVISOFT S.A.;;;1;EMPRESAS PUBLICAS DE MEDELLIN E.S.P;.
EPM-V-427;EPM-V-427;ASGADR4FJYMVQAPKRHYVP9UDFK2BS8;Historical;ServiSoft S.A.;01985021;SERVISOFT S.A.;EMPRESAS PUBLICAS DE MEDELLIN E.S.P;2018/12/20 01:39:31 PM;2030/05/19 08:00:00 AM;2026/02/16 05:15:03 AM;MERCURIO 4.0;SERVISOFT S.A.;;;5;EMPRESAS PUBLICAS DE MEDELLIN E.S.P;.
EPM-V-428;EPM-V-428;ASGADR4FJYMVQAPKRHYOP9UDF32B0N;Historical;ServiSoft S.A.;01989080;SERVISOFT S.A.;EMPRESAS PUBLICAS DE MEDELLIN E.S.P;2018/12/20 01:39:39 PM;2030/05/19 12:00:00 AM;2026/02/16 05:15:10 AM;MERCURIO 4.0;SERVISOFT S.A.;;;1;EMPRESAS PUBLICAS DE MEDELLIN E.S.P;.
EPM-V-429;EPM-V-429;ASGADR4FJYMVQAPKRHZXP9UDGM2EJY;Historical;ServiSoft S.A.;01980723;SERVISOFT S.A.;EMPRESAS PUBLICAS DE MEDELLIN E.S.P;2018/12/20 01:39:48 PM;2030/05/19 12:00:00 AM;2026/02/16 05:15:12 AM;MERCURIO 4.0;SERVISOFT S.A.;;;1;EMPRESAS PUBLICAS DE MEDELLIN E.S.P;.
EPM-V-430;EPM-V-430;ASGADR4FJYMVQAPKRHYMP9UDF12BFB;Historical;ServiSoft S.A.;01985060;Desconocido;EMPRESAS PUBLICAS DE MEDELLIN E.S.P;2018/12/20 01:39:31 PM;;2026/02/16 05:15:04 AM;MERCURIO 4.0;Desconocido;;;9;EMPRESAS PUBLICAS DE MEDELLIN E.S.P;.
EPM-V-431;EPM-V-431;ASGADR4FJYMVQAPKRHZUP9UDG92EEC;Historical;ServiSoft S.A.;01980723;SERVISOFT S.A.;EMPRESAS PUBLICAS DE MEDELLIN E.S.P;2018/12/20 01:39:48 PM;2030/05/19 12:00:00 AM;2026/02/16 05:15:13 AM;MERCURIO 4.0;SERVISOFT S.A.;;;2;EMPRESAS PUBLICAS DE MEDELLIN E.S.P;.
EPM-V-432;EPM-V-432;ASGADR4FJYMVQAPKRHYOP9UDF22BIS;Historical;ServiSoft S.A.;01975074;SERVISOFT S.A.;EMPRESAS PUBLICAS DE MEDELLIN E.S.P;2018/12/20 01:39:26 PM;2030/05/19 08:00:00 AM;2026/02/16 05:15:03 AM;MERCURIO 4.0;SERVISOFT S.A.;;;1;EMPRESAS PUBLICAS DE MEDELLIN E.S.P;.
EPM-V-433;EPM-V-433;ASGADR4FJYMVQAPKRHYMP9UDF12BFH;Historical;ServiSoft S.A.;01985075;SERVISOFT S.A.;EMPRESAS PUBLICAS DE MEDELLIN E.S.P;2018/12/20 01:39:31 PM;2030/05/19 12:00:00 AM;2026/02/16 05:15:04 AM;MERCURIO 4.0;SERVISOFT S.A.;;;6;EMPRESAS PUBLICAS DE MEDELLIN E.S.P;.
EPM-V-434;EPM-V-434;ASGADR4FJYMVQAPKRHYNP9UDF12BGK;Historical;ServiSoft S.A.;01985080;SERVISOFT S.A.;EMPRESAS PUBLICAS DE MEDELLIN E.S.P;2018/12/20 01:39:37 PM;2030/05/19 12:00:00 AM;2026/02/16 05:15:04 AM;MERCURIO 4.0;SERVISOFT S.A.;;;35;EMPRESAS PUBLICAS DE MEDELLIN E.S.P;.
EPM-V-435;EPM-V-435;ASGADR4FJYMVQAPKRHZ4P9UDGC2DDD;Historical;ServiSoft S.A.;01980585;SERVISOFT S.A.;EMPRESAS PUBLICAS DE MEDELLIN E.S.P;2018/12/20 01:39:49 PM;2030/05/19 12:00:00 AM;2026/02/16 05:15:12 AM;MERCURIO 4.0;SERVISOFT S.A.;;;2;EMPRESAS PUBLICAS DE MEDELLIN E.S.P;.
EPM-V-436;EPM-V-436;ASGADR4FJYMVQAPKRHZ4P9UDGC2DCZ;Historical;ServiSoft S.A.;01980585;SERVISOFT S.A.;EMPRESAS PUBLICAS DE MEDELLIN E.S.P;2018/12/20 01:39:49 PM;2030/05/19 12:00:00 AM;2026/02/16 05:15:12 AM;MERCURIO 4.0;SERVISOFT S.A.;;;1;EMPRESAS PUBLICAS DE MEDELLIN E.S.P;.
EPM-V-437;EPM-V-437;ASGADR4FJYMVQAPKRHYNP9UDF22BIA;Historical;ServiSoft S.A.;01980500;SERVISOFT S.A.;EMPRESAS PUBLICAS DE MEDELLIN E.S.P;2018/12/20 01:39:28 PM;2030/05/19 08:00:00 AM;2026/02/16 05:15:03 AM;MERCURIO 4.0;SERVISOFT S.A.;;;1;EMPRESAS PUBLICAS DE MEDELLIN E.S.P;.
EPM-V-438;EPM-V-438;ASGADR4FJYMVQAPKRHYPP9UDF32B0U;Historical;ServiSoft S.A.;01980294;SERVISOFT S.A.;EMPRESAS PUBLICAS DE MEDELLIN E.S.P;2018/12/20 01:39:28 PM;2030/05/19 08:00:00 AM;2026/02/16 05:15:03 AM;MERCURIO 4.0;SERVISOFT S.A.;;;1;EMPRESAS PUBLICAS DE MEDELLIN E.S.P;.
EPM-V-439;EPM-V-439;ASGADR4FJYMVQAPKRHYRP9UDF62B8J;Historical;ServiSoft S.A.;01985113;SERVISOFT S.A.;EMPRESAS PUBLICAS DE MEDELLIN E.S.P;2018/12/20 01:39:31 PM;2030/05/19 08:00:00 AM;2026/02/16 05:15:04 AM;MERCURIO 4.0;SERVISOFT S.A.;;;2;EMPRESAS PUBLICAS DE MEDELLIN E.S.P;.
EPM-V-440;EPM-V-440;ASGADR4FJYMVQAPKRIAAP9UDGP2E5U;Historical;ServiSoft S.A.;01980568;SERVISOFT S.A.;EMPRESAS PUBLICAS DE MEDELLIN E.S.P;2018/12/20 01:39:51 PM;2030/05/19 08:00:00 AM;2026/02/16 05:15:14 AM;MERCURIO 4.0;SERVISOFT S.A.;;;1;EMPRESAS PUBLICAS DE MEDELLIN E.S.P;.
EPM-V-441;EPM-V-441;ASGADR4FJYMVQAPKRHZEP9UDFT2C4U;Historical;ServiSoft S.A.;01980568;Desconocido;EMPRESAS PUBLICAS DE MEDELLIN E.S.P;2018/12/20 01:39:50 PM;2030/05/19 08:00:00 AM;2026/02/16 05:15:12 AM;MERCURIO 4.0;Desconocido;;;2;EMPRESAS PUBLICAS DE MEDELLIN E.S.P;.
EPM-V-442;EPM-V-442;ASGADR4FJYMVQAPKRHYRP9UDF62B8U;Historical;ServiSoft S.A.;01980563;SERVISOFT S.A.;EMPRESAS PUBLICAS DE MEDELLIN E.S.P;2018/12/20 01:39:28 PM;2030/05/19 12:00:00 AM;2026/02/16 05:15:03 AM;MERCURIO 4.0;SERVISOFT S.A.;;;3;EMPRESAS PUBLICAS DE MEDELLIN E.S.P;.
EPM-V-443;EPM-V-443;ASGADR4FJYMVQAPKRHY5P9UDFD2AKY;Historical;ServiSoft S.A.;01965170;SERVISOFT S.A.;EMPRESAS PUBLICAS DE MEDELLIN E.S.P;2018/12/20 01:39:28 PM;2030/05/19 12:00:00 AM;2026/02/16 05:15:00 AM;MERCURIO 4.0;SERVISOFT S.A.;;;4;EMPRESAS PUBLICAS DE MEDELLIN E.S.P;.
EPM-V-444;EPM-V-444;ASGADR4FJYMVQAPKRHZ6P9UDGE2DGW;Historical;ServiSoft S.A.;01930738;SERVISOFT S.A.;EMPRESAS PUBLICAS DE MEDELLIN E.S.P;2018/12/20 01:39:51 PM;2030/05/19 12:00:00 AM;2026/02/16 05:15:14 AM;MERCURIO 4.0;SERVISOFT S.A.;;;1;EMPRESAS PUBLICAS DE MEDELLIN E.S.P;.
EPM-V-445;EPM-V-445;ASGADR4FJYMVQAPKRHZ6P9UDGE2DHD;Historical;ServiSoft S.A.;01980568;SERVISOFT S.A.;EMPRESAS PUBLICAS DE MEDELLIN E.S.P;2018/12/20 01:39:51 PM;2030/05/19 08:00:00 AM;2026/02/16 05:15:14 AM;MERCURIO 4.0;SERVISOFT S.A.;;;1;EMPRESAS PUBLICAS DE MEDELLIN E.S.P;.
EPM-V-446;EPM-V-446;ASGADR4FJYMVQAPKRHZ4P9UDGC2DDI;Historical;ServiSoft S.A.;01980563;SERVISOFT S.A.;EMPRESAS PUBLICAS DE MEDELLIN E.S.P;2018/12/20 01:39:49 PM;2030/05/19 08:00:00 AM;2026/02/16 05:15:12 AM;MERCURIO 4.0;SERVISOFT S.A.;;;2;EMPRESAS PUBLICAS DE MEDELLIN E.S.P;.
EPM-V-447;EPM-V-447;ASGADR4FJYMVQAPKRHYRP9UDF52B7B;Historical;ServiSoft S.A.;01980450;SERVISOFT S.A.;EMPRESAS PUBLICAS DE MEDELLIN E.S.P;2018/12/20 01:39:28 PM;2030/05/19 08:00:00 AM;2026/02/16 05:15:02 AM;MERCURIO 4.0;SERVISOFT S.A.;;;1;EMPRESAS PUBLICAS DE MEDELLIN E.S.P;.
EPM-V-448;EPM-V-448;ASGADR4FJYMVQAPKRHYNP9UDF22BHA;Historical;ServiSoft S.A.;01980458;SERVISOFT S.A.;EMPRESAS PUBLICAS DE MEDELLIN E.S.P;2018/12/20 01:39:28 PM;2030/05/19 12:00:00 AM;2026/02/16 05:15:03 AM;MERCURIO 4.0;SERVISOFT S.A.;;;1;EMPRESAS PUBLICAS DE MEDELLIN E.S.P;.
EPM-V-449;EPM-V-449;ASGADR4FJYMVQAPKRHYRP9UDF52B77;Historical;ServiSoft S.A.;01980475;SERVISOFT S.A.;EMPRESAS PUBLICAS DE MEDELLIN E.S.P;2018/12/20 01:39:28 PM;2030/05/19 12:00:00 AM;2026/02/16 05:15:02 AM;MERCURIO 4.0;SERVISOFT S.A.;;;2;EMPRESAS PUBLICAS DE MEDELLIN E.S.P;.
EPM-V-450;EPM-V-450;ASGADR4FJYMVQAPKRHYRP9UDF52B7G;Historical;ServiSoft S.A.;01980456;SERVISOFT S.A.;EMPRESAS PUBLICAS DE MEDELLIN E.S.P;2018/12/20 01:39:28 PM;2030/05/19 08:00:00 AM;2026/02/16 05:15:02 AM;MERCURIO 4.0;SERVISOFT S.A.;;;2;EMPRESAS PUBLICAS DE MEDELLIN E.S.P;.
EPM-V-451;EPM-V-451;ASGADR4FJYMVQAPKRHYRP9UDF52B71;Historical;ServiSoft S.A.;01980461;SERVISOFT S.A.;EMPRESAS PUBLICAS DE MEDELLIN E.S.P;2018/12/20 01:39:28 PM;2030/05/19 08:00:00 AM;2026/02/16 05:15:02 AM;MERCURIO 4.0;SERVISOFT S.A.;;;2;EMPRESAS PUBLICAS DE MEDELLIN E.S.P;.
EPM-V-452;EPM-V-452;ASGADR4FJYMVQAPKRHY4P9UDFC2A9E;Historical;ServiSoft S.A.;01727170;SERVISOFT S.A.;EMPRESAS PUBLICAS DE MEDELLIN E.S.P;2018/12/20 01:39:26 PM;2030/05/19 12:00:00 AM;2026/02/16 05:15:02 AM;MERCURIO 4.0;SERVISOFT S.A.;;;1;EMPRESAS PUBLICAS DE MEDELLIN E.S.P;.
EPM-V-453;EPM-V-453;ASGADR4FJYMVQAPKRHYWP9UDFK2BTW;Historical;ServiSoft S.A.;01989080;SERVISOFT S.A.;EMPRESAS PUBLICAS DE MEDELLIN E.S.P;2018/12/20 01:39:39 PM;2030/05/19 08:00:00 AM;2026/02/16 05:15:11 AM;MERCURIO 4.0;SERVISOFT S.A.;;;1;EMPRESAS PUBLICAS DE MEDELLIN E.S.P;.
EPM-V-454;EPM-V-454;ASGADR4FJYMVQAPKRHYMP9UDF12BFC;Historical;ServiSoft S.A.;01727173;SERVISOFT S.A.;EMPRESAS PUBLICAS DE MEDELLIN E.S.P;2018/12/20 01:39:26 PM;2030/05/19 08:00:00 AM;2026/02/16 05:15:02 AM;MERCURIO 4.0;SERVISOFT S.A.;;;1;EMPRESAS PUBLICAS DE MEDELLIN E.S.P;.
EPM-V-455;EPM-V-455;ASGADR4FJYMVQAPKRHY7P9UDFF2AQU;Historical;ServiSoft S.A.;01337020;SERVISOFT S.A.;EMPRESAS PUBLICAS DE MEDELLIN E.S.P;2018/12/20 01:39:26 PM;2030/05/19 12:00:00 AM;2026/02/16 05:15:00 AM;MERCURIO 4.0;SERVISOFT S.A.;;;3;EMPRESAS PUBLICAS DE MEDELLIN E.S.P;.
EPM-V-456;EPM-V-456;ASGADR4FJYMVQAPKRHY7P9UDFG2ART;Historical;ServiSoft S.A.;01337383;SERVISOFT S.A.;EMPRESAS PUBLICAS DE MEDELLIN E.S.P;2018/12/20 01:39:26 PM;2030/05/19 08:00:00 AM;2026/02/16 05:15:02 AM;MERCURIO 4.0;SERVISOFT S.A.;;;1;EMPRESAS PUBLICAS DE MEDELLIN E.S.P;.
EPM-V-457;EPM-V-457;ASGADR4FJYMVQAPKRHY6P9UDFE2AN0;Historical;ServiSoft S.A.;01337010;SERVISOFT S.A.;EMPRESAS PUBLICAS DE MEDELLIN E.S.P;2018/12/20 01:39:26 PM;2030/05/19 08:00:00 AM;2026/02/16 05:15:00 AM;MERCURIO 4.0;SERVISOFT S.A.;;;1;EMPRESAS PUBLICAS DE MEDELLIN E.S.P;.
EPM-V-458;EPM-V-458;ASGADR4FJYMVQAPKRHY9P9UDFI2AWY;Historical;ServiSoft S.A.;01980290;SERVISOFT S.A.;EMPRESAS PUBLICAS DE MEDELLIN E.S.P;2018/12/20 01:39:28 PM;2030/05/19 12:00:00 AM;2026/02/16 05:15:04 AM;MERCURIO 4.0;SERVISOFT S.A.;;;1;EMPRESAS PUBLICAS DE MEDELLIN E.S.P;.
EPM-V-459;EPM-V-459;ASGADR4FJYMVQAPKRHYMP9UDF12BEQ;Historical;ServiSoft S.A.;01727170;SERVISOFT S.A.;EMPRESAS PUBLICAS DE MEDELLIN E.S.P;2018/12/20 01:39:26 PM;2030/05/19 12:00:00 AM;2026/02/16 05:15:02 AM;MERCURIO 4.0;SERVISOFT S.A.;;;1;EMPRESAS PUBLICAS DE MEDELLIN E.S.P;.
EPM-V-460;EPM-V-460;ASGADR4FJYMVQAPKRHYNP9UDF22BH2;Historical;ServiSoft S.A.;01980465;SERVISOFT S.A.;EMPRESAS PUBLICAS DE MEDELLIN E.S.P;2018/12/20 01:39:28 PM;2030/05/19 12:00:00 AM;2026/02/16 05:15:03 AM;MERCURIO 4.0;SERVISOFT S.A.;;;1;EMPRESAS PUBLICAS DE MEDELLIN E.S.P;.
EPM-V-461;EPM-V-461;ASGADR4FJYMVQAPKRHZSP9UDG62EAA;Historical;ServiSoft S.A.;01337022;SERVISOFT S.A.;EMPRESAS PUBLICAS DE MEDELLIN E.S.P;2018/12/20 01:39:48 PM;2030/05/19 08:00:00 AM;2026/02/16 05:15:12 AM;MERCURIO 4.0;SERVISOFT S.A.;;;2;EMPRESAS PUBLICAS DE MEDELLIN E.S.P;.
EPM-V-462;EPM-V-462;ASGADR4FJYMVQAPKRHZKP9UDGJ2D68;Historical;ServiSoft S.A.;01337022;SERVISOFT S.A.;EMPRESAS PUBLICAS DE MEDELLIN E.S.P;2018/12/20 01:39:48 PM;2030/05/19 08:00:00 AM;2026/02/16 05:15:12 AM;MERCURIO 4.0;SERVISOFT S.A.;;;1;EMPRESAS PUBLICAS DE MEDELLIN E.S.P;.
EPM-V-463;EPM-V-463;ASGADR4FJYMVQAPKRHZWP9UDGK2EGT;Historical;ServiSoft S.A.;01312030;Desconocido;EMPRESAS PUBLICAS DE MEDELLIN E.S.P;2018/12/20 01:39:51 PM;;2026/02/16 05:15:13 AM;MERCURIO 4.0;Desconocido;;;2;EMPRESAS PUBLICAS DE MEDELLIN E.S.P;.
EPM-V-464;EPM-V-464;ASGADR4FJYMVQAPKRHZKP9UDGJ2D5X;Historical;ServiSoft S.A.;01312030;SERVISOFT S.A.;EMPRESAS PUBLICAS DE MEDELLIN E.S.P;2018/12/20 01:39:51 PM;2030/05/19 12:00:00 AM;2026/02/16 05:15:13 AM;MERCURIO 4.0;SERVISOFT S.A.;;;1;EMPRESAS PUBLICAS DE MEDELLIN E.S.P;.
EPM-V-465;EPM-V-465;ASGADR4FJYMVQAPKRHZYP9UDGM2E1C;Historical;ServiSoft S.A.;01312030;SERVISOFT S.A.;EMPRESAS PUBLICAS DE MEDELLIN E.S.P;2018/12/20 01:39:48 PM;2030/05/19 08:00:00 AM;2026/02/16 05:15:12 AM;MERCURIO 4.0;SERVISOFT S.A.;;;1;EMPRESAS PUBLICAS DE MEDELLIN E.S.P;.
EPM-V-466;EPM-V-466;ASGADR4FJYMVQAPKRHY8P9UDFG2AS8;Historical;ServiSoft S.A.;01337330;SERVISOFT S.A.;EMPRESAS PUBLICAS DE MEDELLIN E.S.P;2018/12/20 01:39:26 PM;2030/05/19 08:00:00 AM;2026/02/16 05:15:01 AM;MERCURIO 4.0;SERVISOFT S.A.;;;1;EMPRESAS PUBLICAS DE MEDELLIN E.S.P;.
EPM-V-467;EPM-V-467;ASGADR4FJYMVQAPKRHZ1P9UDGA2CYH;Historical;ServiSoft S.A.;01337023;SERVISOFT S.A.;EMPRESAS PUBLICAS DE MEDELLIN E.S.P;2018/12/20 01:39:50 PM;2030/05/19 08:00:00 AM;2026/02/16 05:15:13 AM;MERCURIO 4.0;SERVISOFT S.A.;;;1;EMPRESAS PUBLICAS DE MEDELLIN E.S.P;.
EPM-V-4680;EPM-V-468;ASGADR4FJYMVQAPKRHY7P9UDFG2ASF;Historical;ServiSoft S.A.;01337383;SERVISOFT S.A.;EMPRESAS PUBLICAS DE MEDELLIN E.S.P;2018/12/20 01:39:26 PM;2030/05/19 12:00:00 AM;2026/02/16 05:15:02 AM;MERCURIO 4.0;SERVISOFT S.A.;;;1;EMPRESAS PUBLICAS DE MEDELLIN E.S.P;.
EPM-V-469;EPM-V-469;ASGADR4FJYMVQAPKRHZ6P9UDGE2DHI;Historical;ServiSoft S.A.;01337022;SERVISOFT S.A.;EMPRESAS PUBLICAS DE MEDELLIN E.S.P;2018/12/20 01:39:50 PM;2030/05/19 08:00:00 AM;2026/02/16 05:15:13 AM;MERCURIO 4.0;SERVISOFT S.A.;;;1;EMPRESAS PUBLICAS DE MEDELLIN E.S.P;.
EPM-V-470;EPM-V-470;ASGADR4FJYMVQAPKRHY7P9UDFF2AQ6;Historical;ServiSoft S.A.;01337500;SERVISOFT S.A.;EMPRESAS PUBLICAS DE MEDELLIN E.S.P;2018/12/20 01:39:26 PM;2030/05/19 12:00:00 AM;2026/02/16 05:15:00 AM;MERCURIO 4.0;SERVISOFT S.A.;;;2;EMPRESAS PUBLICAS DE MEDELLIN E.S.P;.
EPM-V-471;EPM-V-471;ASGADR4FJYMVQAPKRHY2P9UDFB2A42;Historical;ServiSoft S.A.;01337500;SERVISOFT S.A.;EMPRESAS PUBLICAS DE MEDELLIN E.S.P;2018/12/20 01:39:26 PM;2030/05/19 12:00:00 AM;2026/02/16 05:15:00 AM;MERCURIO 4.0;SERVISOFT S.A.;;;2;EMPRESAS PUBLICAS DE MEDELLIN E.S.P;.
EPM-V-472;EPM-V-472;ASGADR4FJYMVQAPKRHY4P9UDFD2AKE;Historical;ServiSoft S.A.;01727552;SERVISOFT S.A.;EMPRESAS PUBLICAS DE MEDELLIN E.S.P;2018/12/20 01:39:28 PM;2030/05/19 12:00:00 AM;2026/02/16 05:15:00 AM;MERCURIO 4.0;SERVISOFT S.A.;;;3;EMPRESAS PUBLICAS DE MEDELLIN E.S.P;.
EPM-V-473;EPM-V-473;ASGADR4FJYMVQAPKRHYKP9UDFI2AYM;Historical;ServiSoft S.A.;01980700;SERVISOFT S.A.;EMPRESAS PUBLICAS DE MEDELLIN E.S.P;2018/12/20 01:39:31 PM;2030/05/19 08:00:00 AM;2026/02/16 05:15:03 AM;MERCURIO 4.0;SERVISOFT S.A.;;;1;EMPRESAS PUBLICAS DE MEDELLIN E.S.P;.
EPM-V-474;EPM-V-474;ASGADR4FJYMVQAPKRHYNP9UDF22BHU;Historical;ServiSoft S.A.;01727553;SERVISOFT S.A.;EMPRESAS PUBLICAS DE MEDELLIN E.S.P;2018/12/20 01:39:26 PM;2030/05/19 12:00:00 AM;2026/02/16 05:15:03 AM;MERCURIO 4.0;SERVISOFT S.A.;;;2;EMPRESAS PUBLICAS DE MEDELLIN E.S.P;.
EPM-V-475;EPM-V-475;ASGADR4FJYMVQAPKRHYKP9UDFJ2BA5;Historical;ServiSoft S.A.;01980152;SERVISOFT S.A.;EMPRESAS PUBLICAS DE MEDELLIN E.S.P;2018/12/20 01:39:28 PM;2030/05/19 12:00:00 AM;2026/02/16 05:15:01 AM;MERCURIO 4.0;SERVISOFT S.A.;;;3;EMPRESAS PUBLICAS DE MEDELLIN E.S.P;.
EPM-V-476;EPM-V-476;ASGADR4FJYMVQAPKRHY6P9UDFE2ANY;Historical;ServiSoft S.A.;01980152;SERVISOFT S.A.;EMPRESAS PUBLICAS DE MEDELLIN E.S.P;2018/12/20 01:39:28 PM;2030/05/19 08:00:00 AM;2026/02/16 05:15:02 AM;MERCURIO 4.0;SERVISOFT S.A.;;;1;EMPRESAS PUBLICAS DE MEDELLIN E.S.P;.
EPM-V-477;EPM-V-477;ASGADR4FJYMVQAPKRHZYP9UDGN2E2E;Historical;ServiSoft S.A.;01980159;SERVISOFT S.A.;EMPRESAS PUBLICAS DE MEDELLIN E.S.P;2018/12/20 01:39:51 PM;2030/05/19 08:00:00 AM;2026/02/16 05:15:13 AM;MERCURIO 4.0;SERVISOFT S.A.;;;2;EMPRESAS PUBLICAS DE MEDELLIN E.S.P;.
EPM-V-478;EPM-V-478;ASGADR4FJYMVQAPKRHY6P9UDFF2AOY;Historical;ServiSoft S.A.;01980156;SERVISOFT S.A.;EMPRESAS PUBLICAS DE MEDELLIN E.S.P;2018/12/20 01:39:28 PM;2030/05/19 08:00:00 AM;2026/02/16 05:15:02 AM;MERCURIO 4.0;SERVISOFT S.A.;;;1;EMPRESAS PUBLICAS DE MEDELLIN E.S.P;.
EPM-V-479;EPM-V-479;ASGADR4FJYMVQAPKRHYNP9UDF12BGW;Historical;ServiSoft S.A.;01980156;SERVISOFT S.A.;EMPRESAS PUBLICAS DE MEDELLIN E.S.P;2018/12/20 01:39:28 PM;2030/05/19 08:00:00 AM;2026/02/16 05:15:01 AM;MERCURIO 4.0;SERVISOFT S.A.;;;1;EMPRESAS PUBLICAS DE MEDELLIN E.S.P;.
EPM-V-480;EPM-V-480;ASGADR4FJYMVQAPKRHYNP9UDF22BHC;Historical;ServiSoft S.A.;01980156;SERVISOFT S.A.;EMPRESAS PUBLICAS DE MEDELLIN E.S.P;2018/12/20 01:39:28 PM;2030/05/19 08:00:00 AM;2026/02/16 05:15:01 AM;MERCURIO 4.0;SERVISOFT S.A.;;;1;EMPRESAS PUBLICAS DE MEDELLIN E.S.P;.
EPM-V-481;EPM-V-481;ASGADR4FJYMVQAPKRHY5P9UDFD2ALE;Historical;ServiSoft S.A.;01980112;SERVISOFT S.A.;EMPRESAS PUBLICAS DE MEDELLIN E.S.P;2018/12/20 01:39:28 PM;2030/05/19 08:00:00 AM;2026/02/16 05:15:01 AM;MERCURIO 4.0;SERVISOFT S.A.;;;1;EMPRESAS PUBLICAS DE MEDELLIN E.S.P;.
EPM-V-482;EPM-V-482;ASGADR4FJYMVQAPKRHYKP9UDFI2AYS;Historical;ServiSoft S.A.;01980147;SERVISOFT S.A.;EMPRESAS PUBLICAS DE MEDELLIN E.S.P;2018/12/20 01:39:28 PM;2030/05/19 12:00:00 AM;2026/02/16 05:15:01 AM;MERCURIO 4.0;SERVISOFT S.A.;;;2;EMPRESAS PUBLICAS DE MEDELLIN E.S.P;.
EPM-V-483;EPM-V-483;ASGADR4FJYMVQAPKRHY7P9UDFF2APS;Historical;ServiSoft S.A.;01980156;SERVISOFT S.A.;EMPRESAS PUBLICAS DE MEDELLIN E.S.P;2018/12/20 01:39:28 PM;2030/05/19 08:00:00 AM;2026/02/16 05:15:03 AM;MERCURIO 4.0;SERVISOFT S.A.;;;1;EMPRESAS PUBLICAS DE MEDELLIN E.S.P;.
EPM-V-484;EPM-V-484;ASGADR4FJYMVQAPKRHYNP9UDF12BGQ;Historical;ServiSoft S.A.;01989000;SERVISOFT S.A.;EMPRESAS PUBLICAS DE MEDELLIN E.S.P;2018/12/20 01:39:37 PM;2030/05/19 08:00:00 AM;2026/02/16 05:15:04 AM;MERCURIO 4.0;SERVISOFT S.A.;;;1;EMPRESAS PUBLICAS DE MEDELLIN E.S.P;.
EPM-V-485;EPM-V-485;ASGADR4FJYMVQAPKRHY8P9UDFH2AVI;Historical;ServiSoft S.A.;01989025;SERVISOFT S.A.;EMPRESAS PUBLICAS DE MEDELLIN E.S.P;2018/12/20 01:39:37 PM;2030/05/19 12:00:00 AM;2026/02/16 05:15:05 AM;MERCURIO 4.0;SERVISOFT S.A.;;;4;EMPRESAS PUBLICAS DE MEDELLIN E.S.P;.
EPM-V-486;EPM-V-486;ASGADR4FJYMVQAPKRHYLP9UDFJ2BBR;Historical;ServiSoft S.A.;01989070;SERVISOFT S.A.;EMPRESAS PUBLICAS DE MEDELLIN E.S.P;2018/12/20 01:39:39 PM;2030/05/19 08:00:00 AM;2026/02/16 05:15:05 AM;MERCURIO 4.0;SERVISOFT S.A.;;;2;EMPRESAS PUBLICAS DE MEDELLIN E.S.P;.
EPM-V-487;EPM-V-487;ASGADR4FJYMVQAPKRHYSP9UDF72B9W;Historical;ServiSoft S.A.;01989070;SERVISOFT S.A.;EMPRESAS PUBLICAS DE MEDELLIN E.S.P;2018/12/20 01:39:37 PM;2030/05/19 12:00:00 AM;2026/02/16 05:15:08 AM;MERCURIO 4.0;SERVISOFT S.A.;;;2;EMPRESAS PUBLICAS DE MEDELLIN E.S.P;.
EPM-V-488;EPM-V-488;ASGADR4FJYMVQAPKRHYSP9UDF62B9D;Historical;ServiSoft S.A.;01989080;SERVISOFT S.A.;EMPRESAS PUBLICAS DE MEDELLIN E.S.P;2018/12/20 01:39:39 PM;2030/05/19 12:00:00 AM;2026/02/16 05:15:11 AM;MERCURIO 4.0;SERVISOFT S.A.;;;1;EMPRESAS PUBLICAS DE MEDELLIN E.S.P;.
EPM-V-489;EPM-V-489;ASGADR4FJYMVQAPKRHZBP9UDFP2CG6;Historical;ServiSoft S.A.;01989080;SERVISOFT S.A.;EMPRESAS PUBLICAS DE MEDELLIN E.S.P;2018/12/20 01:39:39 PM;2030/05/19 12:00:00 AM;2026/02/16 05:15:07 AM;MERCURIO 4.0;SERVISOFT S.A.;;;1;EMPRESAS PUBLICAS DE MEDELLIN E.S.P;.
EPM-V-490;EPM-V-490;ASGADR4FJYMVQAPKRHYQP9UDF42B46;Historical;ServiSoft S.A.;01989080;SERVISOFT S.A.;EMPRESAS PUBLICAS DE MEDELLIN E.S.P;2018/12/20 01:39:39 PM;2030/05/19 12:00:00 AM;2026/02/16 05:15:11 AM;MERCURIO 4.0;SERVISOFT S.A.;;;1;EMPRESAS PUBLICAS DE MEDELLIN E.S.P;.
EPM-V-491;EPM-V-491;ASGADR4FJYMVQAPKRHYVP9UDF92BRB;Historical;ServiSoft S.A.;01989080;SERVISOFT S.A.;EMPRESAS PUBLICAS DE MEDELLIN E.S.P;2018/12/20 01:39:39 PM;2030/05/19 12:00:00 AM;2026/02/16 05:15:08 AM;MERCURIO 4.0;SERVISOFT S.A.;;;1;EMPRESAS PUBLICAS DE MEDELLIN E.S.P;.
EPM-V-492;EPM-V-492;ASGADR4FJYMVQAPKRHZAP9UDFO2CEV;Historical;ServiSoft S.A.;01989080;SERVISOFT S.A.;EMPRESAS PUBLICAS DE MEDELLIN E.S.P;2018/12/20 01:39:41 PM;2030/05/19 12:00:00 AM;2026/02/16 05:15:08 AM;MERCURIO 4.0;SERVISOFT S.A.;;;1;EMPRESAS PUBLICAS DE MEDELLIN E.S.P;.
EPM-V-493;EPM-V-493;ASGADR4FJYMVQAPKRHZAP9UDFP2CF9;Historical;ServiSoft S.A.;01989080;Desconocido;EMPRESAS PUBLICAS DE MEDELLIN E.S.P;2018/12/20 01:39:41 PM;;2026/02/16 05:15:08 AM;MERCURIO 4.0;Desconocido;;;1;EMPRESAS PUBLICAS DE MEDELLIN E.S.P;.
EPM-V-494;EPM-V-494;ASGADR4FJYMVQAPKRHYYP9UDFM2CA5;Historical;ServiSoft S.A.;01989080;SERVISOFT S.A.;EMPRESAS PUBLICAS DE MEDELLIN E.S.P;2018/12/20 01:39:39 PM;2030/05/19 08:00:00 AM;2026/02/16 05:15:05 AM;MERCURIO 4.0;SERVISOFT S.A.;;;2;EMPRESAS PUBLICAS DE MEDELLIN E.S.P;.
EPM-V-495;EPM-V-495;ASGADR4FJYMVQAPKRHZBP9UDFP2CH0;Historical;ServiSoft S.A.;01989080;SERVISOFT S.A.;EMPRESAS PUBLICAS DE MEDELLIN E.S.P;2018/12/20 01:39:39 PM;2030/05/19 08:00:00 AM;2026/02/16 05:15:08 AM;MERCURIO 4.0;SERVISOFT S.A.;;;2;EMPRESAS PUBLICAS DE MEDELLIN E.S.P;.
EPM-V-496;EPM-V-496;ASGJR68LATILOATI6BJMTI6BJMS6D6;Historical;EPM;01989080;SERVISOFT S.A.;EMPRESAS PUBLICAS DE MEDELLIN E.S.P;2026/01/06 07:57:50 AM;2030/05/19 12:00:00 AM;2026/02/16 05:15:51 AM;MERCURIO 4.0;SERVISOFT S.A.;;;1;EMPRESAS PUBLICAS DE MEDELLIN E.S.P;.
EPM-V-497;EPM-V-497;ASGADR4FJYMVQAPKRHYRP9UDF62B8L;Historical;ServiSoft S.A.;01989080;SERVISOFT S.A.;EMPRESAS PUBLICAS DE MEDELLIN E.S.P;2018/12/20 01:39:39 PM;2030/05/19 08:00:00 AM;2026/02/16 05:15:11 AM;MERCURIO 4.0;SERVISOFT S.A.;;;1;EMPRESAS PUBLICAS DE MEDELLIN E.S.P;.
EPM-V-498;EPM-V-498;ASGADR4FJYMVQAPKRHYZP9UDFN2CC5;Executed;Adobe Inc.;01989080;COLTAVIRA S.A;EMPRESAS PUBLICAS DE MEDELLIN E.S.P;2018/12/20 01:39:39 PM;2030/03/30 12:00:00 AM;2026/01/06 08:08:12 AM;Metercat;COLTAVIRA S.A;;;3;EMPRESAS PUBLICAS DE MEDELLIN E.S.P;.
EPM-V-499;EPM-V-499;ASGADR4FJYMVQAPKRHY2P9UDFA2A39;Executed;Adobe Inc.;01300223;MIDAS Information Technology co.Ltd.;EMPRESAS PUBLICAS DE MEDELLIN E.S.P;2018/12/20 01:39:21 PM;2030/05/30 12:00:00 AM;2026/01/06 09:00:39 AM;Midas GTS NX;MIDAS Information Technology co.Ltd.;;;1;EMPRESAS PUBLICAS DE MEDELLIN E.S.P;.
EPM-V-500;EPM-V-500;ASGADR4FJYMVQAPKRHY6P9UDFF2APF;Executed;ServiSoft S.A.;01337330;SUMINISTROS Y CONTROLES ELECTRONICOS;EMPRESAS PUBLICAS DE MEDELLIN E.S.P;2018/12/20 01:39:26 PM;2030/02/27 12:00:00 AM;2025/12/22 02:09:25 PM;MPLAB;SUMINISTROS Y CONTROLES ELECTRONICOS;;;1;EMPRESAS PUBLICAS DE MEDELLIN E.S.P;.
EPM-V-501;EPM-V-501;ASGADR4FJYMVQAPKRHY3P9UDFB2A5L;Executed;Adobe Inc.;01411053;Desconocido;EMPRESAS PUBLICAS DE MEDELLIN E.S.P;2018/12/20 01:39:26 PM;;2019/01/03 03:06:19 PM;NANOCOLOR;Desconocido;;;1;EMPRESAS PUBLICAS DE MEDELLIN E.S.P;.
EPM-V-502;EPM-V-502;ASGADR4FJYMVQAPKRHYMP9UDF02BD2;Executed;ServiSoft S.A.;01985021;UNION ELECTRICA S.A.;EMPRESAS PUBLICAS DE MEDELLIN E.S.P;2018/12/20 01:39:31 PM;2030/06/30 12:00:00 AM;2025/12/22 02:15:33 PM;Nextiva Review;UNION ELECTRICA S.A.;;;4;EMPRESAS PUBLICAS DE MEDELLIN E.S.P;.
EPM-V-503;EPM-V-503;ASGADR4FJYMVQAPKRHY7P9UDFG2ARO;Executed;Adobe Inc.;01337280;Erasmus LTDA;EMPRESAS PUBLICAS DE MEDELLIN E.S.P;2018/12/20 01:39:26 PM;2030/05/02 08:00:00 AM;2026/01/05 03:35:43 PM;OMICRON Test Universe;Erasmus LTDA;;;50;EMPRESAS PUBLICAS DE MEDELLIN E.S.P;.
EPM-V-504;EPM-V-504;ASGADR4FJYMVQAPKRHYPP9UDF32B1M;Executed;Adobe Inc.;01980294;Multi-Amp Corporation;EMPRESAS PUBLICAS DE MEDELLIN E.S.P;2018/12/20 01:39:28 PM;2030/06/07 12:00:00 AM;2026/01/05 02:58:05 PM;Nuance OmniPage;Multi-Amp Corporation;1069225;;1;EMPRESAS PUBLICAS DE MEDELLIN E.S.P;.
EPM-V-505;EPM-V-505;ASGADR4FJYMVQAPKRHYOP9UDF32BJM;Executed;Adobe Inc.;01980509;Multi-Amp Corporation;EMPRESAS PUBLICAS DE MEDELLIN E.S.P;2018/12/20 01:39:28 PM;2030/06/07 08:00:00 AM;2026/01/06 09:41:44 AM;Nuance OmniPage;Multi-Amp Corporation;1069225;;1;EMPRESAS PUBLICAS DE MEDELLIN E.S.P;.
EPM-V-506;EPM-V-506;ASGADR4FJYMVQAPKRHYPP9UDF32B2F;Executed;ServiSoft S.A.;01989080;Desconocido;EMPRESAS PUBLICAS DE MEDELLIN E.S.P;2018/12/20 01:39:39 PM;;2019/01/03 03:06:26 PM;OnGuard System;Desconocido;;;1;EMPRESAS PUBLICAS DE MEDELLIN E.S.P;.
EPM-V-507;EPM-V-507;ASGADR4FJYMVQAPKRHY8P9UDFH2AUY;Executed;Oracle;01980215;Desconocido;EMPRESAS PUBLICAS DE MEDELLIN E.S.P;2018/12/20 01:39:28 PM;;2019/01/03 03:06:19 PM;Crystal Ball;Desconocido;121038;;1;EMPRESAS PUBLICAS DE MEDELLIN E.S.P;.
EPM-V-508;EPM-V-508-001;ASGADR4FJYMVQAPKRHYUP9UDF92BOX;Executed;ORACLE;01989074;ORACLE;EMPRESAS PUBLICAS DE MEDELLIN E.S.P;2018/12/20 01:39:39 PM;2026/07/31 12:00:00 AM;2025/05/12 12:19:01 PM;Oracle Hyperion Disclosure Management;ORACLE;;;99;EMPRESAS PUBLICAS DE MEDELLIN E.S.P;.
EPM-V-508;EPM-V-508-002;ASGBZBM7ITT46ARY2ZGORY2ZGOF42N;Executed;Oracle;01989074;ORACLE;EMPRESAS PUBLICAS DE MEDELLIN E.S.P;2023/07/25 10:34:12 AM;2026/07/31 12:00:00 AM;2025/05/12 12:19:01 PM;Hyperion Pluss;ORACLE;;;94;EMPRESAS PUBLICAS DE MEDELLIN E.S.P;.
EPM-V-509;EPM-V-509;ASGADR4FJYMVQAPKRHYVP9UDFK2BS4;Executed;Desconocido;01989080;Desconocido;EMPRESAS PUBLICAS DE MEDELLIN E.S.P;2018/12/20 01:39:39 PM;;2019/01/03 03:06:23 PM;pcAnywhere;Desconocido;1197639;;10;EMPRESAS PUBLICAS DE MEDELLIN E.S.P;.
EPM-V-510;EPM-V-510;ASGADR4FJYMVQAPKRHY2P9UDFB2A41;Executed;Adobe Inc.;01337383;MEDER S.A.;EMPRESAS PUBLICAS DE MEDELLIN E.S.P;2018/12/20 01:39:26 PM;2030/10/30 08:00:00 AM;2026/01/05 02:51:22 PM;PC PRO Software;MEDER S.A.;;;3;EMPRESAS PUBLICAS DE MEDELLIN E.S.P;.
EPM-V-511;EPM-V-511;ASGADR4FJYMVQAPKRHY7P9UDFF2AQ1;Executed;Open Text Corporation;01337380;VELPA Soluciones Integrales S.A;EMPRESAS PUBLICAS DE MEDELLIN E.S.P;2018/12/20 01:39:26 PM;2030/04/29 12:00:00 AM;2026/01/06 09:46:48 AM;ProView;VELPA Soluciones Integrales S.A;;;999;EMPRESAS PUBLICAS DE MEDELLIN E.S.P;.
EPM-V-512;EPM-V-512;ASGADR4FJYMVQAPKRHZDP9UDFR2C1I;Executed;POWER LINES SYSTEM;01330243;POWER LINES SYSTEM;EMPRESAS PUBLICAS DE MEDELLIN E.S.P;2018/12/20 01:39:50 PM;2030/04/07 12:00:00 AM;2025/05/12 12:19:01 PM;PLS-CADD;POWER LINES SYSTEM;;;20;EMPRESAS PUBLICAS DE MEDELLIN E.S.P;.
EPM-V-513;EPM-V-513;ASGADR4FJYMVQAPKRHY9P9UDFI2AXX;Executed;POWER LINES SYSTEM;01980294;POWER LINES SYSTEM;EMPRESAS PUBLICAS DE MEDELLIN E.S.P;2018/12/20 01:39:28 PM;2030/01/01 12:00:00 AM;2025/12/19 09:38:46 AM;PLS-CADD;POWER LINES SYSTEM;;;20;EMPRESAS PUBLICAS DE MEDELLIN E.S.P;.
EPM-V-514;EPM-V-514;ASGADR4FJYMVQAPKRHYYP9UDFN2CBI;Executed;Desconocido;01989080;Desconocido;EMPRESAS PUBLICAS DE MEDELLIN E.S.P;2018/12/20 01:39:39 PM;;2019/01/03 03:06:22 PM;QuickDesigner;Desconocido;1060135;;1;EMPRESAS PUBLICAS DE MEDELLIN E.S.P;.
EPM-V-515;EPM-V-515;ASGADR4FJYMVQAPKRHYKP9UDFJ2BAE;Executed;MICROFOCUS;01989070;Desconocido;EMPRESAS PUBLICAS DE MEDELLIN E.S.P;2018/12/20 01:39:37 PM;;2019/01/03 03:06:23 PM;WRQ Reflection X 11.0;Desconocido;1099365;;1;EMPRESAS PUBLICAS DE MEDELLIN E.S.P;.
EPM-V-516;EPM-V-516;ASGADR4FJYMVQAPKRHYKP9UDFI2AYL;Executed;MICROFOCUS;01989070;Desconocido;EMPRESAS PUBLICAS DE MEDELLIN E.S.P;2018/12/20 01:39:37 PM;;2019/01/03 03:06:23 PM;WRQ Reflection X 11.0;Desconocido;1099365;;6;EMPRESAS PUBLICAS DE MEDELLIN E.S.P;.
EPM-V-517;EPM-V-517;ASGADR4FJYMVQAPKRHY2P9UDFB2A48;Executed;Rocscience;01300223;Rocscience;EMPRESAS PUBLICAS DE MEDELLIN E.S.P;2018/12/20 01:39:21 PM;2030/09/13 12:00:00 AM;2025/12/22 02:32:17 PM;RocFall;Rocscience;;;3;EMPRESAS PUBLICAS DE MEDELLIN E.S.P;.
EPM-V-518;EPM-V-518;ASGADR4FJYMVQAPKRHY1P9UDFA2A2P;Executed;Rocscience;01300223;Rocscience;EMPRESAS PUBLICAS DE MEDELLIN E.S.P;2018/12/20 01:39:21 PM;2030/09/13 12:00:00 AM;2025/12/22 02:36:46 PM;RocSupport;Rocscience;;;3;EMPRESAS PUBLICAS DE MEDELLIN E.S.P;.
EPM-V-519;EPM-V-519;ASGADR4FJYMVQAPKRHYKP9UDFJ2BAD;Executed;Adobe Inc.;01980801;Rosetta Stone Ltd.;EMPRESAS PUBLICAS DE MEDELLIN E.S.P;2018/12/20 01:39:31 PM;2030/07/09 12:00:00 AM;2026/01/05 04:05:25 PM;Rosetta Stone;Rosetta Stone Ltd.;;;2;EMPRESAS PUBLICAS DE MEDELLIN E.S.P;.
EPM-V-520;EPM-V-520;ASGADR4FJYMVQAPKRHY3P9UDFC2A6Y;Executed;Rotork;01411056;AUTOMATIZACION.SA;EMPRESAS PUBLICAS DE MEDELLIN E.S.P;2018/12/20 01:39:26 PM;2030/09/20 12:00:00 AM;2026/01/06 11:16:10 AM;Rotork Insight;AUTOMATIZACION.SA;;;1;EMPRESAS PUBLICAS DE MEDELLIN E.S.P;.
EPM-V-521;EPM-V-521;ASGADR4FJYMVQAPKRHYQP9UDF52B5C;Executed;Adobe Inc.;01989080;Safanet;EMPRESAS PUBLICAS DE MEDELLIN E.S.P;2018/12/20 01:39:39 PM;2030/11/06 12:00:00 AM;2026/01/05 05:04:26 PM;SafeNet Authentication Client;Safanet;;;1;EMPRESAS PUBLICAS DE MEDELLIN E.S.P;.
EPM-V-522;EPM-V-522;ASGADR4FJYMVQAPKRHYNP9UDF22BI1;Executed;SAO TECHNOLOGY & CIA SAS;01989074;SAO TECHNOLOGY & CIA SAS;EMPRESAS PUBLICAS DE MEDELLIN E.S.P;2018/12/20 01:39:39 PM;2030/03/21 12:00:00 AM;2025/05/12 12:19:01 PM;SAO Software;SAO TECHNOLOGY & CIA SAS;;;114;EMPRESAS PUBLICAS DE MEDELLIN E.S.P;.
EPM-V-523;EPM-V-523;ASGADR4FJYMVQAPKRHYLP9UDF02BCA;Executed;SAO TECHNOLOGY & CIA SAS;01411057;SAO TECHNOLOGY & CIA SAS;EMPRESAS PUBLICAS DE MEDELLIN E.S.P;2018/12/20 01:39:26 PM;2030/09/22 12:00:00 AM;2025/05/12 12:19:01 PM;SAO Software;SAO TECHNOLOGY & CIA SAS;1337871;;1;EMPRESAS PUBLICAS DE MEDELLIN E.S.P;.
EPM-V-524;EPM-V-524;ASGADR4FJYMVQAPKRHY7P9UDFG2ARR;Executed;SAO TECHNOLOGY & CIA SAS;01411032;SAO TECHNOLOGY & CIA SAS;EMPRESAS PUBLICAS DE MEDELLIN E.S.P;2018/12/20 01:39:26 PM;2030/09/22 12:00:00 AM;2025/05/12 12:19:01 PM;SAO Software;SAO TECHNOLOGY & CIA SAS;1337871;;2;EMPRESAS PUBLICAS DE MEDELLIN E.S.P;.
EPM-V-525;EPM-V-525;ASGADR4FJYMVQAPKRHY3P9UDFC2A6M;Executed;SAO TECHNOLOGY & CIA SAS;01411054;SAO TECHNOLOGY & CIA SAS;EMPRESAS PUBLICAS DE MEDELLIN E.S.P;2018/12/20 01:39:26 PM;2030/09/22 12:00:00 AM;2025/05/12 12:19:01 PM;SAO Software;SAO TECHNOLOGY & CIA SAS;1337871;;2;EMPRESAS PUBLICAS DE MEDELLIN E.S.P;.
EPM-V-526;EPM-V-526;ASGADR4FJYMVQAPKRHYOP9UDF22BIU;Executed;SAO TECHNOLOGY & CIA SAS;01980215;SAO TECHNOLOGY & CIA SAS;EMPRESAS PUBLICAS DE MEDELLIN E.S.P;2018/12/20 01:39:28 PM;2030/09/22 12:00:00 AM;2025/05/12 12:19:01 PM;SAO Software;SAO TECHNOLOGY & CIA SAS;1337871;;1;EMPRESAS PUBLICAS DE MEDELLIN E.S.P;.
EPM-V-527;EPM-V-527;ASGADR4FJYMVQAPKRHYLP9UDF02BDE;Executed;SAO TECHNOLOGY & CIA SAS;01510230;SAO TECHNOLOGY & CIA SAS;EMPRESAS PUBLICAS DE MEDELLIN E.S.P;2018/12/20 01:39:26 PM;2030/09/22 12:00:00 AM;2025/05/12 12:19:01 PM;SAO Software;SAO TECHNOLOGY & CIA SAS;1337871;;1;EMPRESAS PUBLICAS DE MEDELLIN E.S.P;.
EPM-V-528;EPM-V-528;ASGADR4FJYMVQAPKRHY3P9UDFC2A76;Executed;SAO TECHNOLOGY & CIA SAS;01411057;SAO TECHNOLOGY & CIA SAS;EMPRESAS PUBLICAS DE MEDELLIN E.S.P;2018/12/20 01:39:26 PM;2030/09/22 12:00:00 AM;2025/05/12 12:19:01 PM;SAO Software;SAO TECHNOLOGY & CIA SAS;1337871;;1;EMPRESAS PUBLICAS DE MEDELLIN E.S.P;.
EPM-V-529;EPM-V-529;ASGADR4FJYMVQAPKRHY3P9UDFC2A6S;Executed;SAO TECHNOLOGY & CIA SAS;01411054;SAO TECHNOLOGY & CIA SAS;EMPRESAS PUBLICAS DE MEDELLIN E.S.P;2018/12/20 01:39:26 PM;2030/09/22 12:00:00 AM;2025/05/12 12:19:01 PM;SAO Software;SAO TECHNOLOGY & CIA SAS;1337871;;4;EMPRESAS PUBLICAS DE MEDELLIN E.S.P;.
EPM-V-530;EPM-V-530;ASGADR4FJYMVQAPKRHYUP9UDF92BPI;Executed;SAO TECHNOLOGY & CIA SAS;01989070;SAO TECHNOLOGY & CIA SAS;EMPRESAS PUBLICAS DE MEDELLIN E.S.P;2018/12/20 01:39:37 PM;2030/09/22 12:00:00 AM;2025/05/12 12:19:01 PM;SAO Software;SAO TECHNOLOGY & CIA SAS;1337871;;1;EMPRESAS PUBLICAS DE MEDELLIN E.S.P;.
EPM-V-531;EPM-V-531;ASGADR4FJYMVQAPKRHY4P9UDFC2A8M;Executed;SAO TECHNOLOGY & CIA SAS;01511063;Desconocido;EMPRESAS PUBLICAS DE MEDELLIN E.S.P;2018/12/20 01:39:26 PM;2030/09/22 12:00:00 AM;2025/05/12 12:19:01 PM;SAO Software;Desconocido;1337871;;1;EMPRESAS PUBLICAS DE MEDELLIN E.S.P;.
EPM-V-532;EPM-V-532;ASGADR4FJYMVQAPKRHYLP9UDF02BBZ;Executed;SAO TECHNOLOGY & CIA SAS;01985000;SAO TECHNOLOGY & CIA SAS;EMPRESAS PUBLICAS DE MEDELLIN E.S.P;2018/12/20 01:39:31 PM;2030/09/22 12:00:00 AM;2025/05/12 12:19:01 PM;SAO Software;SAO TECHNOLOGY & CIA SAS;1337871;;1;EMPRESAS PUBLICAS DE MEDELLIN E.S.P;.
EPM-V-533;EPM-V-533;ASGADR4FJYMVQAPKRHY3P9UDFB2A6J;Executed;SAO TECHNOLOGY & CIA SAS;01411054;SAO TECHNOLOGY & CIA SAS;EMPRESAS PUBLICAS DE MEDELLIN E.S.P;2018/12/20 01:39:26 PM;2030/09/22 12:00:00 AM;2025/05/12 12:19:01 PM;SAO Software;SAO TECHNOLOGY & CIA SAS;1337871;;1;EMPRESAS PUBLICAS DE MEDELLIN E.S.P;.
EPM-V-534;EPM-V-534;ASGADR4FJYMVQAPKRHY3P9UDFC2A7M;Executed;SAO TECHNOLOGY & CIA SAS;01411057;SAO TECHNOLOGY & CIA SAS;EMPRESAS PUBLICAS DE MEDELLIN E.S.P;2018/12/20 01:39:26 PM;2030/09/22 12:00:00 AM;2025/05/12 12:19:01 PM;SAO Software;SAO TECHNOLOGY & CIA SAS;1337871;;1;EMPRESAS PUBLICAS DE MEDELLIN E.S.P;.
EPM-V-535;EPM-V-535;ASGADR4FJYMVQAPKRHYMP9UDF02BD6;Executed;SAO TECHNOLOGY & CIA SAS;01511060;Desconocido;EMPRESAS PUBLICAS DE MEDELLIN E.S.P;2018/12/20 01:39:26 PM;2030/09/22 12:00:00 AM;2025/05/12 12:19:01 PM;SAO Software;Desconocido;1337871;;1;EMPRESAS PUBLICAS DE MEDELLIN E.S.P;.
EPM-V-536;EPM-V-536;ASGADR4FJYMVQAPKRHYLP9UDF02BC7;Executed;SAO TECHNOLOGY & CIA SAS;01985020;SAO TECHNOLOGY & CIA SAS;EMPRESAS PUBLICAS DE MEDELLIN E.S.P;2018/12/20 01:39:31 PM;2030/09/22 12:00:00 AM;2025/05/12 12:19:01 PM;SAO Software;SAO TECHNOLOGY & CIA SAS;1337871;;2;EMPRESAS PUBLICAS DE MEDELLIN E.S.P;.
EPM-V-537;EPM-V-537;ASGADR4FJYMVQAPKRHYVP9UDFK2BSG;Executed;SAO TECHNOLOGY & CIA SAS;01985021;SAO TECHNOLOGY & CIA SAS;EMPRESAS PUBLICAS DE MEDELLIN E.S.P;2018/12/20 01:39:31 PM;2030/09/22 12:00:00 AM;2025/05/12 12:19:01 PM;SAO Software;SAO TECHNOLOGY & CIA SAS;1337871;;12;EMPRESAS PUBLICAS DE MEDELLIN E.S.P;.
EPM-V-538;EPM-V-538;ASGADR4FJYMVQAPKRHYMP9UDF12BFK;Executed;SAO TECHNOLOGY & CIA SAS;01727175;SAO TECHNOLOGY & CIA SAS;EMPRESAS PUBLICAS DE MEDELLIN E.S.P;2018/12/20 01:39:26 PM;2030/09/22 12:00:00 AM;2025/05/12 12:19:01 PM;SAO Software;SAO TECHNOLOGY & CIA SAS;1337871;;1;EMPRESAS PUBLICAS DE MEDELLIN E.S.P;.
EPM-V-539;EPM-V-539;ASGADR4FJYMVQAPKRHY7P9UDFF2AQF;Executed;SAO TECHNOLOGY & CIA SAS;01337330;SAO TECHNOLOGY & CIA SAS;EMPRESAS PUBLICAS DE MEDELLIN E.S.P;2018/12/20 01:39:26 PM;2030/09/22 12:00:00 AM;2025/05/12 12:19:01 PM;SAO Software;SAO TECHNOLOGY & CIA SAS;1337871;;6;EMPRESAS PUBLICAS DE MEDELLIN E.S.P;.
EPM-V-540;EPM-V-540;ASGADR4FJYMVQAPKRHYUP9UDF92BOV;Executed;SAO TECHNOLOGY & CIA SAS;01985000;SAO TECHNOLOGY & CIA SAS;EMPRESAS PUBLICAS DE MEDELLIN E.S.P;2018/12/20 01:39:31 PM;2030/09/22 12:00:00 AM;2025/05/12 12:19:01 PM;SAO Software;SAO TECHNOLOGY & CIA SAS;1337871;;1;EMPRESAS PUBLICAS DE MEDELLIN E.S.P;.
EPM-V-541;EPM-V-541;ASGADR4FJYMVQAPKRHY6P9UDFF2APO;Executed;SAO TECHNOLOGY & CIA SAS;01337330;SAO TECHNOLOGY & CIA SAS;EMPRESAS PUBLICAS DE MEDELLIN E.S.P;2018/12/20 01:39:26 PM;2030/09/22 12:00:00 AM;2025/05/12 12:19:01 PM;SAO Software;SAO TECHNOLOGY & CIA SAS;1337871;;1;EMPRESAS PUBLICAS DE MEDELLIN E.S.P;.
EPM-V-542;EPM-V-542;ASGADR4FJYMVQAPKRHYPP9UDF42B2X;Executed;SAO TECHNOLOGY & CIA SAS;01989080;SAO TECHNOLOGY & CIA SAS;EMPRESAS PUBLICAS DE MEDELLIN E.S.P;2018/12/20 01:39:41 PM;2030/09/22 12:00:00 AM;2025/05/12 12:19:01 PM;SAO Software;SAO TECHNOLOGY & CIA SAS;1337871;;20;EMPRESAS PUBLICAS DE MEDELLIN E.S.P;.
EPM-V-543;EPM-V-543;ASGADR4FJYMVQAPKRHY7P9UDFF2AQN;Executed;SEL;01337380;Electrolumen;EMPRESAS PUBLICAS DE MEDELLIN E.S.P;2018/12/20 01:39:26 PM;2030/04/29 12:00:00 AM;2025/12/22 02:44:01 PM;SEL-5010;Electrolumen;;;9;EMPRESAS PUBLICAS DE MEDELLIN E.S.P;.
EPM-V-544;EPM-V-544;ASGADR4FJYMVQAPKRHY6P9UDFE2AO0;Executed;SEL;01337280;Electrolumen;EMPRESAS PUBLICAS DE MEDELLIN E.S.P;2018/12/20 01:39:26 PM;2030/05/02 12:00:00 AM;2025/12/22 02:42:46 PM;SEL-5010;Electrolumen;;;2;EMPRESAS PUBLICAS DE MEDELLIN E.S.P;.
EPM-V-545;EPM-V-545;ASGADR4FJYMVQAPKRHY6P9UDFF2AOT;Executed;SEL;01337280;Electrolumen;EMPRESAS PUBLICAS DE MEDELLIN E.S.P;2018/12/20 01:39:26 PM;2030/05/02 12:00:00 AM;2025/12/22 02:43:17 PM;SEL-5010;Electrolumen;;;2;EMPRESAS PUBLICAS DE MEDELLIN E.S.P;.
EPM-V-546;EPM-V-546;ASGADR4FJYMVQAPKRHZ7P9UDGF2DJ1;Executed;Desconocido;01980685;Desconocido;EMPRESAS PUBLICAS DE MEDELLIN E.S.P;2018/12/20 01:39:51 PM;;2019/01/03 03:06:37 PM;SINDE;Desconocido;;;1;EMPRESAS PUBLICAS DE MEDELLIN E.S.P;.
EPM-V-547;EPM-V-547;ASGADR4FJYMVQAPKRHY2P9UDFA2A3G;Executed;Adobe Inc.;01300223;SISGEO;EMPRESAS PUBLICAS DE MEDELLIN E.S.P;2018/12/20 01:39:21 PM;2030/11/05 12:00:00 AM;2026/01/05 05:06:50 PM;Sisgeo;SISGEO;;;4;EMPRESAS PUBLICAS DE MEDELLIN E.S.P;.
EPM-V-548;EPM-V-548;ASGADR4FJYMVQAPKRHYMP9UDF02BEC;Executed;Desconocido;01980335;Desconocido;EMPRESAS PUBLICAS DE MEDELLIN E.S.P;2018/12/20 01:39:28 PM;;2019/01/03 03:06:22 PM;S.O. Macintosh;Desconocido;1041481;;1;EMPRESAS PUBLICAS DE MEDELLIN E.S.P;.
EPM-V-549;EPM-V-549;ASGADR4FJYMVQAPKRHYPP9UDF42B3G;Historical;Desconocido;01985026;Desconocido;EMPRESAS PUBLICAS DE MEDELLIN E.S.P;2018/12/20 01:39:31 PM;;2026/02/16 05:15:04 AM;Google SketchUp Pro 8;Desconocido;2137765;;12;EMPRESAS PUBLICAS DE MEDELLIN E.S.P;.
EPM-V-550;EPM-V-550;ASGADR4FJYMVQAPKRHYSP9UDF62B9J;Executed;IBM;01989070;CIS CORPORATE;EMPRESAS PUBLICAS DE MEDELLIN E.S.P;2018/12/20 01:39:37 PM;2030/08/25 12:00:00 AM;2026/01/06 09:26:12 AM;SmartView;CIS CORPORATE;;;160;EMPRESAS PUBLICAS DE MEDELLIN E.S.P;.
EPM-V-551;EPM-V-551;ASGADR4FJYMVQAPKRHYRP9UDF62B8R;Executed;Adobe Inc.;01989080;Desconocido;EMPRESAS PUBLICAS DE MEDELLIN E.S.P;2018/12/20 01:39:39 PM;;2019/01/03 03:06:27 PM;SNMPc Network Manager;Desconocido;8000336807;;1;EMPRESAS PUBLICAS DE MEDELLIN E.S.P;.
EPM-V-552;EPM-V-552;ASGADR4FJYMVQAPKRHZCP9UDFR2C06;Executed;Adobe;01989080;GIT LTDA;EMPRESAS PUBLICAS DE MEDELLIN E.S.P;2018/12/20 01:39:39 PM;2034/03/16 12:00:00 AM;2025/12/19 04:38:35 PM;ACL for Windows;GIT LTDA;1396578;;3;EMPRESAS PUBLICAS DE MEDELLIN E.S.P;.
EPM-V-553;EPM-V-553;ASGADR4FJYMVQAPKRHYOP9UDF22BIY;Executed;Adobe Inc.;01980509;Desconocido;EMPRESAS PUBLICAS DE MEDELLIN E.S.P;2018/12/20 01:39:28 PM;;2019/01/03 03:06:23 PM;SPECTRUN OBEY 2;Desconocido;1341612;;1;EMPRESAS PUBLICAS DE MEDELLIN E.S.P;.
EPM-V-554;EPM-V-554;ASGADR4FJYMVQAPKRHY2P9UDFB2A4O;Executed;Adobe Inc.;01312001;Desconocido;EMPRESAS PUBLICAS DE MEDELLIN E.S.P;2018/12/20 01:39:21 PM;;2019/01/03 03:06:15 PM;Stat tool;Desconocido;1276745;;2;EMPRESAS PUBLICAS DE MEDELLIN E.S.P;.
EPM-V-555;EPM-V-555;ASGADR4FJYMVQAPKRHY3P9UDFB2A6B;Executed;Adobe Inc.;01411032;Desconocido;EMPRESAS PUBLICAS DE MEDELLIN E.S.P;2018/12/20 01:39:26 PM;;2019/01/03 03:06:19 PM;Statgraphics Plus Professional;Desconocido;;;1;EMPRESAS PUBLICAS DE MEDELLIN E.S.P;.
EPM-V-556;EPM-V-556;ASGADR4FJYMVQAPKRHYVP9UDFK2BRW;Executed;Rocscience;01989080;Rocscience;EMPRESAS PUBLICAS DE MEDELLIN E.S.P;2018/12/20 01:39:39 PM;2030/07/23 12:00:00 AM;2025/12/22 02:34:28 PM;Rocscience;Rocscience;;;1;EMPRESAS PUBLICAS DE MEDELLIN E.S.P;.
EPM-V-557;EPM-V-557;ASGADR4FJYMVQAPKRHYMP9UDF12BE4;Executed;SAP;01727170;COOPER;EMPRESAS PUBLICAS DE MEDELLIN E.S.P;2018/12/20 01:39:26 PM;2030/11/22 08:00:00 AM;2026/01/05 02:57:32 PM;Sybase InfoMaker;COOPER;;;1;EMPRESAS PUBLICAS DE MEDELLIN E.S.P;.
EPM-V-558;EPM-V-558;ASGADR4FJYMVQAPKRHY3P9UDFB2A59;Executed;SAP;01300224;COOPER;EMPRESAS PUBLICAS DE MEDELLIN E.S.P;2018/12/20 01:39:21 PM;2030/11/22 08:00:00 AM;2026/01/05 03:17:12 PM;Sybase InfoMaker;COOPER;;;1;EMPRESAS PUBLICAS DE MEDELLIN E.S.P;.
EPM-V-559;EPM-V-559;ASGADR4FJYMVQAPKRHZZP9UDGO2E3X;Executed;SAP;01312030;COOPER;EMPRESAS PUBLICAS DE MEDELLIN E.S.P;2018/12/20 01:39:51 PM;2030/11/22 08:00:00 AM;2026/01/05 02:36:55 PM;Sybase InfoMaker;COOPER;;;1;EMPRESAS PUBLICAS DE MEDELLIN E.S.P;.
EPM-V-560;EPM-V-560;ASGADR4FJYMVQAPKRHY3P9UDFB2A5R;Executed;SAP;01337384;COOPER;EMPRESAS PUBLICAS DE MEDELLIN E.S.P;2018/12/20 01:39:26 PM;2030/11/22 08:00:00 AM;2026/01/05 03:14:02 PM;Sybase InfoMaker;COOPER;;;1;EMPRESAS PUBLICAS DE MEDELLIN E.S.P;.
EPM-V-561;EPM-V-561;ASGADR4FJYMVQAPKRHYKP9UDFI2AZJ;Executed;SAP;01989070;COOPER;EMPRESAS PUBLICAS DE MEDELLIN E.S.P;2018/12/20 01:39:37 PM;2030/11/22 12:00:00 AM;2026/01/06 07:30:54 AM;Sybase InfoMaker;COOPER;;;1;EMPRESAS PUBLICAS DE MEDELLIN E.S.P;.
EPM-V-562;EPM-V-562;ASGADR4FJYMVQAPKRHY1P9UDFA2A29;Executed;SAP;01337384;COOPER;EMPRESAS PUBLICAS DE MEDELLIN E.S.P;2018/12/20 01:39:26 PM;2030/11/22 08:00:00 AM;2026/01/05 03:24:10 PM;Sybase InfoMaker;COOPER;;;1;EMPRESAS PUBLICAS DE MEDELLIN E.S.P;.
EPM-V-563;EPM-V-563;ASGADR4FJYMVQAPKRHYOP9UDF32B02;Executed;SAP;01989080;COOPER;EMPRESAS PUBLICAS DE MEDELLIN E.S.P;2018/12/20 01:39:39 PM;2030/11/22 12:00:00 AM;2026/01/05 03:16:14 PM;Sybase InfoMaker;COOPER;;;1;EMPRESAS PUBLICAS DE MEDELLIN E.S.P;.
EPM-V-564;EPM-V-564;ASGADR4FJYMVQAPKRHYQP9UDF42B4P;Executed;CorelDRAW;01989080;Desconocido;EMPRESAS PUBLICAS DE MEDELLIN E.S.P;2018/12/20 01:39:41 PM;;2019/01/03 03:06:29 PM;System 1 5.05;Desconocido;;;2;EMPRESAS PUBLICAS DE MEDELLIN E.S.P;.
EPM-V-565;EPM-V-565;ASGADR4FJYMVQAPKRHY4P9UDFC2A89;Executed;Desconocido;01312014;Desconocido;EMPRESAS PUBLICAS DE MEDELLIN E.S.P;2018/12/20 01:39:21 PM;;2019/01/03 03:06:16 PM;Tinn R;Desconocido;;;2;EMPRESAS PUBLICAS DE MEDELLIN E.S.P;.
EPM-V-566;EPM-V-566;ASGADR4FJYMVQAPKRHY7P9UDFG2AR8;Executed;TopCon;01337280;Desconocido;EMPRESAS PUBLICAS DE MEDELLIN E.S.P;2018/12/20 01:39:26 PM;2030/03/04 12:00:00 AM;2025/05/12 12:19:01 PM;TopSurv;Desconocido;;;99;EMPRESAS PUBLICAS DE MEDELLIN E.S.P;.
EPM-V-567;EPM-V-567;ASGADR4FJYMVQAPKRHY5P9UDFE2AML;Executed;Adobe Inc.;01312203;Desconocido;EMPRESAS PUBLICAS DE MEDELLIN E.S.P;2018/12/20 01:39:26 PM;;2019/01/03 03:06:17 PM;TurboFTP;Desconocido;;;6;EMPRESAS PUBLICAS DE MEDELLIN E.S.P;.
EPM-V-568;EPM-V-568;ASGADR4FJYMVQAPKRHYQP9UDF42B4I;Executed;ServiSoft S.A.;01989080;Desconocido;EMPRESAS PUBLICAS DE MEDELLIN E.S.P;2018/12/20 01:39:41 PM;;2019/01/03 03:06:28 PM;UltraEdit-32;Desconocido;1292305;;1;EMPRESAS PUBLICAS DE MEDELLIN E.S.P;.
EPM-V-569;EPM-V-569;ASGADR4FJYMVQAPKRHYKP9UDFI2AYX;Executed;Adobe Inc.;01989070;Desconocido;EMPRESAS PUBLICAS DE MEDELLIN E.S.P;2018/12/20 01:39:37 PM;;2019/01/03 03:06:23 PM;Undelete;Desconocido;1027355;;2;EMPRESAS PUBLICAS DE MEDELLIN E.S.P;.
EPM-V-570;EPM-V-570;ASGADR4FJYMVQAPKRHYKP9UDFI2AZD;Executed;Adobe Inc.;01989070;Abits Colombia;EMPRESAS PUBLICAS DE MEDELLIN E.S.P;2018/12/20 01:39:37 PM;2030/12/12 12:00:00 AM;2025/12/22 03:42:10 PM;Undelete;Abits Colombia;1165561;;1;EMPRESAS PUBLICAS DE MEDELLIN E.S.P;.
EPM-V-571;EPM-V-571;ASGADR4FJYMVQAPKRHYKP9UDFI2AYK;Executed;ServiSoft S.A.;01411054;Desconocido;EMPRESAS PUBLICAS DE MEDELLIN E.S.P;2018/12/20 01:39:26 PM;;2019/01/03 03:06:15 PM;VISIONpro v 4.4.1;Desconocido;;;1;EMPRESAS PUBLICAS DE MEDELLIN E.S.P;.
EPM-V-572;EPM-V-572;ASGADR4FJYMVQAPKRHYQP9UDF52B5W;Executed;Desconocido;01980335;Desconocido;EMPRESAS PUBLICAS DE MEDELLIN E.S.P;2018/12/20 01:39:28 PM;;2019/01/03 03:06:17 PM;VKS;Desconocido;;;2;EMPRESAS PUBLICAS DE MEDELLIN E.S.P;.
EPM-V-573;EPM-V-573;ASGADR4FJYMVQAPKRHY4P9UDFC2A8Q;Executed;Adobe Inc.;01312002;Desconocido;EMPRESAS PUBLICAS DE MEDELLIN E.S.P;2018/12/20 01:39:21 PM;;2019/01/03 03:06:15 PM;windPRO;Desconocido;1325192/1325189;;1;EMPRESAS PUBLICAS DE MEDELLIN E.S.P;.
EPM-V-574;EPM-V-574;ASGADR4FJYMVQAPKRHY7P9UDFG2ARA;Executed;ServiSoft S.A.;01337280;ABB;EMPRESAS PUBLICAS DE MEDELLIN E.S.P;2018/12/20 01:39:26 PM;2030/06/24 12:00:00 AM;2025/12/22 03:28:54 PM;WinECP;ABB;;;50;EMPRESAS PUBLICAS DE MEDELLIN E.S.P;.
EPM-V-575;EPM-V-575;ASGADR4FJYMVQAPKRHY6P9UDFF2AP7;Executed;ServiSoft S.A.;01337330;SUMINISTROS Y CONTROLES ELECTRONICOS;EMPRESAS PUBLICAS DE MEDELLIN E.S.P;2018/12/20 01:39:26 PM;2030/09/20 12:00:00 AM;2025/12/22 03:21:48 PM;XCTU;SUMINISTROS Y CONTROLES ELECTRONICOS;;;2;EMPRESAS PUBLICAS DE MEDELLIN E.S.P;.
EPM-V-576;EPM-V-576;ASGADR4FJYMVQAPKRHYSP9UDF62B92;Executed;Sage;01980610;SOXA;EMPRESAS PUBLICAS DE MEDELLIN E.S.P;2018/12/20 01:39:28 PM;2030/07/04 12:00:00 AM;2025/05/12 12:19:01 PM;XRT Universe;SOXA;;;1;EMPRESAS PUBLICAS DE MEDELLIN E.S.P;.
EPM-V-577;EPM-V-577;ASGADR4FJYMVQAPKRHZWP9UDGK2EHA;Executed;Sage;01980631;SOXA;EMPRESAS PUBLICAS DE MEDELLIN E.S.P;2018/12/20 01:39:48 PM;2030/07/04 12:00:00 AM;2025/05/12 12:19:01 PM;XRT Universe;SOXA;;;1;EMPRESAS PUBLICAS DE MEDELLIN E.S.P;.
EPM-V-578;EPM-V-578;ASGADR4FJYMVQAPKRHZ6P9UDGF2DIG;Executed;Sage;01980612;SOXA;EMPRESAS PUBLICAS DE MEDELLIN E.S.P;2018/12/20 01:39:51 PM;2030/07/04 12:00:00 AM;2025/05/12 12:19:01 PM;XRT Universe;SOXA;;;6;EMPRESAS PUBLICAS DE MEDELLIN E.S.P;.
EPM-V-579;EPM-V-579;ASGADR4FJYMVQAPKRHZ9P9UDGI2D49;Executed;Sage;01980612;SOXA;EMPRESAS PUBLICAS DE MEDELLIN E.S.P;2018/12/20 01:39:51 PM;2030/07/04 12:00:00 AM;2025/05/12 12:19:01 PM;XRT Universe;SOXA;;;1;EMPRESAS PUBLICAS DE MEDELLIN E.S.P;.
EPM-V-580;EPM-V-580;ASGADR4FJYMVQAPKRHZZP9UDGN2E26;Executed;Sage;01980631;SOXA;EMPRESAS PUBLICAS DE MEDELLIN E.S.P;2018/12/20 01:39:51 PM;2030/07/04 12:00:00 AM;2025/05/12 12:19:01 PM;XRT Universe;SOXA;;;2;EMPRESAS PUBLICAS DE MEDELLIN E.S.P;.
EPM-V-581;EPM-V-581;ASGADR4FJYMVQAPKRHZAP9UDFP2CFF;Executed;Sage;01989080;SOXA;EMPRESAS PUBLICAS DE MEDELLIN E.S.P;2018/12/20 01:39:39 PM;2030/07/04 12:00:00 AM;2025/05/12 12:19:01 PM;XRT Universe;SOXA;;;4;EMPRESAS PUBLICAS DE MEDELLIN E.S.P;.
EPM-V-582;EPM-V-582;ASGADR4FJYMVQAPKRHYUP9UDF92BPQ;Executed;Sage;01989070;SOXA;EMPRESAS PUBLICAS DE MEDELLIN E.S.P;2018/12/20 01:39:37 PM;2030/07/04 12:00:00 AM;2025/05/12 12:19:01 PM;XRT Universe;SOXA;;;1;EMPRESAS PUBLICAS DE MEDELLIN E.S.P;.
EPM-V-583;EPM-V-583;ASGADR4FJYMVQAPKRIABP9UDGQ2E7W;Executed;Open Text Corporation;Unallocated;Desconocido;EMPRESAS PUBLICAS DE MEDELLIN E.S.P;2018/12/20 01:39:50 PM;;2019/01/03 03:06:34 PM;Datacard ID Works Standard;Desconocido;;;99;EMPRESAS PUBLICAS DE MEDELLIN E.S.P;.
EPM-V-584;EPM-V-584;ASGADR4FJYMVQAPKRHZ7P9UDGG2D07;Executed;ServiSoft S.A.;Unallocated;POTENCIA Y TECNOLOGIAS INCORPORADAS S.A.;EMPRESAS PUBLICAS DE MEDELLIN E.S.P;2018/12/20 01:39:49 PM;2030/01/01 12:00:00 AM;2026/01/06 09:21:12 AM;Dran-View 6;POTENCIA Y TECNOLOGIAS INCORPORADAS S.A.;;;99;EMPRESAS PUBLICAS DE MEDELLIN E.S.P;.
EPM-V-585;EPM-V-585;ASGADR4FJYMVQAPKRHZUP9UDG92EEB;Executed;Adobe Inc.;Unallocated;ITRON COMPAÑIA CHILENA DE MEDICION;EMPRESAS PUBLICAS DE MEDELLIN E.S.P;2018/12/20 02:18:22 PM;;2019/01/03 03:06:33 PM;MV-90 xi Client;ITRON COMPAÑIA CHILENA DE MEDICION;;;99;EMPRESAS PUBLICAS DE MEDELLIN E.S.P;.
EPM-V-586;EPM-V-586;ASGADR4FJYMVQAPKRHZ2P9UDGB2DAC;Executed;CSI;Unallocated;MICRODYNE S.A.S.;EMPRESAS PUBLICAS DE MEDELLIN E.S.P;2018/12/20 01:39:50 PM;2030/01/01 12:00:00 AM;2025/05/12 12:19:01 PM;SAP2000;MICRODYNE S.A.S.;;;99;EMPRESAS PUBLICAS DE MEDELLIN E.S.P;.
EPM-V-587;EPM-V-587;ASGADR4FJYMVQAPKRHZ2P9UDGB2DAR;Executed;TopCon;Unallocated;Geosystem Ing. Ltda;EMPRESAS PUBLICAS DE MEDELLIN E.S.P;2018/12/20 01:39:50 PM;2030/01/01 12:00:00 AM;2025/05/12 12:19:01 PM;TopconTools;Geosystem Ing. Ltda;;;99;EMPRESAS PUBLICAS DE MEDELLIN E.S.P;.
EPM-V-588;EPM-V-588;ASGADR4FJYMVQAPKRHZVP9UDGK2EFU;Executed;Adobe Inc.;Unallocated;Desconocido;EMPRESAS PUBLICAS DE MEDELLIN E.S.P;2018/12/20 01:39:48 PM;;2019/01/03 03:06:34 PM;Novasoft Enterprise;Desconocido;;;83;EMPRESAS PUBLICAS DE MEDELLIN E.S.P;.
EPM-V-589;EPM-V-589;ASGADR4FJYMVQAPKRHZTP9UDG82EDA;Executed;CorelDRAW;Unallocated;SERVIDUAL;EMPRESAS PUBLICAS DE MEDELLIN E.S.P;2018/12/20 01:39:48 PM;2030/10/11 12:00:00 AM;2026/01/05 03:17:55 PM;FactoryTalk View;SERVIDUAL;;;1;EMPRESAS PUBLICAS DE MEDELLIN E.S.P;.
FE-2024-1267;FE-2024-1267-001;ASGFDRPTABN5IASVURC5SVURC5NHQR;Executed;SOFTWARE SHOP;Unallocated;REDCOMPUTO LIMITADA;FUNDACION EPM;2025/05/06 01:24:19 PM;2036/04/30 12:00:00 AM;2025/05/13 07:17:26 AM;Filmora;REDCOMPUTO LIMITADA;003-2025-23001609;30016-W0DE3-S2B1C-I755B-D2E73;1;FUNDACION EPM;.
NA-2010-01;NA-2010-01-001;ASGAWGX7AQANSAS4NVW3S4NVW3IHQF;Executed;Fluidis;01411054;FLUIDIS SERVICIOS ASOCIADOS SAS;EMPRESAS PUBLICAS DE MEDELLIN E.S.P;2024/06/06 08:54:06 AM;2036/01/01 12:00:00 AM;2025/05/12 12:19:01 PM;Radwin;FLUIDIS SERVICIOS ASOCIADOS SAS;;;1;EMPRESAS PUBLICAS DE MEDELLIN E.S.P;.
N/A-2010-1431887;N/A-2010-1431887-001;ASGADR4FJYMVQAQQ9HLAQPKKJT7EI2;Executed;Fine Software;01980279;ICC COLOMBIA SAS;EMPRESAS PUBLICAS DE MEDELLIN E.S.P;2021/03/25 10:44:20 AM;2035/10/01 12:00:00 AM;2025/05/12 12:19:01 PM;GEOSTUDIO;ICC COLOMBIA SAS;1431887;;2;EMPRESAS PUBLICAS DE MEDELLIN E.S.P;.
NA-2013-013;NA-2013-013-001;ASGDHYZBINM6HAQZWIUGQYXJ55QZJY;Executed;PDMA;01411056;Ultrasound Distribuidora SAS;EMPRESAS PUBLICAS DE MEDELLIN E.S.P;2021/09/23 10:40:56 AM;2035/03/27 12:00:00 AM;2025/05/12 12:19:01 PM;MCE GOLD;Ultrasound Distribuidora SAS;N/A;;1;EMPRESAS PUBLICAS DE MEDELLIN E.S.P;.
NA-2013-1697521;NA-2013-1697521-001;ASGA9TAFB7LH4AQWLKI2QVMP8KFVTP;Executed;URIGO;01411054;URIGO;EMPRESAS PUBLICAS DE MEDELLIN E.S.P;2021/07/21 08:33:55 AM;2035/07/02 12:00:00 AM;2025/05/12 12:19:01 PM;BWFleetManager;URIGO;;;1;EMPRESAS PUBLICAS DE MEDELLIN E.S.P;.
N/A-2015-01;N/A-2015-01-001;ASGA9TAFB7LH4AQPPRZAQORFL173K3;Executed;Oracle;01989074;ORACLE COLOMBIA LTDA.;EMPRESAS PUBLICAS DE MEDELLIN E.S.P;2021/03/09 01:16:10 PM;2035/08/01 12:00:00 AM;2025/05/12 12:19:01 PM;Oracle Hyperion Disclosure  Management;ORACLE COLOMBIA LTDA.;;;2;EMPRESAS PUBLICAS DE MEDELLIN E.S.P;.
NA-2016-01;NA-2016-01-001;ASGCWMRSI3E4RARL7ZCKRL7ZCKDS15;Executed;TRESD Systems;01980294;ARON S.A.S;EMPRESAS PUBLICAS DE MEDELLIN E.S.P;2022/11/17 10:03:20 AM;2035/01/01 12:00:00 AM;2025/05/12 12:19:01 PM;Geomagic Control X;ARON S.A.S;;;1;EMPRESAS PUBLICAS DE MEDELLIN E.S.P;.
NA-2016-02;NA-2016-02-001;ASGGALYYHYKWBARL8A4VRL8A4VU186;Executed;TRESD Systems;01980294;ARON S.A.S;EMPRESAS PUBLICAS DE MEDELLIN E.S.P;2022/11/17 10:32:04 AM;2035/01/01 12:00:00 AM;2025/05/12 12:19:01 PM;Geomagic Design X;ARON S.A.S;;;1;EMPRESAS PUBLICAS DE MEDELLIN E.S.P;.
NA-2016-03;NA-2016-03-001;ASGAWGX7AQANSASKJUU1SKJUU146WP;Executed;Panduit;01980282;Panduit;EMPRESAS PUBLICAS DE MEDELLIN E.S.P;2024/09/23 10:27:16 AM;2036/01/01 12:00:00 AM;2025/05/12 12:19:01 PM;Easy-Mark Plus;Panduit;;;999;EMPRESAS PUBLICAS DE MEDELLIN E.S.P;.
NA-2017-0001;NA-2017-0001-001;ASGADR4FJYMVQAPKRHZZP9UDGO2E45;Executed;Adobe Inc.;Unallocated;Banco de bogota;EMPRESAS PUBLICAS DE MEDELLIN E.S.P;2018/12/20 01:39:51 PM;;2025/11/10 05:45:11 PM;CuteFTP;Banco de bogota;;;1;EMPRESAS PUBLICAS DE MEDELLIN E.S.P;.
NA-2017-0001;NA-2017-0001-002;ASGADR4FJYMVQAPKRHZWP9UDGK2EGU;Executed;SAP;Unallocated;UNION ELECTRICA S.A;EMPRESAS PUBLICAS DE MEDELLIN E.S.P;2018/12/20 01:39:48 PM;;2019/01/03 03:06:36 PM;Nextiva Control Center;UNION ELECTRICA S.A;;;99;EMPRESAS PUBLICAS DE MEDELLIN E.S.P;.
NA-2017-0001;NA-2017-0001-003;ASGADR4FJYMVQAPKRHZ5P9UDGD2DFD;Executed;Desconocido;Unallocated;IG SERVICES S.A.S;EMPRESAS PUBLICAS DE MEDELLIN E.S.P;2018/12/20 01:39:51 PM;;2019/01/03 03:06:35 PM;Mediant Virtual Edition (VE) Session Border Controller (SBC);IG SERVICES S.A.S;;;75;EMPRESAS PUBLICAS DE MEDELLIN E.S.P;.
NA-2017-0002;NA-2017-0002-001;ASGHR8X2FV5OMAR5BFQZR5BFQZRBOI;Executed;Capstone;01727194;Supernova Energy Services SAS;EMPRESAS PUBLICAS DE MEDELLIN E.S.P;2022/07/14 04:46:28 PM;2035/01/01 12:00:00 AM;2025/05/12 12:19:01 PM;Capstone Remote Monitoring;Supernova Energy Services SAS;;;1;EMPRESAS PUBLICAS DE MEDELLIN E.S.P;.
NA-2017-1226;NA-2017-1226;ASGADR4FJYMVQAPKRHZWP9UDGL2EHZ;Executed;Adobe Inc.;Unallocated;Desconocido;EMPRESAS PUBLICAS DE MEDELLIN E.S.P;2018/12/20 01:39:50 PM;;2019/01/03 03:17:45 PM;Adobe Creative Suite 5.5 Web Premium;Desconocido;;;6;EMPRESAS PUBLICAS DE MEDELLIN E.S.P;.
NA-2017-2311531;NA-2017-2311531-001;ASGADR4FJYMVQAPKRHZBP9UDFP2CGY;Executed;Adobe Inc.;Unallocated;KEY MARKET S.A.;EMPRESAS PUBLICAS DE MEDELLIN E.S.P;2018/12/20 02:35:10 PM;;2019/01/03 03:06:32 PM;Adobe Captivate 10;KEY MARKET S.A.;OR 2311531;;5;EMPRESAS PUBLICAS DE MEDELLIN E.S.P;.
NA-2017-2331090;NA-2017-2331090-001;ASGADR4FJYMVQAPKRHZ4P9UDGC2DD1;Executed;Adobe Inc.;Unallocated;KEY MARKET S.A.;EMPRESAS PUBLICAS DE MEDELLIN E.S.P;2018/12/20 02:18:22 PM;;2019/01/03 03:17:46 PM;Adobe Creative Cloud;KEY MARKET S.A.;2331090;;1;EMPRESAS PUBLICAS DE MEDELLIN E.S.P;.
NA-2018-0001;NA-2018-0001-001;ASGADR4FJYMVQAPKRHZEP9UDFT2C58;Executed;Adobe Inc.;Unallocated;NATIONAL INSTRUMENTS;EMPRESAS PUBLICAS DE MEDELLIN E.S.P;2018/12/20 02:18:20 PM;;2019/01/03 03:06:33 PM;LabVIEW 2017;NATIONAL INSTRUMENTS;;;1;EMPRESAS PUBLICAS DE MEDELLIN E.S.P;.
NA-2018-0001;NA-2018-0001-002;ASGADR4FJYMVQAPKRHZKP9UDGJ2D60;Historical;Desconocido;Unallocated;ZERA GMBH;EMPRESAS PUBLICAS DE MEDELLIN E.S.P;2018/12/20 02:18:20 PM;2019/02/01 12:00:00 AM;2026/02/16 05:15:16 AM;Veritas System Recovery;ZERA GMBH;;;1;EMPRESAS PUBLICAS DE MEDELLIN E.S.P;.
NA-2018-0001;NA-2018-0001-003;ASGADR4FJYMVQAPKRIAAP9UDGO2E4Y;Executed;Inteligente Security Systems;Unallocated;FUREL S.A.;EMPRESAS PUBLICAS DE MEDELLIN E.S.P;2018/12/20 02:18:20 PM;2030/01/01 12:00:00 AM;2025/05/12 12:19:01 PM;SecurOS Professional;FUREL S.A.;;;2;EMPRESAS PUBLICAS DE MEDELLIN E.S.P;.
NA-2018-0001;NA-2018-0001-004;ASGADR4FJYMVQAPKRHZZP9UDGO2E39;Executed;CorelDRAW;Unallocated;MICRODYNE S.A.S.;EMPRESAS PUBLICAS DE MEDELLIN E.S.P;2018/12/20 02:18:20 PM;2035/02/26 12:00:00 AM;2024/02/26 08:57:15 AM;Rhinoceros;MICRODYNE S.A.S.;2378134;;1;EMPRESAS PUBLICAS DE MEDELLIN E.S.P;.
NA-2018-0001;NA-2018-0001-005;ASGADR4FJYMVQAPKRHZ7P9UDGG2DJS;Executed;Adobe Inc.;Unallocated;MINDJET;EMPRESAS PUBLICAS DE MEDELLIN E.S.P;2018/12/20 02:18:20 PM;;2019/01/03 03:06:34 PM;MindManager 2017;MINDJET;;;1;EMPRESAS PUBLICAS DE MEDELLIN E.S.P;.
NA-2018-1422512;NA-2018-1422512-001;ASGADR4FJYMVQAPKRHZ7P9UDGF2DJC;Executed;GEOSLOPE;01312014;ICC COLOMBIA SAS;EMPRESAS PUBLICAS DE MEDELLIN E.S.P;2018/12/20 02:18:22 PM;2030/01/01 12:00:00 PM;2025/05/12 12:19:01 PM;Geostudio 2018;ICC COLOMBIA SAS;1422512;;1;EMPRESAS PUBLICAS DE MEDELLIN E.S.P;.
NA-2018-2341634;NA-2018-2341634-001;ASGADR4FJYMVQAPKBUYCP9EQLVVCF9;Historical;Desconocido;Unallocated;Desconocido;EMPRESAS PUBLICAS DE MEDELLIN E.S.P;2018/12/20 02:18:20 PM;2018/12/31 12:00:00 PM;2026/02/16 05:15:16 AM;SiEva;Desconocido;2341634;;9999;EMPRESAS PUBLICAS DE MEDELLIN E.S.P;.
NA-2018-2401793_;NA-2018-2401793-001;ASGADR4FJYMVQAPKRHZ8P9UDGH2D26;Historical;Desconocido;Unallocated;INFORMESE S.A.S;EMPRESAS PUBLICAS DE MEDELLIN E.S.P;2018/12/20 02:18:22 PM;;2026/02/16 05:15:18 AM;IBM SPSS Modeler;INFORMESE S.A.S;2401793;;9999;EMPRESAS PUBLICAS DE MEDELLIN E.S.P;.
NA-2018-2407123;NA-2018-2407123-001;ASGADR4FJYMVQAPKRHZVP9UDGK2EG3;Executed;ServiSoft S.A.;Unallocated;PROCYTEC DE COLOMBIA S.A.S.;EMPRESAS PUBLICAS DE MEDELLIN E.S.P;2018/12/20 02:18:20 PM;;2019/01/03 03:06:31 PM;ZaraStudio;PROCYTEC DE COLOMBIA S.A.S.;2407123;;1;EMPRESAS PUBLICAS DE MEDELLIN E.S.P;.
NA-2018-38443;NA-2018-38443-001;ASGA9TAFB7LH4AQ92611Q84C0CMIWF;Historical;Schneider Electric;01989073;Desconocido;EMPRESAS PUBLICAS DE MEDELLIN E.S.P;2020/11/05 05:15:31 PM;2021/11/23 12:00:00 AM;2026/02/16 05:15:36 AM;Calidad de la Potencia SPM8 Cliente;Desconocido;;;8;;.
NA-2019-1432288;NA-2019-1432288-001;ASGADR4FJYMVQAPNYFORPNAWJ0PG6U;Historical;UiPath;01989075;Desconocido;EMPRESAS PUBLICAS DE MEDELLIN E.S.P;2019/03/06 08:38:45 AM;2024/03/04 12:00:00 AM;2026/02/16 05:15:33 AM;Uipath Robot;Desconocido;;;5;EMPRESAS PUBLICAS DE MEDELLIN E.S.P;.
NA-2019-1432288;NA-2019-1432288-002;ASGA9TAFB7LH4APNY06YPNBBB8AO5B;Historical;UiPath;01989075;UiPath SRL;EMPRESAS PUBLICAS DE MEDELLIN E.S.P;2019/03/06 10:21:08 AM;2024/03/04 12:00:00 AM;2026/02/16 05:15:33 AM;Uipath Orchestrator;UiPath SRL;;;2;EMPRESAS PUBLICAS DE MEDELLIN E.S.P;.
NA-2019-1440545;NA-2019-1440545-001;ASGA9TAFB7LH4APX1UQWPW4J0I5239;Executed;Adobe Inc.;Unallocated;MICROCAD LTDA.;EMPRESAS PUBLICAS DE MEDELLIN E.S.P;2019/09/04 05:10:39 PM;;2025/05/12 12:19:01 PM;Adobe Acrobat Professional 2017;MICROCAD LTDA.;;;2;EMPRESAS PUBLICAS DE MEDELLIN E.S.P;.
NA-2019-2458916;NA-2019-2458916-001;ASGFDND9B5J2CARQEZVARQEZVAPU9Q;Executed;Pix4D SA;01300222;Galileo Instruments;EMPRESAS PUBLICAS DE MEDELLIN E.S.P;2023/02/15 02:43:04 PM;2036/06/14 12:00:00 AM;2025/05/12 12:19:01 PM;Pix4Dmapper;Galileo Instruments;OC2458916;;1;EMPRESAS PUBLICAS DE MEDELLIN E.S.P;.
NA-2019-651443;NA-2019-651443-001;ASGADR4FJYMVQAQGO3P9QFQ6E6H43L;Historical;Desconocido;Unallocated;Desconocido;EMPRESAS PUBLICAS DE MEDELLIN E.S.P;2020/03/04 10:31:17 AM;2021/05/25 12:00:00 AM;2026/02/16 05:15:36 AM;PVsyst 6.86;Desconocido;;;1;EMPRESAS PUBLICAS DE MEDELLIN E.S.P;.
NA-2019-659166;NA-2019-659166-001;ASGA9TAFB7LH4AQCDV6NQBGDOKYXSQ;Historical;Desconocido;Unallocated;Desconocido;EMPRESAS PUBLICAS DE MEDELLIN E.S.P;2019/12/06 02:40:29 PM;2021/05/25 12:00:00 AM;2026/02/16 05:15:33 AM;PVsyst;Desconocido;;;1;EMPRESAS PUBLICAS DE MEDELLIN E.S.P;.
NA-2019-659166;NA-2019-659166-002;ASGADR4FJYMVQAQCRNDBQBTUKY9COM;Historical;Desconocido;Unallocated;Desconocido;EMPRESAS PUBLICAS DE MEDELLIN E.S.P;2019/12/19 10:38:11 AM;2021/05/25 12:00:00 AM;2026/02/16 05:15:33 AM;PVsyst;Desconocido;;;;EMPRESAS PUBLICAS DE MEDELLIN E.S.P;.
NA-2019-70539;NA-2019-70539-001;ASGA9TAFB7LH4AQQGBH9QPH43A4PLY;Executed;Desconocido;Unallocated;Desconocido;ESSA S.A. E.S.P.;2021/03/18 07:56:47 AM;2030/12/12 12:00:00 AM;2025/05/12 12:19:01 PM;SONUS VUE PRO;Desconocido;70539;;5;EMPRESAS PUBLICAS DE MEDELLIN E.S.P;.
NA-2020-00674923;NA-2020-00674923-001;ASGADR4FJYMVQAQGMYORQFPBDOEGTE;Executed;Ventana system;01980606;Asistencie tecnica Corporativa SL (ATC-Innova);EMPRESAS PUBLICAS DE MEDELLIN E.S.P;2020/03/03 04:11:10 PM;2030/01/21 12:00:00 AM;2025/05/12 12:19:01 PM;VensimPRO 8.0.9;Asistencie tecnica Corporativa SL (ATC-Innova);;;1;EMPRESAS PUBLICAS DE MEDELLIN E.S.P;.
N/A-2020-12573;N/A-2020-12573-001;ASGA9TAFB7LH4AQ9LGVSQ8MS98ZE82;Executed;Microsoft Corporation;09417100;Desconocido;AGUAS REGIONALES EPM S.A E.S.P.;2020/11/10 10:28:23 AM;2030/08/26 12:00:00 AM;2025/05/12 12:19:01 PM;Project Pro 2019;Desconocido;;;1;AGUAS REGIONALES EPM S.A E.S.P.;.
N/A-2020-1447578;N/A-2020-1447578-001;ASGA9TAFB7LH4AQ1RK4BQ0T6EOK590;Historical;ADOBE SYSTEMS INCORPORATED;01980335;ADOBE SYSTEMS INCORPORATED;EMPRESAS PUBLICAS DE MEDELLIN E.S.P;2020/06/11 08:36:33 AM;2021/03/09 12:00:00 AM;2026/02/16 05:15:36 AM;Adobe Audition CS6;ADOBE SYSTEMS INCORPORATED;;;1;EMPRESAS PUBLICAS DE MEDELLIN E.S.P;.
N/A-2020-1449362;N/A-2020-1449362-001;ASGADR4FJYMVQAQ25MG2Q178ICFY6E;Historical;Adobe;Unallocated;JV ELECTRONICS;EMPRESAS PUBLICAS DE MEDELLIN E.S.P;2020/06/24 08:17:17 AM;2021/05/07 12:00:00 AM;2026/02/16 05:15:36 AM;Adobe Acrobat Pro DC;JV ELECTRONICS;;;1;EMPRESAS PUBLICAS DE MEDELLIN E.S.P;.
N/A-2020-1449745;N/A-2020-1449745-001;ASGA9TAFB7LH4AQ9NK8IQ8PFZWZ4AV;Historical;QMS;01989070;SOFTWARE SHOP;EMPRESAS PUBLICAS DE MEDELLIN E.S.P;2020/11/11 05:17:53 PM;2021/05/26 12:00:00 AM;2026/02/16 05:15:36 AM;Eviews 11;SOFTWARE SHOP;;;1;EMPRESAS PUBLICAS DE MEDELLIN E.S.P;.
N/A-2020-1451693;N/A-2020-1451693-001;ASGADR4FJYMVQAQ8VC33Q7WPHHLKY4;Executed;ISOGRAPH;01980160;IG GROUP SAS;EMPRESAS PUBLICAS DE MEDELLIN E.S.P;2020/10/27 07:59:29 AM;2030/08/28 12:00:00 AM;2025/05/12 12:19:01 PM;Availability Workbench;IG GROUP SAS;;;1;EMPRESAS PUBLICAS DE MEDELLIN E.S.P;.
N/A-2020-1451693;N/A-2020-1451693-002;ASGADR4FJYMVQAQ8VDBNQ7WPV7LORF;Historical;ISOGRAPH;01980160;Desconocido;EMPRESAS PUBLICAS DE MEDELLIN E.S.P;2020/10/27 08:17:41 AM;2020/12/31 12:00:00 AM;2026/02/16 05:15:36 AM;Availability Workbench;Desconocido;;;1;EMPRESAS PUBLICAS DE MEDELLIN E.S.P;.
N/A-2020-2521549;N/A-2020-2521549-001;ASGADR4FJYMVQAQ6FIVFQ5GZA143AR;Executed;IFM;01411056;IFM;EMPRESAS PUBLICAS DE MEDELLIN E.S.P;2020/09/04 12:11:23 PM;2037/07/10 12:00:00 AM;2025/05/12 12:19:01 PM;VES004;IFM;;;1;EMPRESAS PUBLICAS DE MEDELLIN E.S.P;.
N/A-2020-2523324;N/A-2020-2523324-001;ASGADR4FJYMVQAQ28D9YQ19Y100ZTW;Executed;Adash;01727197;A-MAQ;EMPRESAS PUBLICAS DE MEDELLIN E.S.P;2020/06/25 04:31:38 PM;2035/04/02 12:00:00 AM;2025/10/08 11:20:34 AM;DDS ADASH;A-MAQ;;;1;EMPRESAS PUBLICAS DE MEDELLIN E.S.P;.
NA-2020-258515;NA-2020-258515-001;ASGA9TAFB7LH4AQTEILCQSF9116TA2;Historical;Desconocido;01980426;Globaltek Security SAS;EMPRESAS PUBLICAS DE MEDELLIN E.S.P;2021/05/14 04:21:08 PM;2021/10/01 12:00:00 AM;2026/02/16 05:15:39 AM;InsightVM y Metasploit Pro;Globaltek Security SAS;;;3;EMPRESAS PUBLICAS DE MEDELLIN E.S.P;.
NA-2020-697530;NA-2020-697530-001;ASGADR4FJYMVQAQV9G1HQUK3RUWQMN;Executed;Adarsus;Unallocated;Adarsus Technologies S.L.;EMPRESAS PUBLICAS DE MEDELLIN E.S.P;2021/06/30 03:03:40 PM;2036/07/01 12:00:00 AM;2025/05/12 12:19:01 PM;"MetaClean Sync – Enterprise
Edtiion";Adarsus Technologies S.L.;SP 697530;;3;EMPRESAS PUBLICAS DE MEDELLIN E.S.P;.
NA-2021-01;NA-2021-001;ASGADR4FJYMVQAQOCCZPQND8VKPR47;Executed;Notifire;01312013;Tecno Fuego;EMPRESAS PUBLICAS DE MEDELLIN E.S.P;2021/02/05 07:38:11 AM;2030/01/28 12:00:00 AM;2025/05/12 12:19:01 PM;Verifiretools;Tecno Fuego;;;1;EMPRESAS PUBLICAS DE MEDELLIN E.S.P;.
NA-2021-02;NA-2021-02-001;ASGADR4FJYMVQAQQ958XQPKSHR92IF;Historical;Desconocido;01980294;Desconocido;EMPRESAS PUBLICAS DE MEDELLIN E.S.P;2021/03/25 01:34:29 PM;2022/02/24 12:00:00 AM;2026/02/16 05:15:39 AM;Meterview;Desconocido;;;1;EMPRESAS PUBLICAS DE MEDELLIN E.S.P;.
NA-2021-03;NA-2021-03-001;ASGA9TAFB7LH4AQTEDW4QSF4MN5OB9;Executed;Hytera;01989082;"INSITEL S.A.
INSITEL S.A.";EMPRESAS PUBLICAS DE MEDELLIN E.S.P;2021/05/14 02:41:05 PM;2030/05/05 12:00:00 AM;2025/05/12 12:19:01 PM;CPS HYTERA;"INSITEL S.A.
INSITEL S.A.";;D78V90009506iM2iMC00;1;EMPRESAS PUBLICAS DE MEDELLIN E.S.P;.
NA-2021-04;NA-2021-04-001;ASGA9TAFB7LH4AQVC5U7QUDN1FAUYJ;Executed;Desarrollo a la medida de IG;01989074;IG GROUP SAS;EMPRESAS PUBLICAS DE MEDELLIN E.S.P;2021/06/21 02:10:05 PM;2035/05/24 12:00:00 AM;2025/05/12 12:19:01 PM;Convertidor;IG GROUP SAS;;;1;EMPRESAS PUBLICAS DE MEDELLIN E.S.P;.
NA-2021-05;NA-2021-05-001;ASGD4FKDJ6N5EARDGSPSRCHQZA7KS2;Executed;Capstone;01727197;Capstone;EMPRESAS PUBLICAS DE MEDELLIN E.S.P;2021/11/26 11:07:24 AM;2035/06/11 12:00:00 AM;2025/05/12 12:19:01 PM;Nport CAPSTONE;Capstone;;;1;EMPRESAS PUBLICAS DE MEDELLIN E.S.P;.
NA-2021-1161;NA-2021-1161-001;ASGBNJ2CGVBTVARQE4UXRQE4UXL4PU;Historical;Adobe;Unallocated;UNIPLES S.A.;FUNDACION EPM;2023/02/15 07:07:12 AM;2023/04/03 12:00:00 AM;2026/02/16 05:15:45 AM;Adobe Captivate;UNIPLES S.A.;23000843;;1;FUNDACION EPM;.
NA-2021-1440168;NA-2021-1440168-001;ASGH0BWCA5K76AQZCW66QYDYE1KC5H;Executed;Cellebrite;01989000;Internet Solutions SAS;EMPRESAS PUBLICAS DE MEDELLIN E.S.P;2021/09/07 02:23:04 PM;2035/07/13 12:00:00 AM;2025/05/12 12:19:01 PM;4PC ULTIMATE;Internet Solutions SAS;1440168;;1;EMPRESAS PUBLICAS DE MEDELLIN E.S.P;.
NA-2021-1440168;NA-2021-1440168-002;ASGH0BWCA5K76AQZCWO2QYDY2IKE1O;Executed;OpenText;01989000;Internet Solutions SAS;EMPRESAS PUBLICAS DE MEDELLIN E.S.P;2021/09/07 02:28:01 PM;2035/07/13 12:00:00 AM;2025/05/12 12:19:01 PM;Encase Forensic;Internet Solutions SAS;1440168;;1;EMPRESAS PUBLICAS DE MEDELLIN E.S.P;.
NA-2021-1440168;NA-2021-1440168-003;ASGB2ODGC3Z6HAQZCWSWQYDY6SOQY0;Executed;AccessData;01989000;Internet Solutions SAS;EMPRESAS PUBLICAS DE MEDELLIN E.S.P;2021/09/07 02:30:29 PM;2035/07/13 12:00:00 AM;2025/05/12 12:19:01 PM;FTK Forensic;Internet Solutions SAS;1440168;;1;EMPRESAS PUBLICAS DE MEDELLIN E.S.P;.
NA-2021-1457294;NA-2021-1457294-001;ASGI93LSJVO46AQZ3NPBQY4P2W5896;Executed;SDT;01411056;Ultrasound Distribuidora SAS;EMPRESAS PUBLICAS DE MEDELLIN E.S.P;2021/09/13 09:47:50 AM;2030/03/13 12:00:00 AM;2025/05/12 12:19:01 PM;Ultranalysis Suite 3;Ultrasound Distribuidora SAS;1457294;;4;EMPRESAS PUBLICAS DE MEDELLIN E.S.P;.
NA-2021-145928;NA-2021-145928-001;ASGADR4FJYMVQAQVC4KTQUDMB6O6YD;Historical;QMS;01989070;SOFTWARE SHOP;EMPRESAS PUBLICAS DE MEDELLIN E.S.P;2021/06/21 01:42:47 PM;2022/05/28 12:00:00 AM;2026/02/16 05:15:39 AM;E-VIEWS 11;SOFTWARE SHOP;;;1;EMPRESAS PUBLICAS DE MEDELLIN E.S.P;.
NA-2021-1459959;NA-2021-1459959-001;ASGA9TAFB7LH4AQVC3PWQUDLGKA2Y4;Historical;Desconocido;01312014;Desconocido;EMPRESAS PUBLICAS DE MEDELLIN E.S.P;2021/06/21 01:25:18 PM;2022/05/26 12:00:00 AM;2026/02/16 05:15:39 AM;MATLAB con los módulos Image Processing Toolbox y Mapping ToolBox;Desconocido;;;1;EMPRESAS PUBLICAS DE MEDELLIN E.S.P;.
NA-2021-1462910;NA-2021-1462910-001;ASGI93LSJVO46AQZ3R5TQY4TDO6GVJ;Historical;Desconocido;01989070;COMPONENTES ELECTRONICAS LTDA;EMPRESAS PUBLICAS DE MEDELLIN E.S.P;2021/09/13 11:08:38 AM;2022/08/18 12:00:00 AM;2026/02/16 05:15:41 AM;Modulo Statistics and Machine Learning Toolbox del software MATLAB;COMPONENTES ELECTRONICAS LTDA;;;1;EMPRESAS PUBLICAS DE MEDELLIN E.S.P;.
NA-2021-1467252;NA-2021-1467252-001;ASGJ703QEG4O9AREZ40EREAIQJTIAA;Historical;Miro;01980335;MICRODYNE S.A.S.;EMPRESAS PUBLICAS DE MEDELLIN E.S.P;2021/12/31 08:19:34 AM;2022/12/15 12:00:00 AM;2026/02/16 05:15:41 AM;Plataforma MIRO;MICRODYNE S.A.S.;;;12;EMPRESAS PUBLICAS DE MEDELLIN E.S.P;.
NA-2021-2561205;NA-2021-2561205-001;ASGA9TAFB7LH4AQTEJKNQSFK0W7CPR;Executed;TASI GROUP;01980294;INLINE FLUID SYSTEMS S.A.S;EMPRESAS PUBLICAS DE MEDELLIN E.S.P;2021/05/14 04:42:52 PM;2030/04/30 12:00:00 AM;2025/05/12 12:19:01 PM;TRICOR;INLINE FLUID SYSTEMS S.A.S;;;1;EMPRESAS PUBLICAS DE MEDELLIN E.S.P;.
NA-2021-2603043;NA-2021-2603043-001;ASGB2ODGC3Z6HAQZ3QM5QY4S01KPR7;Executed;Harris;01989080;ESRI COLOMBIA S.A.S.;EMPRESAS PUBLICAS DE MEDELLIN E.S.P;2021/09/13 10:50:46 AM;2035/10/07 12:00:00 AM;2025/05/12 12:19:01 PM;IDL;ESRI COLOMBIA S.A.S.;2603043;;2;EMPRESAS PUBLICAS DE MEDELLIN E.S.P;.
NA-2021-2634322;NA-2021-2634322-001;ASGG8DGIDZG4UARFY8KZREZ1RPKKVD;Historical;Rapid7;01980426;GRUPO MICROSISTEMAS COLOMBIA SAS;EMPRESAS PUBLICAS DE MEDELLIN E.S.P;2022/01/19 07:29:54 AM;2022/10/01 12:00:00 AM;2026/02/16 05:15:43 AM;InsightVM;GRUPO MICROSISTEMAS COLOMBIA SAS;;;3;EMPRESAS PUBLICAS DE MEDELLIN E.S.P;.
NA-2021-2634322;NA-2021-2634322-002;ASGDBP1IIN2UDARFY9TRREZ3A7KKDO;Historical;Rapid7;01980426;GRUPO MICROSISTEMAS COLOMBIA SAS;EMPRESAS PUBLICAS DE MEDELLIN E.S.P;2022/01/19 07:58:32 AM;2022/10/01 12:00:00 AM;2026/02/16 05:15:43 AM;Metasploit Pro;GRUPO MICROSISTEMAS COLOMBIA SAS;;;1;EMPRESAS PUBLICAS DE MEDELLIN E.S.P;.
NA-2021-2639193;NA-2021-2639193-001;ASGHLRYUBNEYMARQE8T8RQE8T8LX93;Historical;Oxytech SRL;01337330;Oxytech SRL;EMPRESAS PUBLICAS DE MEDELLIN E.S.P;2023/02/15 08:31:18 AM;2024/12/16 12:00:00 AM;2026/02/16 05:15:46 AM;Litestar Pro;Oxytech SRL;2639193;;1;EMPRESAS PUBLICAS DE MEDELLIN E.S.P;.
NA-2021-732546;NA-2021-732546-001;ASGA9TAFB7LH4AQTDVTSQSFGKA4FS8;Historical;Desconocido;01312060;Desconocido;EMPRESAS PUBLICAS DE MEDELLIN E.S.P;2021/05/14 11:47:55 AM;2022/04/09 12:00:00 AM;2026/02/16 05:15:39 AM;PVsyst 7.1.8;Desconocido;;;6;EMPRESAS PUBLICAS DE MEDELLIN E.S.P;.
NA-2022-01;NA-2022-01-001;ASGAJOIFD0FXYARIIAQYRHITXNGZ1K;Historical;EMSI TECHNOLOGIES COLOMBIA SAS;01980143;EMSI TECHNOLOGIES COLOMBIA SAS;EMPRESAS PUBLICAS DE MEDELLIN E.S.P;2022/03/04 07:46:04 AM;2024/03/01 12:00:00 AM;2026/02/16 05:15:42 AM;Meterview;EMSI TECHNOLOGIES COLOMBIA SAS;;;1;EMPRESAS PUBLICAS DE MEDELLIN E.S.P;.
NA-2022-02;NA-2022-02-001;ASGI327TET0NWAR1OCRHR0OP35BEL5;Executed;ZERA;01980294;DIGRITRON;EMPRESAS PUBLICAS DE MEDELLIN E.S.P;2022/05/10 07:32:06 AM;2035/04/29 12:00:00 AM;2025/05/12 12:19:01 PM;Winsam;DIGRITRON;;;999;EMPRESAS PUBLICAS DE MEDELLIN E.S.P;.
NA-2022-1458482;NA-2022-1458482-001;ASGI327TET0NWAR1EBE6R0ENQPZWOH;Executed;BINDER;01980294;BINDER;EMPRESAS PUBLICAS DE MEDELLIN E.S.P;2022/04/29 11:44:47 AM;2035/04/27 12:00:00 AM;2025/05/12 12:19:01 PM;APT COM 4;BINDER;1458482;;1;EMPRESAS PUBLICAS DE MEDELLIN E.S.P;.
NA-2022-1473454;NA-2022-1473454-001;ASGBNJ2CGVBTVARRFLI8RRFLI87ZYK;Historical;QMS;01989025;SOFTWARE SHOP;EMPRESAS PUBLICAS DE MEDELLIN E.S.P;2023/03/07 08:57:18 AM;2023/04/01 12:00:00 AM;2026/02/16 05:15:46 AM;Eviews;SOFTWARE SHOP;;;5;EMPRESAS PUBLICAS DE MEDELLIN E.S.P;.
NA-2022-1478098;NA-2022-1478098-001;ASGHLRYUBNEYMARQE6NURQE6NU82WX;Executed;Rocscience;01980250;Rocscience;EMPRESAS PUBLICAS DE MEDELLIN E.S.P;2023/02/15 07:44:46 AM;2035/12/07 12:00:00 AM;2025/05/12 12:19:01 PM;SLIDE2;Rocscience;1478098;;2;EMPRESAS PUBLICAS DE MEDELLIN E.S.P;.
NA-2022-2660883;NA-2022-2660883-001;ASGBNJ2CGVBTVARQFD23RQFD23ABZ5;Historical;Adobe;01980335;JV ELECTRONICS;EMPRESAS PUBLICAS DE MEDELLIN E.S.P;2023/02/15 03:55:05 PM;2023/03/24 12:00:00 AM;2026/02/16 05:15:47 AM;Audition;JV ELECTRONICS;;;1;EMPRESAS PUBLICAS DE MEDELLIN E.S.P;.
NA-2022-2662061;NA-2022-2662061-001;ASGHLRYUBNEYMARQ9RE9RQ9RE9UZER;Executed;Adash;01411056;A-MAQ;EMPRESAS PUBLICAS DE MEDELLIN E.S.P;2023/02/23 01:55:18 PM;2036/05/25 12:00:00 AM;2025/05/12 12:19:01 PM;DDS 2022;A-MAQ;;;1;EMPRESAS PUBLICAS DE MEDELLIN E.S.P;.
NA-2022-790118;NA-2022-790118-001;ASGGALYYHYKWBAR9QXUVR9QXUVBV0G;Historical;Universidad de Ginebra;01312060;PVSyst S.A.;EMPRESAS PUBLICAS DE MEDELLIN E.S.P;2022/10/14 09:09:46 AM;2023/08/10 12:00:00 AM;2026/02/16 05:15:44 AM;PVsyst;PVSyst S.A.;;;6;EMPRESAS PUBLICAS DE MEDELLIN E.S.P;.
NA-2023-01;NA-2023-01-001;ASGBNJ2CGVBTVARQFCA6RQFCA6Z2FT;Executed;TOSHIBA;01980294;TOSHIBA;EMPRESAS PUBLICAS DE MEDELLIN E.S.P;2023/02/15 03:25:18 PM;2036/02/09 12:00:00 AM;2025/05/12 12:19:01 PM;BarTender ultraline;TOSHIBA;;;1;EMPRESAS PUBLICAS DE MEDELLIN E.S.P;.
NA-2023-02;NA-2023-02-001;ASGFDND9B5J2CARQG4QARQG4QAE9N1;Executed;Integrar Automatica SAS;01980294;Integrar Automatica SAS;EMPRESAS PUBLICAS DE MEDELLIN E.S.P;2023/02/16 08:57:23 AM;2036/02/14 12:00:00 AM;2025/05/12 12:19:01 PM;kBench;Integrar Automatica SAS;;;1;EMPRESAS PUBLICAS DE MEDELLIN E.S.P;.
NA-2023-03;NA-2023-03-001;ASGHLRYUBNEYMARUXIUVRUXIUVFO15;Executed;Creaform;01980294;ARON S.A.S;EMPRESAS PUBLICAS DE MEDELLIN E.S.P;2023/05/19 03:00:57 PM;2036/10/25 12:00:00 AM;2025/05/12 12:19:01 PM;VxElements;ARON S.A.S;;;1;EMPRESAS PUBLICAS DE MEDELLIN E.S.P;.
NA-2023-04;NA-2023-04-001;ASGHLRYUBNEYMARUX0V2RUX0V2INBR;Historical;Kaifa;01980294;SOLUS S.A.S;EMPRESAS PUBLICAS DE MEDELLIN E.S.P;2023/05/19 03:43:59 PM;2023/08/24 12:00:00 AM;2026/02/16 05:15:47 AM;SMARTSET;SOLUS S.A.S;;;1;EMPRESAS PUBLICAS DE MEDELLIN E.S.P;.
NA-2023-05;NA-2023-05-001;ASGHLRYUBNEYMARUX274RUX2741G7E;Executed;EMERSON;01312013;Ime Ingenieria De Maquinas Electricas S A S;EMPRESAS PUBLICAS DE MEDELLIN E.S.P;2023/05/19 04:18:46 PM;2036/09/27 12:00:00 AM;2025/05/12 12:19:01 PM;AMS Machinery Manager;Ime Ingenieria De Maquinas Electricas S A S;;;1;EMPRESAS PUBLICAS DE MEDELLIN E.S.P;.
NA-2023-06;NA-2023-06-001;ASGBNJ2CGVBTVARVL3PYRVL3PY9QUA;Executed;HONEYWELL COLOMBIA S.A.S;01980294;HONEYWELL COLOMBIA S.A.S;EMPRESAS PUBLICAS DE MEDELLIN E.S.P;2023/06/01 03:48:04 PM;2036/03/30 12:00:00 AM;2025/05/12 12:19:01 PM;Metercat;HONEYWELL COLOMBIA S.A.S;;;20;EMPRESAS PUBLICAS DE MEDELLIN E.S.P;.
NA-2023-07;NA-2023-07-001;ASGA9TPDJM92BASGNE2RSGNE2R06YK;Executed;Fluke;01980294;Fluke;EMPRESAS PUBLICAS DE MEDELLIN E.S.P;2024/01/02 10:30:26 AM;2035/10/12 12:00:00 AM;2025/05/12 12:19:01 PM;LOG WARE;Fluke;;;2;EMPRESAS PUBLICAS DE MEDELLIN E.S.P;.
NA-2023-07;NA-2023-07-002;ASGA9TPDJM92BASGNF9JSGNF9J2FZE;Executed;EXTECH;01980294;Fluke;EMPRESAS PUBLICAS DE MEDELLIN E.S.P;2024/01/02 10:55:49 AM;2035/10/12 12:00:00 AM;2025/05/12 12:19:01 PM;TR LOG (EXTECH);Fluke;;;2;EMPRESAS PUBLICAS DE MEDELLIN E.S.P;.
NA-2023-07;NA-2023-07-003;ASGEFWO5C421DASGNGYOSGNGYO1S05;Executed;Fluke;01980294;Fluke;EMPRESAS PUBLICAS DE MEDELLIN E.S.P;2024/01/02 11:26:33 AM;2035/10/12 12:00:00 AM;2025/05/12 12:19:01 PM;TR LOG;Fluke;;;2;EMPRESAS PUBLICAS DE MEDELLIN E.S.P;.
NA-2023-07;NA-2023-07-004;ASGA9TPDJM92BASGNHF9SGNHF94WDW;Executed;OMICRON;01980294;Fluke;EMPRESAS PUBLICAS DE MEDELLIN E.S.P;2024/01/02 11:30:56 AM;2035/10/12 12:00:00 AM;2025/07/22 02:10:30 PM;Test Universe;Fluke;;;3;EMPRESAS PUBLICAS DE MEDELLIN E.S.P;.
NA-2023-07;NA-2023-07-005;ASGA9TPDJM92BASGNHYBSGNHYB6HPT;Executed;Fluke;01980294;Fluke;EMPRESAS PUBLICAS DE MEDELLIN E.S.P;2024/01/02 11:47:54 AM;2035/10/12 12:00:00 AM;2025/05/12 12:19:01 PM;TABLE WARE;Fluke;;;2;EMPRESAS PUBLICAS DE MEDELLIN E.S.P;.
NA-2023-07;NA-2023-07-006;ASGEFWO5C421DASHO78BSHO78BQTRE;Executed;Fluke;01980294;Fluke;EMPRESAS PUBLICAS DE MEDELLIN E.S.P;2024/01/22 02:50:14 PM;2036/01/17 12:00:00 AM;2025/05/12 12:19:01 PM;WIRELESS HIOKI;Fluke;;;1;EMPRESAS PUBLICAS DE MEDELLIN E.S.P;.
NA-2023-07;NA-2023-07-007;ASGAVOFZBTC8IASHO85XSHO85XA5JY;Executed;KEITHLEY;01980294;Fluke;EMPRESAS PUBLICAS DE MEDELLIN E.S.P;2024/01/22 03:08:04 PM;2035/10/12 12:00:00 AM;2025/05/12 12:19:01 PM;KICKSTARTFL-DMM;Fluke;;;1;EMPRESAS PUBLICAS DE MEDELLIN E.S.P;.
NA-2023-08;NA-2023-08-001;ASGA9TPDJM92BASGNFCASGNFCA15NH;Executed;KEITHLEY;01980294;KEITHLEY;EMPRESAS PUBLICAS DE MEDELLIN E.S.P;2024/01/02 10:45:27 AM;2035/10/12 12:00:00 AM;2025/05/12 12:19:01 PM;KICKSTARTFL-DMM;KEITHLEY;;;2;EMPRESAS PUBLICAS DE MEDELLIN E.S.P;.
NA-2023-09;NA-2023-09-001;ASGA9TPDJM92BASGN2BQSGN2BQ9NEE;Executed;KEITHLEY;01980294;YOKAGAWA;EMPRESAS PUBLICAS DE MEDELLIN E.S.P;2024/01/02 01:16:34 PM;2035/10/12 12:00:00 AM;2025/05/12 12:19:01 PM;WTVIEWER;YOKAGAWA;;;2;EMPRESAS PUBLICAS DE MEDELLIN E.S.P;.
NA-2023-10;NA-2023-10-001;ASGGY5F7DCJYMASSRRTCSSRRTC8AM2;Executed;Corel;01985085;CLEVERBRIDGE AG;EMPRESAS PUBLICAS DE MEDELLIN E.S.P;2025/03/07 03:06:48 PM;2036/09/21 12:00:00 AM;2025/05/12 12:19:01 PM;MindManager;CLEVERBRIDGE AG;;a61c651e-1f84-41da-b093-bd7ba98a5827;1;EMPRESAS PUBLICAS DE MEDELLIN E.S.P;.
NA-2023-1482290;NA-2023-1482290-001;ASGEFWO5C421DASI9XJYSI9XJYJA9G;Historical;QMS;01989025;SOFTWARE SHOP;EMPRESAS PUBLICAS DE MEDELLIN E.S.P;2024/02/08 02:17:36 PM;2024/05/01 12:00:00 AM;2026/02/16 05:15:48 AM;E-VIEWS;SOFTWARE SHOP;;;1;EMPRESAS PUBLICAS DE MEDELLIN E.S.P;.
NA-2023-1483741;NA-2023-1483741-001;ASGJSFNSJXX24ASBYVYMSBYVYMIS0C;Executed;Pix4D SA;01980279;GEOSYSTEM;EMPRESAS PUBLICAS DE MEDELLIN E.S.P;2023/10/03 02:12:37 PM;2035/09/03 12:00:00 AM;2025/05/12 12:19:01 PM;Pix4D;GEOSYSTEM;;;1;EMPRESAS PUBLICAS DE MEDELLIN E.S.P;.
NA-2023-1483741;NA-2023-1483741-002;ASGAVOFZBTC8IASGN2NVSGN2NVO9GJ;Executed;Green Valley;01980279;GEOSYSTEM;EMPRESAS PUBLICAS DE MEDELLIN E.S.P;2024/01/02 01:29:54 PM;2035/09/03 12:00:00 AM;2025/05/12 12:19:01 PM;LiDAR 360;GEOSYSTEM;1483741;;1;EMPRESAS PUBLICAS DE MEDELLIN E.S.P;.
NA-2023-2712321;NA-2023-2712321-001;ASGFDND9B5J2CARQEYE2RQEYE2ONLO;Executed;Deister Electronics;01411059;JONYCO SAS;EMPRESAS PUBLICAS DE MEDELLIN E.S.P;2023/02/15 02:02:47 PM;2036/01/01 12:00:00 AM;2025/05/12 12:19:01 PM;Commander Connect;JONYCO SAS;;;1;EMPRESAS PUBLICAS DE MEDELLIN E.S.P;.
NA-2023-2735113;NA-2023-2735113;ASGHLRYUBNEYMARUX0EERUX0EEH5PL;Executed;MARION EXPRESS S.A.S;01985024;MARION EXPRESS S.A.S;EMPRESAS PUBLICAS DE MEDELLIN E.S.P;2023/05/19 03:28:07 PM;2036/03/16 12:00:00 AM;2025/05/12 12:19:01 PM;SIGNMASTER CUT;MARION EXPRESS S.A.S;;;1;EMPRESAS PUBLICAS DE MEDELLIN E.S.P;.
NA-2023-2785542;NA-2023-2785542-001;ASGAVOFZBTC8IASH346ASH346ALIBC;Executed;Hilti Colombia S.A.S;01312014;Hilti Colombia S.A.S;EMPRESAS PUBLICAS DE MEDELLIN E.S.P;2024/01/16 03:05:46 PM;2035/10/09 12:00:00 AM;2025/05/12 12:19:01 PM;Hilti_PROFIS_Detection;Hilti Colombia S.A.S;;;1;EMPRESAS PUBLICAS DE MEDELLIN E.S.P;.
NA-2024-006;NA-2024-006-001;ASGFK816BYORHASP8RJ3SP8RJ3WDMX;Executed;Campbell Scientific;01312014;Durespo;EMPRESAS PUBLICAS DE MEDELLIN E.S.P;2025/01/03 10:35:32 AM;2036/01/01 12:00:00 AM;2025/05/12 12:19:01 PM;RTMC Pro;Durespo;;RTMCPR-36A0-AAAAX33WA7HC8ARY;1;EMPRESAS PUBLICAS DE MEDELLIN E.S.P;.
NA-2024-01;NA-2024-01-001;ASGFKP5SJ89E3ASJZLCXSJZLCXWD4Z;Executed;Microstar Electric;01980143;EMSI TECHNOLOGIES COLOMBIA SAS;EMPRESAS PUBLICAS DE MEDELLIN E.S.P;2024/03/07 11:44:32 AM;2029/03/06 12:00:00 AM;2025/05/12 12:19:01 PM;Meterview;EMSI TECHNOLOGIES COLOMBIA SAS;;;3;EMPRESAS PUBLICAS DE MEDELLIN E.S.P;.
NA-2024-02;NA-2024-02-001;ASGFKP5SJ89E3AS4KDUDS4KDUDMZ4T;Executed;VEGA Grieshaber KG;01312014;COLOMBIANA DE CONTROLES – COLDECON;EMPRESAS PUBLICAS DE MEDELLIN E.S.P;2024/06/04 07:55:11 AM;2036/05/27 12:00:00 AM;2025/05/12 12:19:01 PM;VEGA DTM;COLOMBIANA DE CONTROLES – COLDECON;;;1;EMPRESAS PUBLICAS DE MEDELLIN E.S.P;.
NA-2024-03;NA-2024-03-001;ASGAWGX7AQANSAS4KGH1S4KGH1DSRQ;Executed;VEGACAL;01302081;General Electric, GE, Coldecón;EMPRESAS PUBLICAS DE MEDELLIN E.S.P;2024/06/04 08:46:15 AM;2036/11/01 12:00:00 AM;2025/05/12 12:19:01 PM;VEGA DTM;General Electric, GE, Coldecón;;;1;EMPRESAS PUBLICAS DE MEDELLIN E.S.P;.
NA-2024-1490908;NA-2024-1490908-001;ASGFK816BYORHASRKO89SRKO89VLRF;Historical;QMS;01989025;SOFTWARE SHOP DE COLOMBIA S.A.S;EMPRESAS PUBLICAS DE MEDELLIN E.S.P;2025/02/12 08:38:49 AM;2025/04/28 12:00:00 AM;2026/02/16 05:15:50 AM;EViews 13;SOFTWARE SHOP DE COLOMBIA S.A.S;1490908;10J00197 -5D9C93E3 - 9D0A4C18;1;EMPRESAS PUBLICAS DE MEDELLIN E.S.P;.
NA-2024-1491365;NA-2024-1491365-001;ASGGY5F7DCJYMASP8PXXSP8PXX1H0D;Executed;Agisoft;01411026;MICRODYNE S.A.S.;EMPRESAS PUBLICAS DE MEDELLIN E.S.P;2025/01/03 10:07:20 AM;2036/12/10 12:00:00 AM;2025/05/12 12:19:01 PM;Agisoft Metashape;MICRODYNE S.A.S.;1491365;ATZ95-CL2BD-ZLDJT-3SGXM2NZRL;1;EMPRESAS PUBLICAS DE MEDELLIN E.S.P;.
NA-2024-1495681;NA-2024-1495681-001;ASGFKP5SJ89E3AS92Q4AS92Q4A0W0L;Historical;Microdyne;01980335;MICRODYNE S.A.S.;EMPRESAS PUBLICAS DE MEDELLIN E.S.P;2024/09/05 01:09:47 PM;2025/09/01 12:00:00 AM;2026/02/16 05:15:49 AM;Canva;MICRODYNE S.A.S.;1495681;;5;EMPRESAS PUBLICAS DE MEDELLIN E.S.P;.
NA-2024-1497294;NA-2024-1497294-001;ASGGY5F7DCJYMASP8Q8XSP8Q8X2JEC;Historical;FLOW SCIENCE LATIN AMERICA;01980277;FLOW SCIENCE LATIN AMERICA;EMPRESAS PUBLICAS DE MEDELLIN E.S.P;2025/01/03 10:20:58 AM;2025/11/10 12:00:00 AM;2026/02/16 05:15:50 AM;FLOW-3D HYDRO - FLOW-3D;FLOW SCIENCE LATIN AMERICA;1497294;EPM-VAPP05B;1;EMPRESAS PUBLICAS DE MEDELLIN E.S.P;.
NA-2024-2820980;NA-2024-2820980-001;ASGFKP5SJ89E3AS7SRAMS7SRAMQA0Q;Executed;ALTOVA GMBH;01989072;Itehl Digital representante de ALTOVA GMBH en Colombia;EMPRESAS PUBLICAS DE MEDELLIN E.S.P;2024/08/06 07:37:29 AM;2036/04/07 12:00:00 AM;2025/05/12 12:19:01 PM;StyleVision Enterprise Edition;Itehl Digital representante de ALTOVA GMBH en Colombia;2820980;;1;EMPRESAS PUBLICAS DE MEDELLIN E.S.P;.
NA-2024-2827707;NA-2024-2827707-001;ASGFKP5SJ89E3AS8OIN7S8OIN7CMSE;Executed;CANADA;01337027;ESRI COLOMBIA S.A.S.;EMPRESAS PUBLICAS DE MEDELLIN E.S.P;2024/08/23 07:44:01 AM;2035/08/13 12:00:00 AM;2025/05/12 12:19:01 PM;Eos-Utility;ESRI COLOMBIA S.A.S.;2827707;2402-1P-23551626-A;1;EMPRESAS PUBLICAS DE MEDELLIN E.S.P;.
NA-2025-01;NA-2025-01-001;ASGGY5F7DCJYMASU6KJOSU6KJOHB4D;Executed;ISKRA;01980294;INELCA;EMPRESAS PUBLICAS DE MEDELLIN E.S.P;2025/04/09 10:57:56 AM;2036/01/01 12:00:00 AM;2025/05/12 12:19:01 PM;SEP2 METERVIEW;INELCA;;;1;EMPRESAS PUBLICAS DE MEDELLIN E.S.P;.
NA-2025-149950;NA-2025-149950-001;ASGFK816BYORHASQ66TDSQ66TD9GJH;Historical;INHEMETER;01980294;INHEMETER;EMPRESAS PUBLICAS DE MEDELLIN E.S.P;2025/01/21 03:28:10 PM;2025/12/31 12:00:00 AM;2026/02/16 05:15:49 AM;SMARTtools;INHEMETER;149950;;1;EMPRESAS PUBLICAS DE MEDELLIN E.S.P;.
NA-2025-2852720;NA-2025-2852720-001;ASGGY5F7DCJYMASQ67XYSQ67XYL3W5;Executed;SPH Engineering;01337005;GEOMARKET SURVEYING S.A.S;EMPRESAS PUBLICAS DE MEDELLIN E.S.P;2025/01/21 03:53:40 PM;2036/01/14 12:00:00 AM;2025/05/12 12:19:01 PM;UGCS;GEOMARKET SURVEYING S.A.S;2852720;478314e0-dd3a-474a-8c3a-9bcaf68924ad;1;EMPRESAS PUBLICAS DE MEDELLIN E.S.P;.
NA-2025-2861684;NA-2025-2861684-001;ASGGY5F7DCJYMASU69BTSU69BTE1E8;Executed;SprutCAM Tech;01312013;COMAC INDUSTRIA E COMERCIO DE AUTOMACAO;EMPRESAS PUBLICAS DE MEDELLIN E.S.P;2025/04/09 10:30:53 AM;2036/03/06 12:00:00 AM;2025/05/12 12:19:01 PM;SPRUTCAM X 17 - Robot;COMAC INDUSTRIA E COMERCIO DE AUTOMACAO;2861684;;3;EMPRESAS PUBLICAS DE MEDELLIN E.S.P;.
NA-2025-2946279;NA-2025-2946279-001;ASGJR68LATILOATHFN9LTHFN9L94T9;Executed;ZEBRA;01940616;LineaDatascan;EMPRESAS PUBLICAS DE MEDELLIN E.S.P;2025/12/12 06:52:08 AM;2035/11/19 12:00:00 AM;2025/12/18 01:37:08 PM;Zebra Designer PRO;LineaDatascan;2946279;"1. ddccedb5-8b0d-485d-b4c9-
146f899fbb96
2. e6e5287c-b7ac-4725-97c8-
87ba4492731a
3. 6b65586f-8e72-43b4-84ad-
35eeb29001c3
4. 656dc1ae-c4d2-4b5d-bcdc-
13cd85de2a0c
5. 6efd606e-3e34-439a-8e06-
b02437de0da0";5;EMPRESAS PUBLICAS DE MEDELLIN E.S.P;.
NA-2025-4404378;NA-2025-4404378-001;ASGJR68LATILOATDQC54TDQC54JWVZ;Executed;OMICRON;01337280;OMICRON;EMPRESAS PUBLICAS DE MEDELLIN E.S.P;2025/10/06 01:10:37 PM;2036/07/22 12:00:00 AM;2025/11/10 05:45:13 PM;Test Universe;OMICRON;4404378;;3;;.
OC-000001381;OC-000001381-01;ASGADR4FJYMVQAPKRHZ7P9UDGF2DJA;Historical;Desconocido;Unallocated;COMPUFACIL S.A.;CENS S.A. E.S.P.;2018/12/20 02:18:20 PM;;2026/02/16 05:15:19 AM;Camtasia Studio;COMPUFACIL S.A.;OC 000001381;;5;EMPRESAS PUBLICAS DE MEDELLIN E.S.P;.
OC-000002341;OC-000002341-01;ASGADR4FJYMVQAPKRHZ8P9UDGH2D17;Historical;Desconocido;Unallocated;Desconocido;CENS S.A. E.S.P.;2018/12/20 01:39:51 PM;;2026/02/16 05:15:14 AM;TopconTools;Desconocido;;;1;EMPRESAS PUBLICAS DE MEDELLIN E.S.P;.
OC-000004697;OC-000004697-02;ASGADR4FJYMVQAPKRHZKP9UDGJ2D6M;Historical;Desconocido;Unallocated;Desconocido;CENS S.A. E.S.P.;2018/12/20 01:39:50 PM;;2026/02/16 05:15:13 AM;TopconTools;Desconocido;;;1;EMPRESAS PUBLICAS DE MEDELLIN E.S.P;.
OC-000004762;OC-000004762-01;ASGADR4FJYMVQAPKRHZLP9UDGJ2D74;Historical;Desconocido;Unallocated;SOFTWAREONE;CENS S.A. E.S.P.;2018/12/20 02:18:24 PM;;2026/02/16 05:15:21 AM;Microsoft Visual FoxPro 9.0 Professional;SOFTWAREONE;;;10;EMPRESAS PUBLICAS DE MEDELLIN E.S.P;.
OC-000011932;OC-000011932-01;ASGADR4FJYMVQAPKRHZTP9UDG72ECC;Historical;Desconocido;Unallocated;PROCALCULO - PROSIS S.A.;CENS S.A. E.S.P.;2018/12/20 02:18:24 PM;;2026/02/16 05:15:21 AM;GPS Pathfinder Office;PROCALCULO - PROSIS S.A.;;;1;EMPRESAS PUBLICAS DE MEDELLIN E.S.P;.
OC-000026622;OC-000026622-02;ASGADR4FJYMVQAPKRHZ8P9UDGG2D0M;Historical;Desconocido;Unallocated;PROCALCULO - PROSIS S.A.;CENS S.A. E.S.P.;2018/12/20 02:18:20 PM;;2026/02/16 05:15:19 AM;GPS Pathfinder Office;PROCALCULO - PROSIS S.A.;;;999999;EMPRESAS PUBLICAS DE MEDELLIN E.S.P;.
OC00093;OC00093-1;ASGADR4FJYMVQAPKRSPGP9UNVV4HEQ;Executed;Desconocido;AD-104;Desconocido;FUNDACION EPM;2019/01/03 02:44:23 PM;;2019/03/27 05:00:49 PM;Exchange Server Enterprise;Desconocido;OC00093;;80;EMPRESAS PUBLICAS DE MEDELLIN E.S.P;.
OC00093;OC00093-2;ASGADR4FJYMVQAPKRSPMP9UNW14HJN;Executed;Desconocido;AD-104;Desconocido;FUNDACION EPM;2019/01/03 02:44:28 PM;;2019/03/27 05:00:49 PM;Microsoft Lync;Desconocido;OC00093;NGXTD-X92GB-7YXQP-GDCG6-YG7HT;50;EMPRESAS PUBLICAS DE MEDELLIN E.S.P;.
OC00093;OC00093-3;ASGADR4FJYMVQAPKRSOTP9UNV84GWB;Executed;Desconocido;AD-104;Desconocido;FUNDACION EPM;2019/01/03 02:44:16 PM;;2019/03/27 05:00:49 PM;Microsoft Lync;Desconocido;OC00093;;1;EMPRESAS PUBLICAS DE MEDELLIN E.S.P;.
OC00093;OC00093-4;ASGADR4FJYMVQAPKRSPKP9UNWI4HJ0;Executed;Desconocido;AD-104;Desconocido;FUNDACION EPM;2019/01/03 02:44:28 PM;;2019/03/27 05:00:49 PM;Microsoft Lync;Desconocido;OC00093;;50;EMPRESAS PUBLICAS DE MEDELLIN E.S.P;.
OC00093;OC00093-5;ASGADR4FJYMVQAPKRSP8P9UNWH4HJI;Executed;Desconocido;AD-104;Desconocido;FUNDACION EPM;2019/01/03 02:44:28 PM;;2019/03/27 05:00:49 PM;Microsoft Office 2010 Standard;Desconocido;OC00093;CXWHX-BVMMC-XH6GK-WWJKG-Q99GH;30;EMPRESAS PUBLICAS DE MEDELLIN E.S.P;.
OC00093;OC00093-6;ASGADR4FJYMVQAPKRSPIP9UNVW4HFC;Executed;Desconocido;AD-104;Desconocido;FUNDACION EPM;2019/01/03 02:44:28 PM;;2019/03/27 05:00:49 PM;Microsoft SQL Standard;Desconocido;OC00093;;1;EMPRESAS PUBLICAS DE MEDELLIN E.S.P;.
OC00093;OC00093-7;ASGADR4FJYMVQAPKRSP1P9UNWA4HHM;Executed;Desconocido;AD-104;Desconocido;FUNDACION EPM;2019/01/03 02:44:27 PM;;2019/03/27 05:00:49 PM;Microsoft Windows Enterprise;Desconocido;OC00093;H2RCW-69CC7-QMQFC-K7PKR-H9X37;1;EMPRESAS PUBLICAS DE MEDELLIN E.S.P;.
OC00093;OC00093-8;ASGADR4FJYMVQAPKRSPAP9UNVP4HAS;Executed;Desconocido;AD-104;Desconocido;FUNDACION EPM;2019/01/03 02:44:23 PM;;2019/03/27 05:00:49 PM;Microsoft Windows Server;Desconocido;OC00093;;80;EMPRESAS PUBLICAS DE MEDELLIN E.S.P;.
OC-025;OC-025-07;ASGADR4FJYMVQAPKRHZ3P9UDGB2DB9;Historical;Desconocido;Unallocated;SISTEMAS TELEINFORMATICOS Y SERVICIOS LTDA;CENS S.A. E.S.P.;2018/12/20 02:18:20 PM;;2026/02/16 05:15:15 AM;Adobe Macromedia Studio 8;SISTEMAS TELEINFORMATICOS Y SERVICIOS LTDA;25;;1;EMPRESAS PUBLICAS DE MEDELLIN E.S.P;.
OC0504;OC0504-1;ASGADR4FJYMVQAPKRSPGP9UNVV4HEH;Historical;Desconocido;AD-104;Desconocido;FUNDACION EPM;2019/01/03 02:44:21 PM;2017/07/04 08:00:00 AM;2026/02/16 05:15:31 AM;ACL Analytics;Desconocido;OC0504;;1;EMPRESAS PUBLICAS DE MEDELLIN E.S.P;.
OC0518;OC0518-1;ASGADR4FJYMVQAPKRHZ8P9UDGG2D1D;Historical;Desconocido;PY-105;Desconocido;FUNDACION EPM;2019/01/03 02:44:23 PM;2016/12/16 08:00:00 AM;2026/02/16 05:15:31 AM;No Problem Cyber;Desconocido;OC0518;443D6C7A-G23A20E8-3D50G1D3-63B2A2C6-33D4FFBF-B3759;1;EMPRESAS PUBLICAS DE MEDELLIN E.S.P;.
OC-10509-2011;OC-10509-2011-1;ASGADR4FJYMVQAPKRHZ3P9UDGC2DC9;Historical;Desconocido;Unallocated;COMPAÑIA COMERCIAL GOBE LTDA.;CENS S.A. E.S.P.;2018/12/20 02:35:10 PM;2011/09/12 07:28:00 AM;2026/02/16 05:15:21 AM;EViews;COMPAÑIA COMERCIAL GOBE LTDA.;10509;;2;EMPRESAS PUBLICAS DE MEDELLIN E.S.P;.
OC-111;OC-111-1;ASGADR4FJYMVQAPKBWDLP9ERR4VEYA;Executed;Desconocido;Unallocated;GIT LTDA;EDEQ S.A. E.S.P.;2018/12/20 02:43:04 PM;2030/10/04 12:00:00 AM;2020/02/06 01:34:21 PM;Enterprise Architect Bussines;GIT LTDA;;;6;EDEQ S.A. E.S.P.;.
OC-13225;OC-13225;ASGADR4FJYMVQAPKRHZVP9UDGK2EFY;Historical;Desconocido;Unallocated;Desconocido;EDEQ S.A. E.S.P.;2018/12/20 01:52:16 PM;2017/12/05 06:20:00 PM;2026/02/16 05:15:14 AM;CA SERVICE DESK MANAGER FULL CA;Desconocido;OC-13225;;15;EMPRESAS PUBLICAS DE MEDELLIN E.S.P;.
OC-14257;OC-14257-001;ASGADR4FJYMVQAPKRHZWP9UDGK2EH2;Historical;Desconocido;Unallocated;JV ELECTRONICS;EDEQ S.A. E.S.P.;2018/12/20 02:18:22 PM;2018/03/13 04:13:00 PM;2026/02/16 05:15:20 AM;Adobe Creative Cloud;JV ELECTRONICS;OC-14257;;2;EMPRESAS PUBLICAS DE MEDELLIN E.S.P;.
OC-14257;OC-14257-002;ASGADR4FJYMVQAPKRHZLP9UDGJ2D7J;Executed;Desconocido;Unallocated;JV ELECTRONICS;EDEQ S.A. E.S.P.;2018/12/20 02:18:20 PM;2030/03/17 04:17:00 PM;2020/02/07 09:46:34 AM;CorelDRAW Graphics Suite 8 single;JV ELECTRONICS;OC-14257;;2;EDEQ S.A. E.S.P.;.
OC-15360;OC-15360;ASGADR4FJYMVQAPKRHZVP9UDG92EF8;Historical;Desconocido;Unallocated;MICROCAD LTDA.;EDEQ S.A. E.S.P.;2018/12/20 02:18:22 PM;2019/06/16 03:51:00 PM;2026/02/16 05:15:19 AM;Autodesk AutoCAD LT 2018;MICROCAD LTDA.;OC-15360;;10;EMPRESAS PUBLICAS DE MEDELLIN E.S.P;.
OC-15442;OC-15442;ASGADR4FJYMVQAPKRHZXP9UDGM2EJ6;Historical;Desconocido;Unallocated;Desconocido;EDEQ S.A. E.S.P.;2018/12/20 02:04:15 PM;2018/07/06 11:21:00 AM;2026/02/16 05:15:14 AM;CITRIX SERVER ADVANCED  XENAPP-NETSCALER GATEWAY;Desconocido;OC-15442;;38;EMPRESAS PUBLICAS DE MEDELLIN E.S.P;.
OC-15676;OC-15676;ASGADR4FJYMVQAPKRHZXP9UDGM2EJ9;Historical;Desconocido;Unallocated;Desconocido;EDEQ S.A. E.S.P.;2018/12/20 01:52:16 PM;2018/07/18 03:57:00 PM;2026/02/16 05:15:14 AM;ACL for Windows;Desconocido;OC-15676;;2;EMPRESAS PUBLICAS DE MEDELLIN E.S.P;.
OC:16000843;OC:16000843-1;ASGADR4FJYMVQAPKBWDKP9ERR3VEWY;Historical;Desconocido;02986400;SOFTWARE SHOP;CHEC S.A. E.S.P.;2018/12/20 02:43:04 PM;2017/04/15 08:00:00 AM;2026/02/16 05:15:23 AM;Faronics Deep Freeze Standard;SOFTWARE SHOP;OC:16000843;;24;CHEC S.A. E.S.P.;.
OC:16000885;OC:16000885-1;ASGADR4FJYMVQAPKBWDMP9ERR5VFBD;Historical;Desconocido;02986400;SOLUSOFT DE COLOMBIA;CHEC S.A. E.S.P.;2018/12/20 02:43:04 PM;2017/04/01 08:00:00 AM;2026/02/16 05:15:25 AM;SoluAudi Software;SOLUSOFT DE COLOMBIA;OC:16000885;;2;CHEC S.A. E.S.P.;.
OC:16000942;OC:16000942-1;ASGADR4FJYMVQAPKBWDLP9ERR4VEY2;Historical;Desconocido;02986400;SOFTWAREONE;CHEC S.A. E.S.P.;2018/12/20 02:43:04 PM;2017/06/24 08:00:00 AM;2026/02/16 05:15:23 AM;Symantec Backup;SOFTWAREONE;OC:16000942;;11;CHEC S.A. E.S.P.;.
OC:16000956;OC:16000956-1;ASGADR4FJYMVQAPKBWDNP9ERR6VFDU;Historical;Desconocido;02986400;INFORMESE S.A.S;CHEC S.A. E.S.P.;2018/12/20 02:43:04 PM;2017/05/31 08:00:00 AM;2026/02/16 05:15:27 AM;SPSS Statistics;INFORMESE S.A.S;OC:16000956;;1;CHEC S.A. E.S.P.;.
OC:16000958;OC:16000958-1;ASGADR4FJYMVQAPKBWDKP9ERR3VEVT;Historical;Desconocido;02986400;GIT LTDA;CHEC S.A. E.S.P.;2018/12/20 02:43:04 PM;2017/06/08 08:00:00 AM;2026/02/16 05:15:22 AM;ERA;GIT LTDA;OC:16000958;;45;CHEC S.A. E.S.P.;.
OC:16001163;OC:16001163-1;ASGADR4FJYMVQAPKBWDLP9ERR4VEY7;Historical;Desconocido;02986400;MICROCAD LTDA.;CHEC S.A. E.S.P.;2018/12/20 02:43:04 PM;2017/07/05 08:00:00 AM;2026/02/16 05:15:23 AM;Autodesk AutoCAD LT;MICROCAD LTDA.;OC:16001163;;15;CHEC S.A. E.S.P.;.
OC:16001163;OC:16001163-2;ASGADR4FJYMVQAPKBWDMP9ERR5VFCC;Historical;Desconocido;02986400;MICROCAD LTDA.;CHEC S.A. E.S.P.;2018/12/20 02:43:04 PM;2017/07/05 08:00:00 AM;2026/02/16 05:15:25 AM;Autodesk AutoCAD;MICROCAD LTDA.;OC:16001163;;2;CHEC S.A. E.S.P.;.
OC:16001163;OC:16001163-3;ASGADR4FJYMVQAPKBWDNP9ERR6VFCN;Historical;Desconocido;02986400;MICROCAD LTDA.;CHEC S.A. E.S.P.;2018/12/20 02:43:04 PM;2017/07/05 08:00:00 AM;2026/02/16 05:15:27 AM;Autodesk AutoCAD;MICROCAD LTDA.;OC:16001163;;2;CHEC S.A. E.S.P.;.
OC:16001163;OC:16001163-4;ASGADR4FJYMVQAPKBWDNP9ERR6VFCR;Historical;Desconocido;02986400;MICROCAD LTDA.;CHEC S.A. E.S.P.;2018/12/20 02:43:04 PM;2017/07/05 08:00:00 AM;2026/02/16 05:15:27 AM;Autodesk Infrastructure Map Server;MICROCAD LTDA.;OC:16001163;;2;CHEC S.A. E.S.P.;.
OC:16001163;OC:16001163-5;ASGADR4FJYMVQAPKBWDOP9ERR7VFE9;Historical;Desconocido;02986400;MICROCAD LTDA.;CHEC S.A. E.S.P.;2018/12/20 02:43:04 PM;2017/07/05 08:00:00 AM;2026/02/16 05:15:28 AM;Autodesk Infrastructure Design Suite Premium red;MICROCAD LTDA.;OC:16001163;;1;CHEC S.A. E.S.P.;.
OC:16001163;OC:16001163-6;ASGADR4FJYMVQAPKBWDOP9ERR6VFDX;Historical;Desconocido;02986400;MICROCAD LTDA.;CHEC S.A. E.S.P.;2018/12/20 02:43:04 PM;2017/07/05 08:00:00 AM;2026/02/16 05:15:27 AM;Autodesk Infrastructure Design Suite Standard red;MICROCAD LTDA.;OC:16001163;;2;CHEC S.A. E.S.P.;.
OC:16001163;OC:16001163-7;ASGADR4FJYMVQAPKBWDKP9ERR3VEVP;Historical;Desconocido;02986400;MICROCAD LTDA.;CHEC S.A. E.S.P.;2018/12/20 02:43:04 PM;2017/07/05 08:00:00 AM;2026/02/16 05:15:22 AM;Autodesk AutoCAD Map 3D;MICROCAD LTDA.;OC:16001163;;1;CHEC S.A. E.S.P.;.
OC:16001163;OC:16001163-8;ASGADR4FJYMVQAPKBWDLP9ERR4VEZ8;Historical;Desconocido;02986400;MICROCAD LTDA.;CHEC S.A. E.S.P.;2018/12/20 02:43:04 PM;2017/07/05 08:00:00 AM;2026/02/16 05:15:23 AM;Autodesk Product Design Suite Ultimate Red;MICROCAD LTDA.;OC:16001163;;1;CHEC S.A. E.S.P.;.
OC:16001163;OC:16001163-9;ASGADR4FJYMVQAPKBWDLP9ERR4VEXW;Historical;Desconocido;02986400;MICROCAD LTDA.;CHEC S.A. E.S.P.;2018/12/20 02:43:04 PM;2017/07/05 08:00:00 AM;2026/02/16 05:15:23 AM;Autodesk AutoCAD Raster Design;MICROCAD LTDA.;OC:16001163;;1;CHEC S.A. E.S.P.;.
OC 1601864;OC 1601864-001;ASGADR4FJYMVQAPKRHY5P9UDFE2AMG;Executed;Business Objects;01312014;Microdyne;EMPRESAS PUBLICAS DE MEDELLIN E.S.P;2018/12/20 01:39:21 PM;;2025/11/10 05:45:15 PM;DigiPro;Microdyne;1274443;;1;EMPRESAS PUBLICAS DE MEDELLIN E.S.P;.
OC 1601864;OC 1601864-002;ASGADR4FJYMVQAPKRHY5P9UDFD2AL8;Executed;Desconocido;01312014;Microdyne;EMPRESAS PUBLICAS DE MEDELLIN E.S.P;2018/12/20 01:39:21 PM;;2025/11/10 05:45:12 PM;DMM - Digital Media Manager;Microdyne;1274443;;1;EMPRESAS PUBLICAS DE MEDELLIN E.S.P;.
OC-16721;OC-16721-R3;ASGADR4FJYMVQAPKRHZ9P9UDGH2D2P;Historical;Desconocido;Unallocated;ADS SOFTWARE S.A.S;EDEQ S.A. E.S.P.;2018/12/20 02:18:22 PM;2018/11/17 09:40:00 AM;2026/02/16 05:15:18 AM;Audisoft auditoria y control interno;ADS SOFTWARE S.A.S;OC-16721;;4;EMPRESAS PUBLICAS DE MEDELLIN E.S.P;.
OC16753;OC16753-1;ASGADR4FJYMVQAPKBWDLP9ERR4VEYH;Historical;Desconocido;05986200;COMPAÑIA DE INGENIEROS DE SISTEMAS ASOCIADOS COINSA LTDA.;CENS S.A. E.S.P.;2018/12/20 02:43:04 PM;2014/01/21 08:00:00 AM;2026/02/16 05:15:23 AM;SAP BusinessObjects Dashboards;COMPAÑIA DE INGENIEROS DE SISTEMAS ASOCIADOS COINSA LTDA.;16753;;5;CENS S.A. E.S.P.;.
OC-174;OC-174-2;ASGADR4FJYMVQAPKBWDLP9ERR3VEX5;Executed;Desconocido;06337100;IXO LTDA.;EDEQ S.A. E.S.P.;2018/12/20 02:43:04 PM;;2019/01/03 03:06:30 PM;AutoCAD LT;IXO LTDA.;;;1;EDEQ S.A. E.S.P.;.
OC-18166;OC-18166-001;ASGADR4FJYMVQAQF0LINQE2PX0EHFQ;Historical;Desconocido;Unallocated;MICROCAD LTDA.;EDEQ S.A. E.S.P.;2020/02/06 01:19:11 PM;2019/04/01 12:00:00 AM;2026/02/16 05:15:34 AM;Autocad Map 3D-Infrastructure MapServer;MICROCAD LTDA.;;;2;EMPRESAS PUBLICAS DE MEDELLIN E.S.P;.
OC-2011-001108;OC-2011-001108-001;ASGADR4FJYMVQAPKRHZDP9UDFR2C19;Executed;Business Objects;01989082;Desconocido;EMPRESAS PUBLICAS DE MEDELLIN E.S.P;2018/12/20 01:39:41 PM;2030/04/01 12:00:00 AM;2025/05/12 12:19:01 PM;Eagle Control Systems;Desconocido;;;10000;EMPRESAS PUBLICAS DE MEDELLIN E.S.P;.
OC-2019-1438696;OC-2019-1438696-001;ASGADR4FJYMVQAPVUAY8PUW7VZI5DO;Historical;Trimble;01411033;Trimble Engineering & Construction Group;EMPRESAS PUBLICAS DE MEDELLIN E.S.P;2019/08/06 03:52:34 PM;2020/07/10 12:00:00 AM;2026/02/16 05:15:33 AM;Trimble Business Center;Trimble Engineering & Construction Group;;;1;EMPRESAS PUBLICAS DE MEDELLIN E.S.P;.
OC-2019-2493961;OC-2019-2493961-1;ASGA9TAFB7LH4AQDFALXQCHH7UY39L;Historical;desconocido;Unallocated;MICRODYNE S.A.S.;EMPRESAS PUBLICAS DE MEDELLIN E.S.P;2019/12/26 03:56:50 PM;2020/11/19 12:00:00 AM;2026/02/16 05:15:33 AM;Sketchup Pro 2019;MICRODYNE S.A.S.;;;1;EMPRESAS PUBLICAS DE MEDELLIN E.S.P;.
OC-2019-2493961;OC-2019-2493961-2;ASGADR4FJYMVQAQDFAVTQCHI3QG02Q;Historical;Desconocido;Unallocated;MICRODYNE S.A.S.;EMPRESAS PUBLICAS DE MEDELLIN E.S.P;2019/12/26 03:58:45 PM;2020/11/19 12:00:00 AM;2026/02/16 05:15:33 AM;Sketchup Pro 2019;MICRODYNE S.A.S.;;;1;EMPRESAS PUBLICAS DE MEDELLIN E.S.P;.
OC-2019-2493961;OC-2019-2493961-3;ASGA9TAFB7LH4AQDFAFDQCHHBAYHFH;Historical;Desconocido;Unallocated;MICRODYNE S.A.S.;EMPRESAS PUBLICAS DE MEDELLIN E.S.P;2019/12/26 03:45:15 PM;2020/11/19 12:00:00 AM;2026/02/16 05:15:34 AM;Sketchup Pro 2019;MICRODYNE S.A.S.;;;1;EMPRESAS PUBLICAS DE MEDELLIN E.S.P;.
OC-2020-2532522;OC-2020-2532522-001;ASGADR4FJYMVQAQTEIA9QSF8PGCN5A;Historical;IBM;Unallocated;Desconocido;EMPRESAS PUBLICAS DE MEDELLIN E.S.P;2021/05/14 04:09:57 PM;2021/06/30 12:00:00 AM;2026/02/16 05:15:39 AM;CPLEX;Desconocido;;;1;EMPRESAS PUBLICAS DE MEDELLIN E.S.P;.
OC-2020-2563288;OC-2020-2563288-001;ASGADR4FJYMVQAQPP5V9QOQTT8RQR4;Executed;Adobe Inc.;01980461;MICROCAD LTDA.;EMPRESAS PUBLICAS DE MEDELLIN E.S.P;2021/03/09 08:55:54 AM;2030/11/27 12:00:00 AM;2025/05/12 12:19:01 PM;Adobe Acrobat Professional 2020;MICROCAD LTDA.;1455369;;3;EMPRESAS PUBLICAS DE MEDELLIN E.S.P;.
OC-2020-2566616;OC-2020-2566616-001;ASGA9TAFB7LH4AQOJLJ5QN1AYIFFAG;Historical;Adobe;01980123;Desconocido;EMPRESAS PUBLICAS DE MEDELLIN E.S.P;2021/02/09 08:55:34 AM;2021/12/16 12:00:00 AM;2026/02/16 05:15:36 AM;Captivate;Desconocido;;;1;EMPRESAS PUBLICAS DE MEDELLIN E.S.P;.
OC-2021-2460605;OC-2021-2460605-001;ASGA9TAFB7LH4AQQ9FB0QPK7WBMXPA;Executed;Trimble;01411033;Trimble Engineering & Construction Group;EMPRESAS PUBLICAS DE MEDELLIN E.S.P;2021/03/25 09:46:45 AM;2034/01/20 12:00:00 AM;2025/05/12 12:19:01 PM;Trimble Business Center;Trimble Engineering & Construction Group;1438696;;2;EMPRESAS PUBLICAS DE MEDELLIN E.S.P;.
OC-2021- 2599703;OC-2021- 2599703-001;ASGEEXOECUPJAARAMHMDQZNIH2UYY2;Historical;IBM;01989070;SmartBP Consulting Group;EMPRESAS PUBLICAS DE MEDELLIN E.S.P;2021/10/07 11:12:41 AM;2022/06/30 12:00:00 AM;2026/02/16 05:15:41 AM;"CPLEX (Studio
Developer Edition Floating)";SmartBP Consulting Group;1459829;;1;EMPRESAS PUBLICAS DE MEDELLIN E.S.P;.
OC-2021-2607055;OC-2021-2607055-001;ASGH0BWCA5K76AQZ3OK8QY4QI3D3RD;Executed;Fluke;01411056;SUMINISTRO Y CONTROLES S.A;EMPRESAS PUBLICAS DE MEDELLIN E.S.P;2021/09/13 10:06:40 AM;2030/07/08 12:00:00 AM;2025/05/12 12:19:01 PM;Fluke Battery Management;SUMINISTRO Y CONTROLES S.A;2607055;;1;EMPRESAS PUBLICAS DE MEDELLIN E.S.P;.
OC-2021-2614113;OC-2021-2614113-001;ASGGARIOI5LOIAQZWHK1QYXIF94R8K;Historical;IBM;01989070;SmartBP Consulting Group;EMPRESAS PUBLICAS DE MEDELLIN E.S.P;2021/09/23 10:13:26 AM;2022/09/30 12:00:00 AM;2026/02/16 05:15:41 AM;IBM ILOG CPLEX;SmartBP Consulting Group;1462225;;1;EMPRESAS PUBLICAS DE MEDELLIN E.S.P;.
OC-2021-2618370_;OC-2021-2618370-001_;ASGGARIOI5LOIARAKNW8QZLO7RX5WW;Historical;Six Sigma;01980509;ACOSIXSIGMA;EMPRESAS PUBLICAS DE MEDELLIN E.S.P;2021/10/06 03:09:07 PM;2022/01/31 12:00:00 AM;2026/02/16 05:15:41 AM;MINITAB;ACOSIXSIGMA;;;1;EMPRESAS PUBLICAS DE MEDELLIN E.S.P;.
OC-2022-2599986;OC-2022-2599986-001;ASGI93LSJVO46AQZ3MN8QY4O13554F;Executed;ISOGRAPH;01980278;IG GROUP SAS;EMPRESAS PUBLICAS DE MEDELLIN E.S.P;2021/09/13 09:25:02 AM;2030/06/01 12:00:00 AM;2025/05/12 12:19:01 PM;Availability Workbench Isograph;IG GROUP SAS;1460476;;4;EMPRESAS PUBLICAS DE MEDELLIN E.S.P;.
OC-205;OC-205-001;ASGADR4FJYMVQAPKBWDNP9ERR5VFC7;Executed;Desconocido;06337100;COMPAÑIA COMERCIAL GOBE LTDA.;EDEQ S.A. E.S.P.;2018/12/20 02:43:04 PM;2030/07/03 12:00:00 AM;2020/02/06 11:07:48 AM;EViews 6.0;COMPAÑIA COMERCIAL GOBE LTDA.;;;3;EDEQ S.A. E.S.P.;.
OC-20709;OC-20709-001;ASGADR4FJYMVQAQF06VZQE2LKND0ZF;Historical;Desconocido;Unallocated;ADS SOFTWARE S.A.S;EDEQ S.A. E.S.P.;2020/02/06 11:40:27 AM;2019/11/01 12:00:00 AM;2026/02/16 05:15:35 AM;Audisoft;ADS SOFTWARE S.A.S;;;4;EMPRESAS PUBLICAS DE MEDELLIN E.S.P;.
OC-20776;OC-20776-001;ASGA9TAFB7LH4AQF0VDFQE2ZKHTU0J;Historical;Desconocido;Unallocated;Desconocido;EDEQ S.A. E.S.P.;2020/02/06 04:48:10 PM;2020/10/01 12:00:00 AM;2026/02/16 05:15:34 AM;MEGA S&M;Desconocido;;;1;EDEQ S.A. E.S.P.;.
OC-21350;OC-21350-01;ASGADR4FJYMVQAPKRHZUP9UDG92EE2;Historical;Desconocido;Unallocated;GERS S.A.;CENS S.A. E.S.P.;2018/12/20 02:18:24 PM;;2026/02/16 05:15:21 AM;PQView;GERS S.A.;;;999999;EMPRESAS PUBLICAS DE MEDELLIN E.S.P;.
OC-21621;OC-21621-001;ASGA9TAFB7LH4AQF0NSFQE2SJHRWB9;Historical;Desconocido;Unallocated;CRUCIAL SOLUTIONS - XCIAL;EDEQ S.A. E.S.P.;2020/02/06 02:09:26 PM;2020/03/01 12:00:00 AM;2026/02/16 05:15:34 AM;PRTG Network monitor 1000;CRUCIAL SOLUTIONS - XCIAL;;;1;EDEQ S.A. E.S.P.;.
OC-22010;OC-22010-001;ASGADR4FJYMVQAQF05WZQE2KLNCWMY;Historical;Desconocido;Unallocated;MICROCAD LTDA.;EDEQ S.A. E.S.P.;2020/02/06 11:20:33 AM;2020/04/01 12:00:00 AM;2026/02/16 05:15:34 AM;AUTOCAD LT 2020;MICROCAD LTDA.;;;20;EMPRESAS PUBLICAS DE MEDELLIN E.S.P;.
OC-2232124;OC-2232124-001;ASGJSFNSJXX24ASBYYA6SBYYA62DF7;Executed;Controls Group;01980294;DIRIMPEX S.A.S;EMPRESAS PUBLICAS DE MEDELLIN E.S.P;2023/10/03 02:56:55 PM;2035/01/01 12:00:00 AM;2025/05/12 12:19:01 PM;Datacomm2;DIRIMPEX S.A.S;;;1;EMPRESAS PUBLICAS DE MEDELLIN E.S.P;.
OC:22466;OC:22466-1;ASGADR4FJYMVQAPKBWDLP9ERR4VEZ0;Executed;Desconocido;02986400;SOFTWARE SHOP;CHEC S.A. E.S.P.;2018/12/20 02:43:04 PM;;2019/01/03 03:06:24 PM;DLTCAD2014F R1.5;SOFTWARE SHOP;;;999999;CHEC S.A. E.S.P.;.
OC-23489;OC-23489-001;ASGADR4FJYMVQAQF0U5JQE2ZDXF8KP;Historical;Desconocido;Unallocated;Desconocido;EDEQ S.A. E.S.P.;2020/02/06 04:34:12 PM;2020/02/09 12:00:00 AM;2026/02/16 05:15:35 AM;MATLAB;Desconocido;;;2;EDEQ S.A. E.S.P.;.
OC-23798;OC-23798-001;ASGA9TAFB7LH4AQPQCVHQOR677YW6N;Historical;Desconocido;Unallocated;AUDIT SOFTWARE DE COLOMBIA;EM VARIAS;2021/03/09 05:09:40 PM;2018/12/31 12:00:00 AM;2026/02/16 05:15:37 AM;Audisoft;AUDIT SOFTWARE DE COLOMBIA;;;7;EM VARIAS;.
OC-24321;OC-24321-001;ASGADR4FJYMVQAQF1ZZRQE4EO5G0KH;Historical;Desconocido;Unallocated;Desconocido;EDEQ S.A. E.S.P.;2020/02/07 07:30:34 AM;2020/12/01 12:00:00 AM;2026/02/16 05:15:34 AM;DNN EVOQ CONTENT BASIC;Desconocido;;;1;EDEQ S.A. E.S.P.;.
OC 26022_;OC 26022-001_;ASGA9TAFB7LH4AQPRI5EQOSMAIS6QR;Historical;Desconocido;Unallocated;Desconocido;EM VARIAS;2021/03/10 08:07:28 AM;2018/12/31 12:00:00 AM;2026/02/16 05:15:37 AM;EVOQ DNN;Desconocido;;;2;EM VARIAS;.
OC:26056;OC:26056-1;ASGADR4FJYMVQAPKBWDMP9ERR5VFB0;Executed;Desconocido;02986400;FARBIARZ Y ALVAREZ S.A.;CHEC S.A. E.S.P.;2018/12/20 02:43:04 PM;;2019/01/03 03:06:24 PM;DecisionTools Suite;FARBIARZ Y ALVAREZ S.A.;OC:26056;;1;CHEC S.A. E.S.P.;.
OC 2628589;OC 2628589-001;ASGGALYYHYKWBARLTAH5RLTAH5W1T0;Executed;ISOGRAPH;01980278;IG GROUP SAS;EMPRESAS PUBLICAS DE MEDELLIN E.S.P;2022/11/23 09:01:29 AM;2036/10/01 12:00:00 AM;2025/05/12 12:19:01 PM;Reliability Workbench;IG GROUP SAS;1465087;;4;EMPRESAS PUBLICAS DE MEDELLIN E.S.P;.
OC-264;OC-264-1;ASGADR4FJYMVQAPKBWDNP9ERR6VFDP;Executed;Desconocido;06986400;BUSINESSMIND COLOMBIA S.A.;EDEQ S.A. E.S.P.;2018/12/20 02:43:04 PM;2030/09/18 12:00:00 AM;2020/02/06 01:58:10 PM;Toad 6 Profesional-1DBA;BUSINESSMIND COLOMBIA S.A.;;;7;EDEQ S.A. E.S.P.;.
OC 27094;OC 27094-001;ASGA9TAFB7LH4AQPRG9XQOSKFBRS43;Historical;Desconocido;Unallocated;GIT LTDA;EM VARIAS;2021/03/10 07:27:56 AM;2018/12/31 12:00:00 AM;2026/02/16 05:15:38 AM;ACL for Windows;GIT LTDA;;;1;EMPRESAS PUBLICAS DE MEDELLIN E.S.P;.
OC2718866;OC2718866-001;ASGGY5F7DCJYMASSRS2NSSRS2N8RSJ;Executed;CHC NAV;01300222;GEOMARKET SURVEYING S.A.S;EMPRESAS PUBLICAS DE MEDELLIN E.S.P;2025/03/07 03:18:43 PM;2036/09/22 12:00:00 AM;2025/05/12 12:19:01 PM;CoProcess;GEOMARKET SURVEYING S.A.S;;;1;EMPRESAS PUBLICAS DE MEDELLIN E.S.P;.
OC2718866;OC2718866-002;ASGFK816BYORHASSRTIHSSRTIH3XXX;Executed;CHC NAV;01300222;GEOMARKET SURVEYING S.A.S;EMPRESAS PUBLICAS DE MEDELLIN E.S.P;2025/03/07 03:37:07 PM;2036/12/22 12:00:00 AM;2025/05/12 12:19:01 PM;CGO;GEOMARKET SURVEYING S.A.S;;;1;EMPRESAS PUBLICAS DE MEDELLIN E.S.P;.
OC2718866;OC2718866-003;ASGFK816BYORHASSRT96SSRT964EYO;Executed;CHC NAV;01300222;GEOMARKET SURVEYING S.A.S;EMPRESAS PUBLICAS DE MEDELLIN E.S.P;2025/03/07 03:44:17 PM;2036/12/22 12:00:00 AM;2025/05/12 12:19:01 PM;COPRE;GEOMARKET SURVEYING S.A.S;;;1;EMPRESAS PUBLICAS DE MEDELLIN E.S.P;.
OC2725;OC2725-1;ASGADR4FJYMVQAPKRHZ5P9UDGD2DEY;Historical;Desconocido;Unallocated;INFORIENTE LTDA.;CENS S.A. E.S.P.;2018/12/20 02:18:22 PM;2012/06/15 08:00:00 AM;2026/02/16 05:15:20 AM;CorelDRAW Graphics Suite X6;INFORIENTE LTDA.;2725;;2;EMPRESAS PUBLICAS DE MEDELLIN E.S.P;.
OC2725;OC2725-2;ASGADR4FJYMVQAPKRHZ4P9UDGC2DCY;Historical;Desconocido;Unallocated;INFORIENTE LTDA.;CENS S.A. E.S.P.;2018/12/20 02:18:22 PM;2012/06/15 08:00:00 AM;2026/02/16 05:15:19 AM;CorelDRAW Graphics Suite X6;INFORIENTE LTDA.;2725;;1;EMPRESAS PUBLICAS DE MEDELLIN E.S.P;.
OC 2767043;OC 2767043-001;ASGAVOFZBTC8IASI9WW3SI9WW3XCXB;Historical;IBM;01989025;SmartBP Consulting Group;EMPRESAS PUBLICAS DE MEDELLIN E.S.P;2024/02/08 02:04:44 PM;2024/06/30 12:00:00 AM;2026/02/16 05:15:48 AM;IBM ILOG CPLEX;SmartBP Consulting Group;;;2;EMPRESAS PUBLICAS DE MEDELLIN E.S.P;.
OC-28016;OC-28016-01;ASGADR4FJYMVQAPKRHZ3P9UDGC2DCB;Historical;Desconocido;Unallocated;GERS S.A.;CENS S.A. E.S.P.;2018/12/20 02:18:20 PM;;2026/02/16 05:15:15 AM;Dran-View 7;GERS S.A.;;;999999;EMPRESAS PUBLICAS DE MEDELLIN E.S.P;.
OC2879534;OC2879534-001;ASGGY5F7DCJYMASRE5TUSRE5TU4YFZ;Historical;BENTLEY SYSTEMS INTERNATIONAL LIMITED;01989025;BENTLEY SYSTEMS INTERNATIONAL LIMITED;EMPRESAS PUBLICAS DE MEDELLIN E.S.P;2025/02/03 02:11:21 PM;2025/12/31 12:00:00 AM;2026/02/16 05:15:50 AM;PLS-CADD;BENTLEY SYSTEMS INTERNATIONAL LIMITED;;;7;EMPRESAS PUBLICAS DE MEDELLIN E.S.P;.
OC2879534;OC2879534-002;ASGGY5F7DCJYMASRE6AHSRE6AH51HH;Historical;BENTLEY SYSTEMS INTERNATIONAL LIMITED;01989025;BENTLEY SYSTEMS INTERNATIONAL LIMITED;EMPRESAS PUBLICAS DE MEDELLIN E.S.P;2025/02/03 02:13:44 PM;2025/12/31 12:00:00 AM;2026/02/16 05:15:50 AM;PLS TOWER;BENTLEY SYSTEMS INTERNATIONAL LIMITED;;;4;EMPRESAS PUBLICAS DE MEDELLIN E.S.P;.
OC2879534;OC2879534-003;ASGGY5F7DCJYMASRE6D1SRE6D156ES;Historical;BENTLEY SYSTEMS INTERNATIONAL LIMITED;01989025;BENTLEY SYSTEMS INTERNATIONAL LIMITED;EMPRESAS PUBLICAS DE MEDELLIN E.S.P;2025/02/03 02:15:23 PM;2025/12/31 12:00:00 AM;2026/02/16 05:15:51 AM;PLS POLE;BENTLEY SYSTEMS INTERNATIONAL LIMITED;;;3;EMPRESAS PUBLICAS DE MEDELLIN E.S.P;.
OC2925250;OC2925250-001;ASGBB9V3IYZC0ATDVJR1TDVJR1W5UC;Executed;Trimble;01411024;BIM LATINOAMERICA SA;EMPRESAS PUBLICAS DE MEDELLIN E.S.P;2025/10/09 08:37:05 AM;2026/08/10 12:00:00 AM;2025/10/09 08:37:24 AM;SketchUp Pro;BIM LATINOAMERICA SA;1504886;;8;EMPRESAS PUBLICAS DE MEDELLIN E.S.P;.
OC2948093;OC2948093-001;ASGJMS65JLC9PATJVVXBTJVVXB4KDH;Executed;BENTLEY SYSTEMS INTERNATIONAL LIMITED;1009810117;BENTLEY SYSTEMS INTERNATIONAL LIMITED;EMPRESAS PUBLICAS DE MEDELLIN E.S.P;2026/02/03 08:04:25 AM;2026/12/31 12:00:00 AM;2026/02/03 08:04:57 AM;PLS-CADD;BENTLEY SYSTEMS INTERNATIONAL LIMITED;2948093;;7;EMPRESAS PUBLICAS DE MEDELLIN E.S.P;.
OC2948093;OC2948093-002;ASGJYF2SCY3OQATJVW2NTJVW2NA53U;Executed;BENTLEY SYSTEMS INTERNATIONAL LIMITED;1009810117;BENTLEY SYSTEMS INTERNATIONAL LIMITED;EMPRESAS PUBLICAS DE MEDELLIN E.S.P;2026/02/03 08:06:14 AM;2026/12/31 12:00:00 AM;2026/02/03 08:06:33 AM;PLS POLE;BENTLEY SYSTEMS INTERNATIONAL LIMITED;2948093;;3;EMPRESAS PUBLICAS DE MEDELLIN E.S.P;.
OC2948093;OC2948093-003;ASGJMS65JLC9PATJVW5DTJVW5D4ZEF;Executed;BENTLEY SYSTEMS INTERNATIONAL LIMITED;1009810117;BENTLEY SYSTEMS INTERNATIONAL LIMITED;EMPRESAS PUBLICAS DE MEDELLIN E.S.P;2026/02/03 08:07:42 AM;2026/12/31 12:00:00 AM;2026/02/03 08:07:59 AM;PLS TOWER;BENTLEY SYSTEMS INTERNATIONAL LIMITED;2948093;;4;EMPRESAS PUBLICAS DE MEDELLIN E.S.P;.
OC:29790;OC:29790-1;ASGADR4FJYMVQAPKBWDKP9ERR3VEVL;Executed;Desconocido;02986400;SOFTWARE SHOP;CHEC S.A. E.S.P.;2018/12/20 02:43:04 PM;;2019/01/03 03:06:27 PM;SAP Crystal Dashboard Design;SOFTWARE SHOP;OC:29790;;7;CHEC S.A. E.S.P.;.
OC:29797;OC:29797-1;ASGADR4FJYMVQAPKBWDKP9ERR3VEW1;Executed;Desconocido;02986400;SOFTWARE SHOP;CHEC S.A. E.S.P.;2018/12/20 02:43:04 PM;;2019/01/03 03:06:28 PM;SAP Crystal Dashboard Design;SOFTWARE SHOP;OC:29797;;4;CHEC S.A. E.S.P.;.
OC:29799;OC:29799-1;ASGADR4FJYMVQAPKBWDMP9ERR5VFCI;Executed;Desconocido;02986400;SOFTWARE SHOP;CHEC S.A. E.S.P.;2018/12/20 02:43:04 PM;;2019/01/03 03:06:28 PM;SAP Crystal Dashboard Design;SOFTWARE SHOP;OC:29799;;1;CHEC S.A. E.S.P.;.
OC:30873;OC:30873-1;ASGADR4FJYMVQAPKBWDOP9ERR7VFE4;Executed;Desconocido;02986400;SOFTWARE SHOP;CHEC S.A. E.S.P.;2018/12/20 02:43:04 PM;;2019/01/03 03:06:26 PM;EViews;SOFTWARE SHOP;OC:30873;;3;CHEC S.A. E.S.P.;.
OC-32854;OC-32854-001;ASGA9TAFB7LH4AQPRH94QOSLE8SFCZ;Historical;Desconocido;Unallocated;MULTISOFT LTDA.;EM VARIAS;2021/03/10 07:48:40 AM;2021/09/24 12:00:00 AM;2026/02/16 05:15:37 AM;TREND MICROCAD;MULTISOFT LTDA.;;;180;EMPRESAS PUBLICAS DE MEDELLIN E.S.P;.
OC-32855;OC-32855-001;ASGADR4FJYMVQAQVG3D9QUHKKHMQU4;Historical;Desconocido;Unallocated;MULTISOFT S.A.S;EM VARIAS;2021/06/23 05:03:13 PM;2022/04/21 12:00:00 AM;2026/02/16 05:15:39 AM;TREND MICRO;MULTISOFT S.A.S;32855;;90;EM VARIAS;.
OC 32955;OC 32955-001;ASGADR4FJYMVQAQQGEIVQPH8GVFI6W;Historical;CONTROLES EMPRESARIALES LTDA;Unallocated;CONTROLES EMPRESARIALES LTDA;EM VARIAS;2021/03/18 09:02:05 AM;2030/12/31 12:00:00 AM;2026/02/16 05:15:37 AM;Windows Proffesional;CONTROLES EMPRESARIALES LTDA;;;21;EM VARIAS;.
OC 33313;OC 33313-001;ASGADR4FJYMVQAQPQDG4QOR7E3WNJJ;Historical;Desconocido;Unallocated;MICROCAD LTDA.;EM VARIAS;2021/03/09 05:17:56 PM;2022/01/22 12:00:00 AM;2026/02/16 05:15:38 AM;Autodesk AutoCAD Map 3D;MICROCAD LTDA.;;;4;EM VARIAS;.
OC 33313;OC 33313-002;ASGA9TAFB7LH4AQPQD0OQOR6WZZO2Z;Historical;Desconocido;Unallocated;MICROCAD LTDA.;EM VARIAS;2021/03/09 05:18:39 PM;2022/01/22 12:00:00 AM;2026/02/16 05:15:37 AM;Adobe Creative Cloud;MICROCAD LTDA.;;;1;EM VARIAS;.
OC 33314;OC 33314-001;ASGADR4FJYMVQAQPRIT6QOSMR5W6DW;Historical;Desconocido;Unallocated;PULXAR;EM VARIAS;2021/03/10 08:16:18 AM;2021/12/16 12:00:00 AM;2026/02/16 05:15:37 AM;LICENCIAS ORACLE LINUX;PULXAR;;;9;EM VARIAS;.
OC:33314;OC:33314-1;ASGADR4FJYMVQAPKBWDKP9ERR3VEWL;Executed;Desconocido;02986400;SOFTWARE SHOP;CHEC S.A. E.S.P.;2018/12/20 02:43:04 PM;;2019/01/03 03:06:28 PM;SAP Crystal Dashboard Design;SOFTWARE SHOP;OC:33314;;1;CHEC S.A. E.S.P.;.
OC 33467;OC 33467-001;ASGADR4FJYMVQAQPRHS0QOSLQ0TVGI;Historical;Desconocido;Unallocated;ESRI COLOMBIA S.A.S.;EM VARIAS;2021/03/10 07:58:15 AM;2021/12/31 12:00:00 AM;2026/02/16 05:15:37 AM;EXTENSION DE SPATIAL ANALYST;ESRI COLOMBIA S.A.S.;;;1;EM VARIAS;.
OC:34335;OC:34335-1;ASGADR4FJYMVQAPKBWDNP9ERR6VFD8;Executed;Desconocido;02986400;SOFTWARE SHOP;CHEC S.A. E.S.P.;2018/12/20 02:43:04 PM;;2019/01/03 03:06:30 PM;PERT Chart EXPERT;SOFTWARE SHOP;OC:34335;;10;CHEC S.A. E.S.P.;.
OC:34335;OC:34335-2;ASGADR4FJYMVQAPKBWDKP9ERR3VEWF;Executed;Desconocido;02986400;SOFTWARE SHOP;CHEC S.A. E.S.P.;2018/12/20 02:43:04 PM;;2019/01/03 03:06:26 PM;WBS Chart Pro;SOFTWARE SHOP;OC:34335;;10;CHEC S.A. E.S.P.;.
OC-34818;OC-34818-001;ASGADR4FJYMVQAQVG37YQUHKYLMUP2;Historical;CONTROLES EMPRESARIALES LTDA;Unallocated;CONTROLES EMPRESARIALES LTDA;EM VARIAS;2021/06/23 05:10:18 PM;2023/12/31 12:00:00 AM;2026/02/16 05:15:39 AM;Win Server User CALSA;CONTROLES EMPRESARIALES LTDA;34818;;55;EM VARIAS;.
OC-34818;OC-34818-002;ASGA9TAFB7LH4AQVH64VQUINVKRLIP;Historical;CONTROLES EMPRESARIALES LTDA;Unallocated;CONTROLES EMPRESARIALES LTDA;EM VARIAS;2021/06/24 07:10:57 AM;2023/12/31 12:00:00 AM;2026/02/16 05:15:39 AM;Identity Manager;CONTROLES EMPRESARIALES LTDA;34818;;25;EM VARIAS;.
OC-34818;OC-34818-003;ASGADR4FJYMVQAQVH6LKQUIOCIQ90Z;Historical;CONTROLES EMPRESARIALES LTDA;Unallocated;CONTROLES EMPRESARIALES LTDA;EM VARIAS;2021/06/24 07:14:41 AM;2023/12/31 12:00:00 AM;2026/02/16 05:15:39 AM;MS Endpoint Configmgr Clt Mgmt Lic Per User Mgmt LSA;CONTROLES EMPRESARIALES LTDA;34818;;35;EM VARIAS;.
OC-34819;OC-34819-001;ASGADR4FJYMVQAQVH6Z4QUIO6CQPGZ;Historical;Desconocido;Unallocated;CONTROLES EMPRESARIALES LTDA;EM VARIAS;2021/06/24 07:22:26 AM;2021/12/31 12:00:00 AM;2026/02/16 05:15:39 AM;Office 365 EntE3 User;CONTROLES EMPRESARIALES LTDA;34819;;30;EMPRESAS PUBLICAS DE MEDELLIN E.S.P;.
OC-34819;OC-34819-002;ASGA9TAFB7LH4AQVH7DGQUIO9URN38;Historical;Desconocido;Unallocated;CONTROLES EMPRESARIALES LTDA;EM VARIAS;2021/06/24 07:24:40 AM;2021/12/31 12:00:00 AM;2026/02/16 05:15:39 AM;Defender 365P1 User;CONTROLES EMPRESARIALES LTDA;34819;;30;EMPRESAS PUBLICAS DE MEDELLIN E.S.P;.
OC-34820;OC-34820-001;ASGA9TAFB7LH4AQVH71DQUIORSROBF;Historical;ARKIX S.A.;Unallocated;ARKIX S.A.;EM VARIAS;2021/06/24 07:29:46 AM;2024/05/21 12:00:00 AM;2026/02/16 05:15:39 AM;EASYDNN GALLERY;ARKIX S.A.;34820;;1;EM VARIAS;.
OC-34820;OC-34820-002;ASGA9TAFB7LH4AQVH75DQUIOVRRONT;Historical;ARKIX S.A.;Unallocated;ARKIX S.A.;EM VARIAS;2021/06/24 07:31:40 AM;2024/05/21 12:00:00 AM;2026/02/16 05:15:39 AM;EasyDNN Rotator;ARKIX S.A.;34820;;1;EM VARIAS;.
OC-34820;OC-34820-003;ASGA9TAFB7LH4AQVH77QQUIOY5RP08;Historical;ARKIX S.A.;Unallocated;ARKIX S.A.;EM VARIAS;2021/06/24 07:33:55 AM;2024/05/21 12:00:00 AM;2026/02/16 05:15:40 AM;EasyDNNnews;ARKIX S.A.;34820;;1;EM VARIAS;.
OC-34820;OC-34820-004;ASGADR4FJYMVQAQVH7MHQUIPCVQVK7;Historical;ARKIX S.A.;Unallocated;ARKIX S.A.;EM VARIAS;2021/06/24 07:35:58 AM;2024/05/21 12:00:00 AM;2026/02/16 05:15:40 AM;Avt tabsPro;ARKIX S.A.;34820;;1;EM VARIAS;.
OC-35374;OC-35374-001;ASGAJOIFD0FXYARFUUJYREVN6OCN9Y;Historical;DNNSOFTWARE;14616400;ARKIX S.A.;EM VARIAS;2022/01/17 07:52:43 AM;2022/07/27 12:00:00 AM;2026/02/16 05:15:42 AM;DNN EVOQ BASIC PRUEBAS DESARROLLO;ARKIX S.A.;;;1;EM VARIAS;.
OC-35374;OC-35374-002;ASGG8DGIDZG4UARFPXY9REQRFJIF3W;Historical;DNNSOFTWARE;14616400;ARKIX S.A.;EM VARIAS;2022/01/14 04:29:12 PM;2022/07/27 12:00:00 AM;2026/02/16 05:15:42 AM;DNN EVOQ BASIC PRODUCCION ;ARKIX S.A.;;;1;EM VARIAS;.
OC-35454;OC-35454-001;ASGAJOIFD0FXYARFUV95REVOQEDCTM;Historical;ACL Services;14616400;GIT LTDA;EM VARIAS;2022/01/17 08:22:06 AM;2022/07/21 12:00:00 AM;2026/02/16 05:15:42 AM;ACL ROBOTICS PROFESSIONAL;GIT LTDA;;;2;EM VARIAS;.
OC-36151;OC-36151-001;ASGAJOIFD0FXYARFPX0GREQQ6WXVG3;Historical;Trend Micro;14616400;MULTISOFT LTDA.;EM VARIAS;2022/01/14 04:10:12 PM;2022/09/24 12:00:00 AM;2026/02/16 05:15:42 AM;TREND MICRO - APEX ONE AS A SERVICE ;MULTISOFT LTDA.;;;270;EM VARIAS;.
OC-36413;OC-36413-01;ASGADR4FJYMVQAPKRHZ8P9UDGH2D1U;Historical;Desconocido;Unallocated;MICRODYNE S.A.S.;CENS S.A. E.S.P.;2018/12/20 02:18:20 PM;;2026/02/16 05:15:16 AM;SmartView;MICRODYNE S.A.S.;;;999999;EMPRESAS PUBLICAS DE MEDELLIN E.S.P;.
OC-36694;OC-36694;ASGADR4FJYMVQAPKRHZXP9UDGM2EJW;Historical;Desconocido;Unallocated;Desconocido;CENS S.A. E.S.P.;2018/12/20 02:18:24 PM;;2026/02/16 05:15:20 AM;PRTG Network Monitor;Desconocido;;;1;EMPRESAS PUBLICAS DE MEDELLIN E.S.P;.
OC-36694;OC-36694-01;ASGADR4FJYMVQAPKRHZDP9UDFR2C0U;Historical;Desconocido;Unallocated;GSGP SOLUTIONS S.A.S;CENS S.A. E.S.P.;2018/12/20 02:18:20 PM;;2026/02/16 05:15:16 AM;PRTG Network Monitor;GSGP SOLUTIONS S.A.S;;;2;EMPRESAS PUBLICAS DE MEDELLIN E.S.P;.
OC:38100;OC:38100-1;ASGADR4FJYMVQAPKBWDNP9ERR5VFC4;Executed;Desconocido;02986400;FARBIARZ Y ALVAREZ S.A.;CHEC S.A. E.S.P.;2018/12/20 02:43:04 PM;;2019/01/03 03:06:29 PM;DecisionTools Suite;FARBIARZ Y ALVAREZ S.A.;OC:38100;;1;CHEC S.A. E.S.P.;.
OC-38480;OC-38480-001;ASGGALYYHYKWBARK3AY7RK3AY7EYYV;Historical;ARKIX S.A.;Unallocated;ARKIX S.A.;EM VARIAS;2022/10/26 07:25:49 AM;2023/07/14 12:00:00 AM;2026/02/16 05:15:44 AM;Evoq Basic Licencia Producción para 1 dominio;ARKIX S.A.;;;1;EM VARIAS;.
OC-38480;OC-38480-002;ASGCWMRSI3E4RARK3B01RK3B01KDEQ;Historical;ARKIX S.A.;Unallocated;ARKIX S.A.;EM VARIAS;2022/10/26 07:28:41 AM;2023/07/14 12:00:00 AM;2026/02/16 05:15:44 AM;Evoq Basic Licencia Desarrollo para 1 dominio;ARKIX S.A.;;;1;EM VARIAS;.
OC:38555;OC:38555-1;ASGADR4FJYMVQAPKBWDKP9ERR3VEW9;Historical;Desconocido;02986400;SOFTWARE SHOP;CHEC S.A. E.S.P.;2018/12/20 02:43:04 PM;2016/07/31 08:00:00 AM;2026/02/16 05:15:23 AM;ATLAS.ti;SOFTWARE SHOP;OC:38555;;5;CHEC S.A. E.S.P.;.
OC-386;OC-386-001;ASGADR4FJYMVQAPKRHZXP9UDGM2E0E;Executed;Desconocido;Unallocated;NETSOL DE COLOMBIA LTDA;EDEQ S.A. E.S.P.;2018/12/20 02:18:24 PM;2030/10/19 12:00:00 AM;2020/02/07 09:41:07 AM;PGP Security Suite Desktop Prof-9.0;NETSOL DE COLOMBIA LTDA;;;3;EDEQ S.A. E.S.P.;.
OC 38709;OC 38709-001;ASGCWMRSI3E4RARK3B6LRK3B6LKIAA;Historical;ADOBE SYSTEMS INCORPORATED;Unallocated;MCAD S.A.S;EM VARIAS;2022/10/26 07:33:04 AM;2023/01/01 12:00:00 AM;2026/02/16 05:15:44 AM;Adobe Creative Cloud;MCAD S.A.S;;;2;EM VARIAS;.
OC-38721;OC-38721-001;ASGFDND9B5J2CARQCMQZRQCMQZ7JKX;Historical;BIM LATINOAMERICA;Unallocated;BIM LATINOAMERICA SA;EM VARIAS;2023/02/14 08:01:10 AM;2023/08/18 12:00:00 AM;2026/02/16 05:15:45 AM;SCRIPT CASE;BIM LATINOAMERICA SA;;;1;EM VARIAS;.
OC-38722;OC-38722-001;ASGAIQO9ESIREARK3BTZRK3BTZPGBI;Historical;BIM LATINOAMERICA SA;Unallocated;BIM LATINOAMERICA SA;EM VARIAS;2022/10/26 07:40:36 AM;2023/08/19 12:00:00 AM;2026/02/16 05:15:44 AM;Sketchup;BIM LATINOAMERICA SA;;;1;EM VARIAS;.
OC-38814;OC-38814-01;ASGHLRYUBNEYMARQCQ4YRQCQ4Y6RMS;Historical;GIT LTDA;Unallocated;GIT LTDA;EM VARIAS;2023/02/14 09:20:37 AM;2023/08/26 12:00:00 AM;2026/02/16 05:15:46 AM;ACL ROBOTICS PROFESSIONAL;GIT LTDA;;;2;EM VARIAS;.
OC-39216;OC-39216-001;ASGBNJ2CGVBTVARPUA1URPUA1UE1OS;Historical;MULTISOFT LTDA.;Unallocated;MULTISOFT LTDA.;EM VARIAS;2023/02/09 04:16:47 PM;2023/11/02 12:00:00 AM;2026/02/16 05:15:46 AM;TREND MICRO - APEX ONE AS A SERVICE;MULTISOFT LTDA.;;;270;EM VARIAS;.
OC:39438;OC:39438-1;ASGADR4FJYMVQAPKBWDMP9ERR4VFA1;Executed;Desconocido;02986400;SOFTWAREONE;CHEC S.A. E.S.P.;2018/12/20 02:43:04 PM;;2019/01/03 03:06:28 PM;Enterprise Architect;SOFTWAREONE;OC:39438;;5;CHEC S.A. E.S.P.;.
OC:39581;OC:39581-1;ASGADR4FJYMVQAPKBWDMP9ERR5VFBB;Executed;Desconocido;02986400;IAC INGENIEIRA ASISTIDA POR COMPUTADOR S.A.S.;CHEC S.A. E.S.P.;2018/12/20 02:43:04 PM;;2019/01/03 03:06:28 PM;Mathcad Prime;IAC INGENIEIRA ASISTIDA POR COMPUTADOR S.A.S.;OC:39581;;1;CHEC S.A. E.S.P.;.
OC-39781;OC-39781-01;ASGHLRYUBNEYMARQCPS8RQCPS85PKC;Historical;ESRI COLOMBIA S.A.S.;Unallocated;ESRI COLOMBIA S.A.S.;EM VARIAS;2023/02/14 09:07:11 AM;2023/12/31 12:00:00 AM;2026/02/16 05:15:45 AM;ArcGIS for Desktop Advance;ESRI COLOMBIA S.A.S.;;;1;EM VARIAS;.
OC-39781;OC-39781-02;ASGHLRYUBNEYMARQCPW9RQCPW95WZV;Historical;ESRI COLOMBIA S.A.S.;Unallocated;ESRI COLOMBIA S.A.S.;EM VARIAS;2023/02/14 09:08:32 AM;2023/12/31 12:00:00 AM;2026/02/16 05:15:46 AM;ArcGIS for Desktop Estándar Concurrent Primary Mainten;ESRI COLOMBIA S.A.S.;;;1;EM VARIAS;.
OC-39781;OC-39781-03;ASGHLRYUBNEYMARQCPYQRQCPYQ6BDI;Historical;ESRI COLOMBIA S.A.S.;Unallocated;ESRI COLOMBIA S.A.S.;EM VARIAS;2023/02/14 09:10:03 AM;2023/12/31 12:00:00 AM;2026/02/16 05:15:45 AM;ArcGIS for Server Enterprise;ESRI COLOMBIA S.A.S.;;;1;EM VARIAS;.
OC-39781;OC-39781-04;ASGBNJ2CGVBTVARQCQDGRQCQDGC6VP;Historical;ESRI COLOMBIA S.A.S.;Unallocated;ESRI COLOMBIA S.A.S.;EM VARIAS;2023/02/14 09:12:33 AM;2023/12/31 12:00:00 AM;2026/02/16 05:15:45 AM;ArcGIS for Desktop Estándar Concurrent Secondary Mainten;ESRI COLOMBIA S.A.S.;;;2;EM VARIAS;.
OC-39781;OC-39781-05;ASGHLRYUBNEYMARQCQF7RQCQF7634V;Historical;ESRI COLOMBIA S.A.S.;Unallocated;ESRI COLOMBIA S.A.S.;EM VARIAS;2023/02/14 09:14:15 AM;2023/12/31 12:00:00 AM;2026/02/16 05:15:46 AM;ArcGIS Spatial Analyst;ESRI COLOMBIA S.A.S.;;;1;EM VARIAS;.
OC 39784;OC 39784-01;ASGHLRYUBNEYMARQCQOVRQCQOV71ZW;Historical;IG SERVICES SAS;Unallocated;Desconocido;EM VARIAS;2023/02/14 09:26:15 AM;2023/12/15 12:00:00 AM;2026/02/16 05:15:45 AM;Linux Red Hat;Desconocido;;;3;EM VARIAS;.
OC-39785;OC-39785-001;ASGBNJ2CGVBTVARPTZZVRPTZZVECN3;Historical;JV ELECTRONICS;Unallocated;JV ELECTRONICS;EM VARIAS;2023/02/09 04:08:59 PM;2023/11/30 12:00:00 AM;2026/02/16 05:15:44 AM;ACROBAT PRO;JV ELECTRONICS;;;2;EM VARIAS;.
OC-39789;OC-39790-01;ASGAVOFZBTC8IASIDB2ISIDB2I6KEB;Historical;Autodesk;Unallocated;MCAD S.A.S;EM VARIAS;2024/01/30 11:21:02 AM;2025/12/31 12:00:00 AM;2026/02/16 05:15:48 AM;AutoCAd;MCAD S.A.S;;;4;EM VARIAS;.
OC-39808;OC 39808-01;ASGEFWO5C421DASIDBGDSIDBGD9GP7;Historical;Desconocido;Unallocated;AUDISOFT;EM VARIAS;2024/01/30 11:16:56 AM;2023/12/31 12:00:00 AM;2026/02/16 05:15:48 AM;Audisoft;AUDISOFT;;;7;EM VARIAS;.
OC-39809;OC-39809-001;ASGBNJ2CGVBTVARPTZ34RPTZ34DOCL;Historical;JV ELECTRONICS;Unallocated;JV ELECTRONICS;EM VARIAS;2023/02/09 04:02:54 PM;2023/11/30 12:00:00 AM;2026/02/16 05:15:44 AM;Adobe Creative Cloud;JV ELECTRONICS;;;3;EM VARIAS;.
OC-39810;OC-39810-01;ASGFDND9B5J2CARQCQX4RQCQX4LI8R;Historical;MANAR;Unallocated;MANAR TECHNOLOGIES;EM VARIAS;2023/02/14 09:31:13 AM;2023/12/02 12:00:00 AM;2026/02/16 05:15:45 AM;Qlik Sense Analise;MANAR TECHNOLOGIES;;;2;EM VARIAS;.
OC-39810;OC-39810-02;ASGFDND9B5J2CARQCRASRQCRASL28E;Historical;MANAR;Unallocated;MANAR TECHNOLOGIES;EM VARIAS;2023/02/14 09:33:02 AM;2023/12/02 12:00:00 AM;2026/02/16 05:15:47 AM;Qlik Sense Enterprise;MANAR TECHNOLOGIES;;;2;EM VARIAS;.
OC-39812;OC-39812-001;ASGFDND9B5J2CARPUCC5RPUCC5GA98;Historical;Desconocido;Unallocated;PULXAR;EM VARIAS;2023/02/09 04:53:03 PM;2023/12/01 12:00:00 AM;2026/02/16 05:15:46 AM;Oracle Linux Basic Limited ;PULXAR;;;10;EM VARIAS;.
OC:40569;OC:40569-1;ASGADR4FJYMVQAPKBWDMP9ERR4VFAQ;Executed;Desconocido;02986400;ALBERTO ALVAREZ LOPEZ - GTI;CHEC S.A. E.S.P.;2018/12/20 02:43:04 PM;;2019/01/03 03:06:24 PM;MATLAB;ALBERTO ALVAREZ LOPEZ - GTI;OC:40569;;1;CHEC S.A. E.S.P.;.
OC:40572;OC:40572-1;ASGADR4FJYMVQAPKBWDOP9ERR6VFED;Historical;Desconocido;02986400;HMV INGENIEROS LTDA.;CHEC S.A. E.S.P.;2018/12/20 02:43:04 PM;2016/09/13 08:00:00 AM;2026/02/16 05:15:27 AM;DISAC 3-D;HMV INGENIEROS LTDA.;OC:40572;;1;CHEC S.A. E.S.P.;.
OC:40575;OC:40575-1;ASGADR4FJYMVQAPKBWDLP9ERR3VEX4;Historical;Desconocido;02986400;ALBERTO ALVAREZ LOPEZ - GTI;CHEC S.A. E.S.P.;2018/12/20 02:43:04 PM;2016/09/13 08:00:00 AM;2026/02/16 05:15:23 AM;Arcserve Backup Client Agent for Linux;ALBERTO ALVAREZ LOPEZ - GTI;OC:40575;;8;CHEC S.A. E.S.P.;.
OC:40575;OC:40575-2;ASGADR4FJYMVQAPKBWDNP9ERR6VFDE;Historical;Desconocido;02986400;ALBERTO ALVAREZ LOPEZ - GTI;CHEC S.A. E.S.P.;2018/12/20 02:43:04 PM;2016/09/13 08:00:00 AM;2026/02/16 05:15:27 AM;Arcserve Backup Client Agent for Windows;ALBERTO ALVAREZ LOPEZ - GTI;OC:40575;;14;CHEC S.A. E.S.P.;.
OC:40575;OC:40575-3;ASGADR4FJYMVQAPKBWDMP9ERR5VFAV;Historical;Desconocido;02986400;ALBERTO ALVAREZ LOPEZ - GTI;CHEC S.A. E.S.P.;2018/12/20 02:43:04 PM;2016/09/13 08:00:00 AM;2026/02/16 05:15:25 AM;Arcserve Backup for Windows File Server Module;ALBERTO ALVAREZ LOPEZ - GTI;OC:40575;;6;CHEC S.A. E.S.P.;.
OC:41231;OC:41231-1;ASGADR4FJYMVQAPKBWDOP9ERR7VFE0;Executed;Desconocido;02986400;ALBERTO ALVAREZ LOPEZ - GTI;CHEC S.A. E.S.P.;2018/12/20 02:43:04 PM;;2019/01/03 03:17:45 PM;Adobe Acrobat Reader DC;ALBERTO ALVAREZ LOPEZ - GTI;OC:41231;;22;CHEC S.A. E.S.P.;.
OC:41231;OC:41231-2;ASGADR4FJYMVQAPKBWDKP9ERR3VEWC;Executed;Desconocido;02986400;ALBERTO ALVAREZ LOPEZ - GTI;CHEC S.A. E.S.P.;2018/12/20 02:43:04 PM;;2019/01/03 03:17:44 PM;Adobe Creative Cloud;ALBERTO ALVAREZ LOPEZ - GTI;OC:41231;;1;CHEC S.A. E.S.P.;.
OC-41611;OC-41611-01;ASGEFWO5C421DASICTD6SICTD63NGB;Historical;DNNSOFTWARE;Unallocated;ARKIX S.A.;EM VARIAS;2024/01/30 08:22:33 AM;2024/07/14 12:00:00 AM;2026/02/16 05:15:48 AM;DNN EVOQ BASIC PRODUCCION ;ARKIX S.A.;;;1;EM VARIAS;.
OC-41611;OC-41611-02;ASGHDYKEIKJX1ASICTIJSICTIJJXTW;Historical;DNNSOFTWARE;Unallocated;ARKIX S.A.;EM VARIAS;2024/01/30 08:25:26 AM;2024/07/14 12:00:00 AM;2026/02/16 05:15:47 AM;DNN EVOQ BASIC PRUEBAS DESARROLLO;ARKIX S.A.;;;1;EM VARIAS;.
OC:42024;OC:42024-1;ASGADR4FJYMVQAPKBWDMP9ERR5VFB6;Executed;Desconocido;02986400;SOFTWAREONE;CHEC S.A. E.S.P.;2018/12/20 02:43:04 PM;;2019/01/03 03:06:28 PM;Toad for SQL Server 2016 Suite;SOFTWAREONE;OC:42024;;2;CHEC S.A. E.S.P.;.
OC:42024;OC:42024-2;ASGADR4FJYMVQAPKBWDKP9ERR3VEWP;Executed;Desconocido;02986400;SOFTWAREONE;CHEC S.A. E.S.P.;2018/12/20 02:43:04 PM;;2019/01/03 03:06:23 PM;Toad for Oracle;SOFTWAREONE;OC:42024;;4;CHEC S.A. E.S.P.;.
OC:42024;OC:42024-3;ASGADR4FJYMVQAPKBWDNP9ERR6VFCL;Executed;Desconocido;02986400;SOFTWAREONE;CHEC S.A. E.S.P.;2018/12/20 02:43:04 PM;;2019/01/03 03:06:25 PM;Toad for Oracle;SOFTWAREONE;OC:42024;;4;CHEC S.A. E.S.P.;.
OC:42024;OC:42024-4;ASGADR4FJYMVQAPKBWDNP9ERR6VFD4;Executed;Desconocido;02986400;SOFTWAREONE;CHEC S.A. E.S.P.;2018/12/20 02:43:04 PM;;2019/01/03 03:06:27 PM;Toad for SQL Server;SOFTWAREONE;OC:42024;;2;CHEC S.A. E.S.P.;.
OC:42024;OC:42024-5;ASGADR4FJYMVQAPKBWDLP9ERR4VEYM;Executed;Desconocido;02986400;SOFTWAREONE;CHEC S.A. E.S.P.;2018/12/20 02:43:04 PM;;2019/01/03 03:06:24 PM;Toad for Oracle;SOFTWAREONE;OC:42024;;2;CHEC S.A. E.S.P.;.
OC:42024;OC:42024-6;ASGADR4FJYMVQAPKBWDNP9ERR6VFCP;Executed;Desconocido;02986400;SOFTWAREONE;CHEC S.A. E.S.P.;2018/12/20 02:43:04 PM;;2019/01/03 03:06:29 PM;Toad for Oracle;SOFTWAREONE;OC:42024;;2;CHEC S.A. E.S.P.;.
"OC 42025
OC 42025";OC 42025-01;ASGAVOFZBTC8IASICT4KSICT4K24EW;Historical;SCRIPT CASE;Unallocated;BIM LATINOAMERICA SA;EM VARIAS;2024/01/30 08:31:30 AM;2024/08/17 12:00:00 AM;2026/02/16 05:15:47 AM;SCRIPT CASE;BIM LATINOAMERICA SA;;;2;EM VARIAS;.
OC 42411;OC 42411-01;ASGEFWO5C421DASICU16SICU164LMR;Historical;Trend Micro;Unallocated;MULTISOFT LTDA.;EM VARIAS;2024/01/30 08:48:33 AM;2024/09/24 12:00:00 AM;2026/02/16 05:15:48 AM;TREND MICRO - APEX ONE AS A SERVICE ;MULTISOFT LTDA.;;;310;EM VARIAS;.
OC 42474;OC 42474-01;ASGEFWO5C421DASICTPNSICTPN4DNT;Historical;Microsoft;Unallocated;CONTROLES EMPRESARIALES LTDA;EM VARIAS;2024/01/30 08:37:48 AM;2024/11/14 12:00:00 AM;2026/02/16 05:15:47 AM;Win Server User CALSA;CONTROLES EMPRESARIALES LTDA;;;55;EM VARIAS;.
OC 42474;OC 42474-02;ASGHDYKEIKJX1ASICTVRSICTVR0XYD;Historical;Microsoft;Unallocated;CONTROLES EMPRESARIALES LTDA;EM VARIAS;2024/01/30 08:40:41 AM;2024/11/14 12:00:00 AM;2026/02/16 05:15:47 AM;Identity Manager User CALSA;CONTROLES EMPRESARIALES LTDA;;;25;EM VARIAS;.
OC 42474;OC 42474-03;ASGEFWO5C421DASICUA4SICUA443BM;Historical;Microsoft;Unallocated;CONTROLES EMPRESARIALES LTDA;EM VARIAS;2024/01/30 08:42:47 AM;2024/11/14 12:00:00 AM;2026/02/16 05:15:48 AM;MS Endpoint Configmgr Clt Mgmt Lic Per User Mgmt LSA;CONTROLES EMPRESARIALES LTDA;;;35;EM VARIAS;.
OC 42474;OC 42474-04;ASGAVOFZBTC8IASICUDYSICUDY2VIA;Historical;Microsoft;Unallocated;CONTROLES EMPRESARIALES LTDA;EM VARIAS;2024/01/30 08:46:04 AM;2024/11/14 12:00:00 AM;2026/02/16 05:15:47 AM;Visual Studio;CONTROLES EMPRESARIALES LTDA;;;1;EM VARIAS;.
OC 42649;OC 42649-01;ASGHDYKEIKJX1ASICY8QSICY8Q7TQV;Historical;AUDISOFT;Unallocated;AUDISOFT;EM VARIAS;2024/01/30 10:20:49 AM;2024/12/31 12:00:00 AM;2026/02/16 05:15:48 AM;Audisoft;AUDISOFT;;;7;EM VARIAS;.
OC 42650;OC 42650-01;ASGAVOFZBTC8IASICU7BSICU7B3A6W;Historical;SKETCHUP;Unallocated;BIM LATINOAMERICA SA;EM VARIAS;2024/01/30 08:52:56 AM;2024/10/18 12:00:00 AM;2026/02/16 05:15:48 AM;SKETCHUP;BIM LATINOAMERICA SA;;;1;EM VARIAS;.
OC 42764;OC 42764-01;ASGAVOFZBTC8IASICYQ2SICYQ25JS4;Historical;Autodesk;Unallocated;MCAD S.A.S;EM VARIAS;2024/01/30 10:24:23 AM;2025/01/22 12:00:00 AM;2026/02/16 05:15:47 AM;AutoCAd;MCAD S.A.S;;;4;EM VARIAS;.
OC 42764;OC 42764-02;ASGEFWO5C421DASICYUYSICYUY7565;Historical;Autodesk;Unallocated;MCAD S.A.S;EM VARIAS;2024/01/30 10:27:16 AM;2025/01/22 12:00:00 AM;2026/02/16 05:15:48 AM;AUTOCAD REVIT LT;MCAD S.A.S;;;1;EM VARIAS;.
OC 42765;OC 42765-01;ASGEFWO5C421DASICZATSICZAT7KFN;Historical;ESRI COLOMBIA S.A.S.;Unallocated;ESRI COLOMBIA S.A.S.;EM VARIAS;2024/01/30 10:30:36 AM;2024/12/31 12:00:00 AM;2026/02/16 05:15:47 AM;ArcGIS for Desktop Advance;ESRI COLOMBIA S.A.S.;;;1;EM VARIAS;.
OC 42765;OC 42765-02;ASGHDYKEIKJX1ASICZDZSICZDZ8WDR;Historical;ESRI COLOMBIA S.A.S.;Unallocated;ESRI COLOMBIA S.A.S.;EM VARIAS;2024/01/30 10:32:07 AM;2024/12/31 12:00:00 AM;2026/02/16 05:15:47 AM;ArcGIS for Desktop Estándar Concurrent Primary Mainten;ESRI COLOMBIA S.A.S.;;;3;EM VARIAS;.
OC 42765;OC 42765-03;ASGEFWO5C421DASICZGESICZGE7NP9;Historical;ESRI COLOMBIA S.A.S.;Unallocated;ESRI COLOMBIA S.A.S.;EM VARIAS;2024/01/30 10:33:22 AM;2024/12/31 12:00:00 AM;2026/02/16 05:15:48 AM;ArcGIS for Server Enterprise;ESRI COLOMBIA S.A.S.;;;1;EM VARIAS;.
OC 42765;OC 42765-04;ASGHDYKEIKJX1ASICZJASICZJA9EC0;Historical;ESRI COLOMBIA S.A.S.;Unallocated;ESRI COLOMBIA S.A.S.;EM VARIAS;2024/01/30 10:35:20 AM;2024/12/31 12:00:00 AM;2026/02/16 05:15:48 AM;ArcGIS Spatial Analyst;ESRI COLOMBIA S.A.S.;;;1;EM VARIAS;.
OC 42789;OC 42789-01;ASGEFWO5C421DASICZ62SICZ627XV5;Historical;QLIK;Unallocated;MANAR TECHNOLOGIES;EM VARIAS;2024/01/30 10:42:58 AM;2024/12/31 12:00:00 AM;2026/02/16 05:15:48 AM;Qlik Sense Analyzer;MANAR TECHNOLOGIES;;;2;EM VARIAS;.
OC 42789;OC 42790-02;ASGHDYKEIKJX1ASICZTJSICZTJKFCT;Historical;QLIK;Unallocated;MANAR TECHNOLOGIES;EM VARIAS;2024/01/30 10:53:40 AM;2024/11/28 12:00:00 AM;2026/02/16 05:15:48 AM;Qlik Sense Enterprise Professional;MANAR TECHNOLOGIES;;;2;EM VARIAS;.
OC 42883;OC 42883-01;ASGHDYKEIKJX1ASIDAI3SIDAI3KTRR;Historical;Red Hat;Unallocated;IG SERVICES SAS;EM VARIAS;2024/01/30 10:56:31 AM;2024/12/20 12:00:00 AM;2026/02/16 05:15:48 AM;Red Hat Enterprise Linux Server Premium;IG SERVICES SAS;;;1;EM VARIAS;.
OC 42883;OC 42883-02;ASGEFWO5C421DASIDA0TSIDA0T8Q1C;Historical;Red Hat;Unallocated;IG SERVICES SAS;EM VARIAS;2024/01/30 10:57:38 AM;2024/12/20 12:00:00 AM;2026/02/16 05:15:48 AM;Red Hat Enterprise Linux Server Standard;IG SERVICES SAS;;;2;EM VARIAS;.
OC 43072;OC 43072-01;ASGHDYKEIKJX1ASIDAW8SIDAW8MAVM;Historical;Oracle;Unallocated;IT CROWD SAS;EM VARIAS;2024/01/30 11:11:03 AM;2024/12/14 12:00:00 AM;2026/02/16 05:15:48 AM;Oracle Linux Basic Limited;IT CROWD SAS;;;10;EM VARIAS;.
OC 43082;OC 43082-01;ASGAVOFZBTC8IASIDA9WSIDA9W6JI9;Historical;ADOBE SYSTEMS INCORPORATED;Unallocated;MEGACAD INGENIERIA Y SISTEMAS SAS;EM VARIAS;2024/01/30 11:04:56 AM;2024/11/29 12:00:00 AM;2026/02/16 05:15:48 AM;ACROBAT PRO;MEGACAD INGENIERIA Y SISTEMAS SAS;;;2;EM VARIAS;.
OC 43082;OC 43082-02;ASGEFWO5C421DASIDARJSIDARJ8Y73;Historical;ADOBE SYSTEMS INCORPORATED;Unallocated;MEGACAD INGENIERIA Y SISTEMAS SAS;EM VARIAS;2024/01/30 11:07:44 AM;2024/11/29 12:00:00 AM;2026/02/16 05:15:48 AM;Adobe Creative Cloud;MEGACAD INGENIERIA Y SISTEMAS SAS;;;3;EM VARIAS;.
OC43516;OC43516-1;ASGADR4FJYMVQAPKRHZ5P9UDGE2DGI;Historical;Desconocido;Unallocated;Desconocido;CENS S.A. E.S.P.;2018/12/20 01:39:51 PM;;2026/02/16 05:15:14 AM;QUALITROL (Defining Reliability);Desconocido;43516;;25;EMPRESAS PUBLICAS DE MEDELLIN E.S.P;.
OC:43666;OC:43666-1;ASGADR4FJYMVQAPKBWDKP9ERR3VEVX;Historical;Desconocido;02986400;GIT LTDA;CHEC S.A. E.S.P.;2018/12/20 02:43:04 PM;2017/02/28 08:00:00 AM;2026/02/16 05:15:22 AM;ACL for Windows;GIT LTDA;OC:43666;;2;CHEC S.A. E.S.P.;.
OC:43816;OC:43816-1;ASGADR4FJYMVQAPKBWDLP9ERR4VEYN;Executed;Desconocido;02986400;SOFTWARE SHOP;CHEC S.A. E.S.P.;2018/12/20 02:43:04 PM;;2019/01/03 03:06:27 PM;PL/SQL Developer;SOFTWARE SHOP;OC:43816;;10;CHEC S.A. E.S.P.;.
OC-44212;OC-44212-01;ASGADR4FJYMVQAPKRHZKP9UDGJ2D5T;Historical;Desconocido;Unallocated;SOFTWARE SHOP;CENS S.A. E.S.P.;2018/12/20 02:18:20 PM;;2026/02/16 05:15:17 AM;SAP2000;SOFTWARE SHOP;;;1;EMPRESAS PUBLICAS DE MEDELLIN E.S.P;.
OC-44474;OC-44474-01;ASGFK816BYORHASQ6E7QSQ6E7QJSBM;Historical;DNNSOFTWARE;Unallocated;ARKIX S.A.;EM VARIAS;2025/01/21 11:02:22 AM;2025/07/14 12:00:00 AM;2026/02/16 05:15:49 AM;DNN EVOQ BASIC PRUEBAS DESARROLLO;ARKIX S.A.;;;1;EM VARIAS;.
OC-44474;OC-44474-02;ASGGY5F7DCJYMASQ6EKISQ6EKIAPP6;Historical;DNNSOFTWARE;Unallocated;ARKIX S.A.;EM VARIAS;2025/01/21 11:03:28 AM;2025/07/14 12:00:00 AM;2026/02/16 05:15:51 AM;DNN EVOQ BASIC PRODUCCION ;ARKIX S.A.;;;1;EM VARIAS;.
OC 44764;OC 44764-01;ASGGY5F7DCJYMASQ6BFSSQ6BFSSUP3;Historical;BIM LATINOAMERICA;Unallocated;BIM LATINOAMERICA SA;EM VARIAS;2025/01/21 09:51:02 AM;2025/09/17 12:00:00 AM;2026/02/16 05:15:49 AM;SCRIPT CASE APPS ENTERPRISE;BIM LATINOAMERICA SA;;;1;EM VARIAS;.
OC 44764;OC 44764-02;ASGFK816BYORHASQ6BJPSQ6BJPG9SL;Historical;BIM LATINOAMERICA;Unallocated;BIM LATINOAMERICA SA;EM VARIAS;2025/01/21 09:52:48 AM;2025/08/24 12:00:00 AM;2026/02/16 05:15:49 AM;SCRIPT CASE  ENTERPRISE;BIM LATINOAMERICA SA;;;1;EM VARIAS;.
OC 45035;OC 45035-01;ASGHQUY5ITS9AASQ6B5HSQ6B5HTPQP;Historical;Trend Micro;Unallocated;MULTISOFT LTDA.;EM VARIAS;2025/01/21 09:55:47 AM;2025/10/06 12:00:00 AM;2026/02/16 05:15:51 AM;TREND MICRO - APEX ONE AS A SERVICE ;MULTISOFT LTDA.;;;300;EM VARIAS;.
OC 45381;OC  45381-01;ASGHQUY5ITS9AASQ6BK4SQ6BK4TSY3;Executed;Microsoft;Unallocated;CONTROLES EMPRESARIALES LTDA;EM VARIAS;2025/01/21 09:59:21 AM;2027/10/21 12:00:00 AM;2026/02/05 02:25:09 PM;Identity Manager  User CALSA;CONTROLES EMPRESARIALES LTDA;;;25;EM VARIAS;.
OC 45381;OC  45381-02;ASGGY5F7DCJYMASQ6BN4SQ6BN4UYQ2;Executed;Microsoft;Unallocated;CONTROLES EMPRESARIALES LTDA;EM VARIAS;2025/01/21 10:00:40 AM;2027/10/21 12:00:00 AM;2026/02/06 05:13:05 AM;Win Server User CALSA;CONTROLES EMPRESARIALES LTDA;;;55;EM VARIAS;.
OC 45381;OC  45381-03;ASGHQUY5ITS9AASQ6BPUSQ6BPUTVZA;Executed;Microsoft;Unallocated;CONTROLES EMPRESARIALES LTDA;EM VARIAS;2025/01/21 10:02:03 AM;2027/10/21 12:00:00 AM;2026/02/06 05:13:07 AM;MS Endpoint Configmgr Clt Mgmt Lic Per User Mgmt LSA;CONTROLES EMPRESARIALES LTDA;;;35;EM VARIAS;.
OC 45381;OC  45381-04;ASGHQUY5ITS9AASQ6BSBSQ6BSBTXD5;Executed;Microsoft;Unallocated;CONTROLES EMPRESARIALES LTDA;EM VARIAS;2025/01/21 10:03:32 AM;2027/10/21 12:00:00 AM;2026/02/06 05:13:06 AM;Visual Studio;CONTROLES EMPRESARIALES LTDA;;;1;EM VARIAS;.
OC 45381;OC  45381-05;ASGGY5F7DCJYMASQ6BU7SQ6BU7V06V;Executed;Microsoft;Unallocated;CONTROLES EMPRESARIALES LTDA;EM VARIAS;2025/01/21 10:04:52 AM;2027/10/21 12:00:00 AM;2026/02/05 02:25:09 PM;Win Server User CALSA;CONTROLES EMPRESARIALES LTDA;;;115;EM VARIAS;.
OC 45381;OC  45381-06;ASGHQUY5ITS9AASQ6BWNSQ6BWNTZSU;Executed;Microsoft;Unallocated;CONTROLES EMPRESARIALES LTDA;EM VARIAS;2025/01/21 10:06:01 AM;2027/10/21 12:00:00 AM;2026/02/06 05:13:06 AM;Identity Manager  User CALSA;CONTROLES EMPRESARIALES LTDA;;;145;EM VARIAS;.
OC 45458;OC 45458-01;ASGHQUY5ITS9AASQ6CLISQ6CLIU9N7;Historical;BIM LATINOAMERICA SA;Unallocated;BIM LATINOAMERICA SA;EM VARIAS;2025/01/21 10:20:55 AM;2025/11/19 12:00:00 AM;2026/02/16 05:15:51 AM;Sketchup;BIM LATINOAMERICA SA;;;1;EM VARIAS;.
OC 45534;OC 45534-001;ASGJYF2SCY3OQAT0AG51T0AG51ARGA;Executed;ESRI COLOMBIA S.A.S.;Unallocated;ESRI COLOMBIA S.A.S.;EM VARIAS;2026/02/05 03:34:31 PM;2035/01/21 12:00:00 AM;2026/02/05 03:37:57 PM;ArcGIS for Desktop Advance;ESRI COLOMBIA S.A.S.;;;1;EM VARIAS;.
OC 45534;OC 45534-002;ASGJMS65JLC9PAT0AG9QT0AG9QI5LZ;Executed;ESRI COLOMBIA S.A.S.;Unallocated;ESRI COLOMBIA S.A.S.;EM VARIAS;2026/02/05 03:37:24 PM;2035/01/21 12:00:00 AM;2026/02/05 03:37:50 PM;ArcGIS Spatial Analyst;ESRI COLOMBIA S.A.S.;;;1;EM VARIAS;.
OC 45534_;OC 45534-01;ASGHQUY5ITS9AASQ6CVESQ6CVEUOZL;Historical;ESRI COLOMBIA S.A.S.;Unallocated;ESRI COLOMBIA S.A.S.;EM VARIAS;2025/01/21 10:26:51 AM;2025/12/31 12:00:00 AM;2026/02/16 05:15:50 AM;ArcGIS for Desktop Advance;ESRI COLOMBIA S.A.S.;;;1;EM VARIAS;.
OC 45534_;OC 45534-02;ASGHQUY5ITS9AASQ6CXESQ6CXEUQ5L;Historical;ESRI COLOMBIA S.A.S.;Unallocated;ESRI COLOMBIA S.A.S.;EM VARIAS;2025/01/21 10:28:59 AM;2025/12/31 12:00:00 AM;2026/02/16 05:15:49 AM;ArcGIS Spatial Analyst;ESRI COLOMBIA S.A.S.;;;1;EM VARIAS;.
OC 45534_;OC 45534-03;ASGHQUY5ITS9AASQ6DAZSQ6DAZUV93;Historical;ESRI COLOMBIA S.A.S.;Unallocated;ESRI COLOMBIA S.A.S.;EM VARIAS;2025/01/21 10:30:24 AM;2025/12/31 12:00:00 AM;2026/02/16 05:15:49 AM;ArcGIS for Desktop Estándar Concurrent Primary Mainten;ESRI COLOMBIA S.A.S.;;;1;EM VARIAS;.
OC 45534_;OC 45534-04;ASGFK816BYORHASQ6DEFSQ6DEFI2TJ;Historical;ESRI COLOMBIA S.A.S.;Unallocated;ESRI COLOMBIA S.A.S.;EM VARIAS;2025/01/21 10:32:24 AM;2025/12/31 12:00:00 AM;2026/02/16 05:15:50 AM;ArcGIS for Desktop Estándar;ESRI COLOMBIA S.A.S.;;;2;EM VARIAS;.
OC 45535;OC 45535-01;ASGFK816BYORHASQ6C6ISQ6C6IHM5Z;Historical;AUDISOFT;Unallocated;AUDISOFT;EM VARIAS;2025/01/21 10:18:07 AM;2025/12/31 12:00:00 AM;2026/02/16 05:15:50 AM;Audisoft;AUDISOFT;;;7;EM VARIAS;.
OC 45648;OC 45648-01;ASGGY5F7DCJYMASQ6DYBSQ6DYBZ8US;Historical;Oracle;Unallocated;IT CROWD SAS;EM VARIAS;2025/01/21 10:51:37 AM;2025/12/14 12:00:00 AM;2026/02/16 05:15:49 AM;Oracle Linux Basic Limited;IT CROWD SAS;;;10;EM VARIAS;.
OC 45663;OC 45663-01;ASGGY5F7DCJYMASQ6CQPSQ6CQPWW4Q;Historical;Desconocido;Unallocated;MCAD S.A.S;EM VARIAS;2025/01/21 10:24:13 AM;2026/01/22 12:00:00 AM;2026/02/16 05:15:51 AM;AutoCAD;MCAD S.A.S;;;4;EM VARIAS;.
OC 45664;OC 45664-01;ASGFK816BYORHASQ6D1LSQ6D1LIL4N;Historical;QLIK;Unallocated;Datecsa SA;EM VARIAS;2025/01/21 10:36:53 AM;2025/12/05 12:00:00 AM;2026/02/16 05:15:49 AM;Qlik Sense Software;Datecsa SA;;;1;EM VARIAS;.
OC 45664;OC 45664-02;ASGGY5F7DCJYMASQ6D4CSQ6D4CYI5W;Historical;QLIK;Unallocated;Datecsa SA;EM VARIAS;2025/01/21 10:38:19 AM;2025/12/05 12:00:00 AM;2026/02/16 05:15:50 AM;Qlik Sense Enterprise Professional;Datecsa SA;;;2;EM VARIAS;.
OC 45664;OC 45664-03;ASGFK816BYORHASQ6D63SQ6D63IQWU;Historical;QLIK;Unallocated;Datecsa SA;EM VARIAS;2025/01/21 10:42:29 AM;2025/12/05 12:00:00 AM;2026/02/16 05:15:49 AM;Qlik Sense Enterprise Analizer;Datecsa SA;;;2;EM VARIAS;.
OC 45681;OC 45681-01;ASGHQUY5ITS9AASQ6EI7SQ6EI7WC7X;Historical;ADOBE SYSTEMS INCORPORATED;Unallocated;MEGACAD INGENIERIA Y SISTEMAS SAS;EM VARIAS;2025/01/21 10:56:44 AM;2025/11/29 12:00:00 AM;2026/02/16 05:15:49 AM;Adobe Creative Cloud;MEGACAD INGENIERIA Y SISTEMAS SAS;;;2;EM VARIAS;.
OC 45681;OC 45681-02;ASGFK816BYORHASQ6E1ESQ6E1EJM0R;Historical;ADOBE SYSTEMS INCORPORATED;Unallocated;MEGACAD INGENIERIA Y SISTEMAS SAS;EM VARIAS;2025/01/21 10:58:05 AM;2025/11/29 12:00:00 AM;2026/02/16 05:15:51 AM;Acrobat PRO;MEGACAD INGENIERIA Y SISTEMAS SAS;;;3;EM VARIAS;.
OC 45681;OC 45681-03;ASGGY5F7DCJYMASQ6E37SQ6E37A4NO;Historical;ADOBE SYSTEMS INCORPORATED;Unallocated;MEGACAD INGENIERIA Y SISTEMAS SAS;EM VARIAS;2025/01/21 10:59:35 AM;2025/11/29 12:00:00 AM;2026/02/16 05:15:51 AM;Adobe Stock;MEGACAD INGENIERIA Y SISTEMAS SAS;;;1;EM VARIAS;.
OC 45947;OC 45947;ASGGY5F7DCJYMASQ6DSCSQ6DSCZD9A;Historical;Red Hat;Unallocated;SOFTWAREONE;EM VARIAS;2025/01/21 10:47:14 AM;2025/12/20 12:00:00 AM;2026/02/16 05:15:50 AM;Red Hat Enterprise Linux Server Standard;SOFTWAREONE;;;4;EM VARIAS;.
OC 47144;OC 47144-01;ASGJR68LATILOATDCDFBTDCDFB8MUA;Executed;DNNSOFTWARE;Unallocated;ARKIX S.A.;EM VARIAS;2025/09/23 02:23:54 PM;2026/07/14 12:00:00 AM;2025/09/23 02:24:03 PM;DNN EVOQ BASIC PRUEBAS DESARROLLO;ARKIX S.A.;;;1;EM VARIAS;.
OC 47144;OC 47144-02;ASGJR68LATILOATDCDI1TDCDI18PHD;Executed;DNNSOFTWARE;Unallocated;ARKIX S.A.;EM VARIAS;2025/09/23 02:25:25 PM;2026/07/14 12:00:00 AM;2025/09/23 02:25:35 PM;DNN EVOQ BASIC PRUEBAS DESARROLLO;ARKIX S.A.;;;1;EM VARIAS;.
OC-47656;OC-47656-01;ASGBB9V3IYZC0ATDCDMKTDCDMKPJ4V;Executed;Microdyne;Unallocated;MICRODYNE S.A.S.;EM VARIAS;2025/09/23 02:34:18 PM;2026/08/24 12:00:00 AM;2025/09/23 02:34:30 PM;SCRIPT CASE;MICRODYNE S.A.S.;;;2;EM VARIAS;.
OC-479;OC-479-001;ASGADR4FJYMVQAPKBWDKP9ERR3VEX3;Draft;Desconocido;Unallocated;CS CAD DE COLOMBIA LTDA;EDEQ S.A. E.S.P.;2018/12/20 02:43:04 PM;2030/12/05 12:00:00 AM;2020/02/07 09:49:41 AM;AutoCAD 2010  LT Stand Alone-Español;CS CAD DE COLOMBIA LTDA;;;5;EDEQ S.A. E.S.P.;.
OC 48477;OC 48477-01;ASGBB9V3IYZC0ATJ2BFVTJ2BFV4T4X;Executed;BIM LATINOAMERICA SA;Unallocated;BIM LATINOAMERICA SA;EM VARIAS;2026/01/23 02:38:14 PM;2026/10/23 12:00:00 AM;2026/01/23 02:38:23 PM;Sketchup;BIM LATINOAMERICA SA;;;1;EM VARIAS;.
OC 48537;OC 48537-01;ASGBB9V3IYZC0ATJ2FQ0TJ2FQ09NE0;Executed;ADOBE SYSTEMS INCORPORATED;Unallocated;MEGACAD INGENIERIA Y SISTEMAS SAS;EM VARIAS;2026/01/23 04:16:55 PM;2026/11/29 12:00:00 AM;2026/01/23 04:17:04 PM;Adobe Creative Cloud;MEGACAD INGENIERIA Y SISTEMAS SAS;;;2;EM VARIAS;.
OC 48537;OC 48537-02;ASGBB9V3IYZC0ATJ2FOATJ2FOA9LMH;Executed;ADOBE SYSTEMS INCORPORATED;Unallocated;MEGACAD INGENIERIA Y SISTEMAS SAS;EM VARIAS;2026/01/23 04:15:25 PM;2026/11/29 12:00:00 AM;2026/01/23 04:15:34 PM;Acrobat PRO;MEGACAD INGENIERIA Y SISTEMAS SAS;;;3;EM VARIAS;.
OC 48537;OC 48537-03;ASGJR68LATILOATJ2FSRTJ2FSR31JY;Executed;ADOBE SYSTEMS INCORPORATED;Unallocated;MEGACAD INGENIERIA Y SISTEMAS SAS;EM VARIAS;2026/01/23 04:18:32 PM;2026/11/29 12:00:00 AM;2026/01/23 04:18:43 PM;Adobe Stock;MEGACAD INGENIERIA Y SISTEMAS SAS;;;1;EM VARIAS;.
OC 48550;OC 48550-01;ASGCX11BEBAG1ATJ2B9TTJ2B9TNSB2;Executed;AUDISOFT;Unallocated;AUDISOFT;EM VARIAS;2026/01/23 02:46:40 PM;2026/12/31 12:00:00 AM;2026/01/23 02:46:49 PM;Audisoft;AUDISOFT;;;7;EM VARIAS;.
OC 48590;OC 48590-01;ASGJR68LATILOATJ2BP3TJ2BP3JE3Y;Executed;Oracle;Unallocated;IT CROWD SAS;EM VARIAS;2026/01/23 02:49:50 PM;2026/12/17 12:00:00 AM;2026/01/23 02:54:30 PM;Oracle Linux Basic Limited;IT CROWD SAS;;;10;EMPRESAS PUBLICAS DE MEDELLIN E.S.P;.
OC 48593;OC 48593-01;ASGBB9V3IYZC0ATJ2BULTJ2BUL56NH;Executed;Autodesk;Unallocated;MCAD S.A.S;EM VARIAS;2026/01/23 02:52:58 PM;2027/01/20 12:00:00 AM;2026/01/23 02:53:08 PM;AutoCAD;MCAD S.A.S;;;4;EM VARIAS;.
OC 48715;OC 48715-01;ASGJR68LATILOATJ2B1ETJ2B1EIORT;Executed;ESRI COLOMBIA S.A.S.;Unallocated;ESRI COLOMBIA S.A.S.;EM VARIAS;2026/01/23 02:41:23 PM;2026/12/31 12:00:00 AM;2026/01/23 02:41:31 PM;ArcGIS for Desktop Estándar;ESRI COLOMBIA S.A.S.;;;2;EM VARIAS;.
OC 48715;OC 48715-02;ASGCX11BEBAG1ATJ2B37TJ2B37NKA8;Executed;ESRI COLOMBIA S.A.S.;Unallocated;ESRI COLOMBIA S.A.S.;EM VARIAS;2026/01/23 02:42:42 PM;2026/12/31 12:00:00 AM;2026/01/23 02:42:53 PM;ArcGIS for Desktop Estándar Concurrent Primary Mainten;ESRI COLOMBIA S.A.S.;;;1;EM VARIAS;.
OC 48717;OC 48717-01;ASGBB9V3IYZC0ATJ2FJQTJ2FJQ9JU7;Executed;QLIK;Unallocated;Datecsa SA;EM VARIAS;2026/01/23 04:07:15 PM;2026/11/28 12:00:00 AM;2026/01/23 04:07:25 PM;Qlik Sense Software;Datecsa SA;;;1;EM VARIAS;.
OC 48717;OC 48717-02;ASGCX11BEBAG1ATJ2F2TTJ2F2TV6UR;Executed;QLIK;Unallocated;Datecsa SA;EM VARIAS;2026/01/23 04:09:15 PM;2026/11/28 12:00:00 AM;2026/01/23 04:09:24 PM;Qlik Sense Enterprise Professional;Datecsa SA;;;2;EM VARIAS;.
OC 48717;OC 48717-03;ASGBB9V3IYZC0ATJ2F5ZTJ2F5Z95MZ;Executed;QLIK;Unallocated;Datecsa SA;EM VARIAS;2026/01/23 04:11:08 PM;2026/11/28 12:00:00 AM;2026/01/23 04:11:16 PM;Qlik Sense Enterprise Analizer;Datecsa SA;;;2;EM VARIAS;.
OC-49120;OC-49120-01;ASGBB9V3IYZC0ATJ2AQ3TJ2AQ340W4;Executed;Microsoft;Unallocated;CONTROLES EMPRESARIALES LTDA.;EM VARIAS;2026/01/23 02:29:04 PM;2026/12/31 12:00:00 AM;2026/01/23 02:29:32 PM;Identity Manager  User CALSA;CONTROLES EMPRESARIALES LTDA.;;;25;EM VARIAS;.
OC-49120;OC-49120-02;ASGJR68LATILOATJ2AXSTJ2AXSI1C2;Executed;Microsoft;Unallocated;CONTROLES EMPRESARIALES LTDA.;EM VARIAS;2026/01/23 02:33:13 PM;2026/12/31 12:00:00 AM;2026/01/23 02:33:28 PM;Win Server User CALSA;CONTROLES EMPRESARIALES LTDA.;;;55;EM VARIAS;.
OC-49120;OC-49120-03;ASGCX11BEBAG1ATJ2ATUTJ2ATUMLZ8;Executed;Microsoft;Unallocated;CONTROLES EMPRESARIALES LTDA.;EM VARIAS;2026/01/23 02:30:58 PM;2026/12/31 12:00:00 AM;2026/01/23 02:31:07 PM;MS Endpoint Configmgr Clt Mgmt Lic Per User Mgmt LSA;CONTROLES EMPRESARIALES LTDA.;;;35;EM VARIAS;.
OC-49120;OC-49120-04;ASGCX11BEBAG1ATJ2BAATJ2BAAMYJD;Executed;Microsoft;Unallocated;CONTROLES EMPRESARIALES LTDA.;EM VARIAS;2026/01/23 02:34:44 PM;2026/12/31 12:00:00 AM;2026/01/23 02:34:54 PM;Visual Studio;CONTROLES EMPRESARIALES LTDA.;;;1;EM VARIAS;.
OC51546;OC51546-01;ASGADR4FJYMVQAPKRHZKP9UDGI2D4X;Historical;Desconocido;Unallocated;MANAR TECHNOLOGIES;CENS S.A. E.S.P.;2018/12/20 02:18:20 PM;;2026/02/16 05:15:16 AM;Qlik Sense Enterprise;MANAR TECHNOLOGIES;OC 51546;;5;EMPRESAS PUBLICAS DE MEDELLIN E.S.P;.
OC51546;OC51546-02;ASGADR4FJYMVQAPKRHZWP9UDGK2EH7;Historical;Desconocido;Unallocated;Desconocido;CENS S.A. E.S.P.;2018/12/20 02:18:22 PM;;2026/02/16 05:15:20 AM;Qlik View;Desconocido;;;2;EMPRESAS PUBLICAS DE MEDELLIN E.S.P;.
OC-52290;OC-52290-01;ASGADR4FJYMVQAPKRHZUP9UDG92EEJ;Historical;Desconocido;Unallocated;ARON S.A.S;CENS S.A. E.S.P.;2018/12/20 02:18:22 PM;;2026/02/16 05:15:19 AM;SOLIDWORKS 2017;ARON S.A.S;OC-52290;;1;EMPRESAS PUBLICAS DE MEDELLIN E.S.P;.
OC52478;OC52478-1;ASGADR4FJYMVQAPKRHZYP9UDGM2E0X;Historical;Desconocido;Unallocated;CISCO SYSTEMS;CENS S.A. E.S.P.;2018/12/20 02:18:24 PM;;2026/02/16 05:15:21 AM;Cisco Systems VPN Client;CISCO SYSTEMS;OC 52478;;9999;EMPRESAS PUBLICAS DE MEDELLIN E.S.P;.
OC-53715;OC-53715;ASGADR4FJYMVQAPKRHZXP9UDGL2EIW;Historical;Desconocido;Unallocated;GERS S.A.;CENS S.A. E.S.P.;2018/12/20 02:18:24 PM;;2026/02/16 05:15:20 AM;Dran-View;GERS S.A.;;;999999;EMPRESAS PUBLICAS DE MEDELLIN E.S.P;.
OC-57315;OC-57315-02;ASGADR4FJYMVQAPKRHZ3P9UDGC2DCS;Historical;Desconocido;Unallocated;GERS S.A.;CENS S.A. E.S.P.;2018/12/20 02:18:20 PM;;2026/02/16 05:15:17 AM;Dran-View 6;GERS S.A.;;;999999;EMPRESAS PUBLICAS DE MEDELLIN E.S.P;.
OC 73174;OC 73174-001;ASGA9TAFB7LH4AQQGARPQPH3XG46XS;Historical;Desconocido;Unallocated;Desconocido;ESSA S.A. E.S.P.;2021/03/18 07:47:57 AM;2021/04/30 12:00:00 AM;2026/02/16 05:15:38 AM;PIX4D;Desconocido;73174;;1;EMPRESAS PUBLICAS DE MEDELLIN E.S.P;.
OC:8041;OC:8041-1;ASGADR4FJYMVQAPKBWDNP9ERR5VFC6;Executed;Desconocido;02986400;FARBIARZ Y ALVAREZ S.A.;CHEC S.A. E.S.P.;2018/12/20 02:43:04 PM;;2019/01/03 03:06:25 PM;DecisionTools Suite;FARBIARZ Y ALVAREZ S.A.;OC:8041;;2;CHEC S.A. E.S.P.;.
OCB-10761-2011;OCB-10761-2011-01;ASGADR4FJYMVQAPKRHZBP9UDFP2CH1;Historical;Desconocido;Unallocated;BUSINESSMIND COLOMBIA S.A.;CENS S.A. E.S.P.;2018/12/20 02:18:20 PM;;2026/02/16 05:15:16 AM;Toad for Oracle 11.6;BUSINESSMIND COLOMBIA S.A.;;;5;EMPRESAS PUBLICAS DE MEDELLIN E.S.P;.
OT-GAF-UTI-034-252-2010;OT-GAF-UTI-034-252-2010-1;ASGADR4FJYMVQAPKBWDMP9ERR4VFAI;Historical;Desconocido;07986400;SOFTNET S.A.;ESSA S.A. E.S.P.;2018/12/20 02:43:04 PM;2016/09/30 08:00:00 AM;2026/02/16 05:15:25 AM;EViews;SOFTNET S.A.;OT-GAF-UTI-034-252-2010;No aplica;10;ESSA S.A. E.S.P.;.
OT-SAF-ATI-016-195-2011;OT-SAF-ATI-016-195-2011 -1;ASGADR4FJYMVQAPKBWDMP9ERR5VFCB;Executed;Desconocido;07986400;GEOSPATIAL;ESSA S.A. E.S.P.;2018/12/20 02:43:04 PM;;2019/01/03 03:06:31 PM;Autodesk AutoCAD Map 3D;GEOSPATIAL;;;1;ESSA S.A. E.S.P.;.
OT-SAF-ATI-016-195-2011;OT-SAF-ATI-016-195-2011 -2;ASGADR4FJYMVQAPKBWDMP9ERR5VFBI;Executed;Desconocido;07986400;GEOSPATIAL;ESSA S.A. E.S.P.;2018/12/20 02:43:04 PM;;2019/01/03 03:06:30 PM;Autodesk Revit;GEOSPATIAL;;;1;ESSA S.A. E.S.P.;.
OT-SAF-ATI-016-195-2011;OT-SAF-ATI-016-195-2011 -3;ASGADR4FJYMVQAPKBWDNP9ERR6VFCW;Executed;Desconocido;07986400;GEOSPATIAL;ESSA S.A. E.S.P.;2018/12/20 02:43:04 PM;;2019/01/03 03:06:30 PM;Autodesk 3ds Max;GEOSPATIAL;;;1;ESSA S.A. E.S.P.;.
OT-SAF-ATI-016-195-2011;OT-SAF-ATI-016-195-2011 -4;ASGADR4FJYMVQAPKBWDLP9ERR4VEYO;Executed;Desconocido;07986400;COMPUFACIL S.A.;ESSA S.A. E.S.P.;2018/12/20 02:43:04 PM;;2019/01/03 03:06:29 PM;CorelDRAW Graphics Suite X5;COMPUFACIL S.A.;;;275;ESSA S.A. E.S.P.;.
OT-SAF-ATI-032-208-2011;OT-SAF-ATI-032-208-2011-1;ASGADR4FJYMVQAPKBWDLP9ERR4VEZ7;Historical;Desconocido;07986400;Desconocido;ESSA S.A. E.S.P.;2018/12/20 02:43:04 PM;2012/10/24 08:00:00 AM;2026/02/16 05:15:24 AM;Adobe Acrobat X Pro;Desconocido;OT-SAF-ATI-032-208-2011;118-1016-3867-4534-8802-8412;6;ESSA S.A. E.S.P.;.
OT-SAF-ATI-033-209-2011;OT-SAF-ATI-033-209-2011-1;ASGADR4FJYMVQAPKBWDNP9ERR6VFD5;Historical;Desconocido;07986400;HEWLETT PACKARD;ESSA S.A. E.S.P.;2018/12/20 02:43:04 PM;2014/11/14 08:00:00 AM;2026/02/16 05:15:27 AM;Microsoft Visio Standard 2010;HEWLETT PACKARD;OT-SAF-ATI-033-209-2011;Confidencial;5;ESSA S.A. E.S.P.;.
PC 003056;PC 003056-001;ASGADR4FJYMVQAPKRHY4P9UDFC2A8W;Executed;Adobe Inc.;01312004;Desconocido;EMPRESAS PUBLICAS DE MEDELLIN E.S.P;2018/12/20 01:39:21 PM;;2019/01/03 03:06:15 PM;IHMS;Desconocido;;;4;EMPRESAS PUBLICAS DE MEDELLIN E.S.P;.
PC-2010-0180 CT-2010-0472;PC-2010-0180 CT-2010-0472-001;ASGADR4FJYMVQAPKRHZWP9UDGL2EIG;Executed;Adobe Inc.;01930738;Itron;EMPRESAS PUBLICAS DE MEDELLIN E.S.P;2018/12/20 01:39:50 PM;;2025/11/10 05:45:12 PM;WaterMind Supervision Client;Itron;1280451;;1;EMPRESAS PUBLICAS DE MEDELLIN E.S.P;.
PC-2011-007509;PC-2011-007509-001;ASGADR4FJYMVQAPKRHY6P9UDFF2AOZ;Executed;Desconocido;01337280;Desconocido;EMPRESAS PUBLICAS DE MEDELLIN E.S.P;2018/12/20 01:39:26 PM;;2019/01/03 03:06:19 PM;GALVAN;Desconocido;;;1;EMPRESAS PUBLICAS DE MEDELLIN E.S.P;.
R1-CW48431;R1-CW48431-001;ASGADR4FJYMVQAQF0T7CQE2YFQF4QU;Historical;Desconocido;Unallocated;ORACLE COLOMBIA LTDA.;EDEQ S.A. E.S.P.;2020/02/06 04:13:31 PM;2020/02/07 12:00:00 AM;2026/02/16 05:15:34 AM;Oracle Hyperion Strategic Finance;ORACLE COLOMBIA LTDA.;;;1;EMPRESAS PUBLICAS DE MEDELLIN E.S.P;.
R6S19390;R6S19390-1;ASGADR4FJYMVQAPKRHZ5P9UDGE2DFM;Executed;Desconocido;Unallocated;Desconocido;FUNDACION EPM;2018/12/20 01:39:51 PM;;2019/03/27 04:59:38 PM;Microsoft WinPro 7;Desconocido;;;13;EMPRESAS PUBLICAS DE MEDELLIN E.S.P;.
SE-SAF-ATI-0495-13;SE-SAF-ATI-0495-13-1;ASGADR4FJYMVQAPKBWDMP9ERR5VFBK;Executed;Desconocido;07986400;NEWNET S.A.;ESSA S.A. E.S.P.;2018/12/20 02:51:04 PM;;2019/01/03 03:06:30 PM;NovaSev Software Publisher;NEWNET S.A.;;;0;ESSA S.A. E.S.P.;.
